task,system,basis,control,n_hidden,network_seed,converged,accuracy,hidden_unit,best_freq,best_R,best_phase,best_freq_cos,best_R_cos,concentration,null_p,null_mean,null_p95,pitch_height_r,random_r_p95
iran_interval_separate,Iranian-17,dft,none,7,437485271,False,0.8824,0,2,0.7872,-2.4196,2,0.6066,0.437,0.02999,0.6141,0.7682,0.0889,0.4815
iran_interval_separate,Iranian-17,dft,none,7,437485271,False,0.8824,1,6,0.9636,-2.6544,6,0.9124,0.8388,0.0005,0.6145,0.7619,0.0203,0.4699
iran_interval_separate,Iranian-17,dft,none,7,437485271,False,0.8824,2,9,0.9402,-0.7254,9,0.6881,0.5938,0.0005,0.6123,0.7533,0.262,0.4445
iran_interval_separate,Iranian-17,dft,none,7,437485271,False,0.8824,3,5,0.919,0.4585,5,0.825,0.5573,0.0005,0.6079,0.75,0.1886,0.4774
iran_interval_separate,Iranian-17,dft,none,7,437485271,False,0.8824,4,1,0.9495,-1.8122,1,0.2773,0.6152,0.0005,0.6108,0.7474,0.7035,0.4465
iran_interval_separate,Iranian-17,dft,none,7,437485271,False,0.8824,5,8,0.6806,0.7608,8,0.478,0.3236,0.16192,0.6074,0.7448,0.2976,0.4493
iran_interval_separate,Iranian-17,dft,none,7,437485271,False,0.8824,6,12,0.9821,-0.0,12,0.9821,0.6014,0.001,0.6067,0.7435,0.0659,0.5046
iran_interval_separate,Iranian-17,dft,input_shuffled,7,437485271,False,0.8693,0,2,0.8144,-2.859,2,0.7857,0.4698,0.01449,0.6119,0.761,0.0567,0.4659
iran_interval_separate,Iranian-17,dft,input_shuffled,7,437485271,False,0.8693,1,1,0.9556,1.4276,8,0.2076,0.6285,0.0005,0.6158,0.7694,0.8967,0.4454
iran_interval_separate,Iranian-17,dft,input_shuffled,7,437485271,False,0.8693,2,12,0.9699,-0.0,12,0.9699,0.5885,0.001,0.6074,0.7482,0.0395,0.5014
iran_interval_separate,Iranian-17,dft,input_shuffled,7,437485271,False,0.8693,3,7,0.8826,2.3014,7,0.593,0.5175,0.001,0.6031,0.7426,0.0287,0.5346
iran_interval_separate,Iranian-17,dft,input_shuffled,7,437485271,False,0.8693,4,5,0.884,0.7371,5,0.6575,0.5179,0.0015,0.6078,0.7478,0.1949,0.4645
iran_interval_separate,Iranian-17,dft,input_shuffled,7,437485271,False,0.8693,5,6,0.6505,-0.6263,6,0.5901,0.3251,0.2099,0.5947,0.7216,0.0743,0.4567
iran_interval_separate,Iranian-17,dft,input_shuffled,7,437485271,False,0.8693,6,4,0.857,1.0537,4,0.4038,0.5189,0.003,0.6071,0.7491,0.2668,0.49
iran_interval_separate,Iranian-17,dft,label_shuffled,7,437485271,False,0.6405,0,2,0.5385,-1.052,12,0.4121,0.1971,0.82059,0.6071,0.744,0.0933,0.4796
iran_interval_separate,Iranian-17,dft,label_shuffled,7,437485271,False,0.6405,1,7,0.5592,-0.1859,7,0.5496,0.2109,0.70215,0.6062,0.7526,0.2108,0.5067
iran_interval_separate,Iranian-17,dft,label_shuffled,7,437485271,False,0.6405,2,7,0.6142,1.0695,8,0.4864,0.2535,0.36032,0.5947,0.7211,0.1131,0.5117
iran_interval_separate,Iranian-17,dft,label_shuffled,7,437485271,False,0.6405,3,7,0.6473,0.3923,7,0.5977,0.289,0.28386,0.6081,0.7559,0.0009,0.4548
iran_interval_separate,Iranian-17,dft,label_shuffled,7,437485271,False,0.6405,4,6,0.5727,-1.7715,10,0.3375,0.2177,0.63818,0.6057,0.7439,0.126,0.476
iran_interval_separate,Iranian-17,dft,label_shuffled,7,437485271,False,0.6405,5,8,0.7009,-2.6763,8,0.6181,0.3396,0.12544,0.6072,0.7552,0.3508,0.5009
iran_interval_separate,Iranian-17,dft,label_shuffled,7,437485271,False,0.6405,6,11,0.4968,1.5911,12,0.3767,0.1713,0.93703,0.5967,0.7238,0.3309,0.4886
iran_interval_separate,Iranian-17,dft,none,7,100137606,False,0.8431,0,6,0.9341,3.0115,6,0.9308,0.8161,0.0005,0.6125,0.7649,0.067,0.4413
iran_interval_separate,Iranian-17,dft,none,7,100137606,False,0.8431,1,9,0.9608,-2.5185,9,0.7909,0.6731,0.0005,0.6133,0.7674,0.0818,0.4979
iran_interval_separate,Iranian-17,dft,none,7,100137606,False,0.8431,2,2,0.6021,2.0657,1,0.4712,0.2488,0.52424,0.6156,0.7667,0.1391,0.4931
iran_interval_separate,Iranian-17,dft,none,7,100137606,False,0.8431,3,5,0.9373,-2.9726,5,0.924,0.5954,0.0005,0.6097,0.7572,0.1602,0.4635
iran_interval_separate,Iranian-17,dft,none,7,100137606,False,0.8431,4,12,0.9508,3.1416,12,0.9508,0.5753,0.0005,0.6045,0.7476,0.1444,0.4683
iran_interval_separate,Iranian-17,dft,none,7,100137606,False,0.8431,5,1,0.92,-1.4846,7,0.2408,0.5846,0.0015,0.6152,0.7625,0.859,0.4925
iran_interval_separate,Iranian-17,dft,none,7,100137606,False,0.8431,6,2,0.7552,3.046,2,0.7521,0.4015,0.05947,0.6137,0.7639,0.039,0.482
iran_interval_separate,Iranian-17,dft,input_shuffled,7,100137606,False,0.8562,0,8,0.6727,-0.723,8,0.4903,0.3265,0.2044,0.6115,0.7634,0.0117,0.5303
iran_interval_separate,Iranian-17,dft,input_shuffled,7,100137606,False,0.8562,1,4,0.7422,0.81,4,0.4947,0.3809,0.07846,0.6118,0.7686,0.1911,0.5112
iran_interval_separate,Iranian-17,dft,input_shuffled,7,100137606,False,0.8562,2,12,0.9748,-0.0,12,0.9748,0.5951,0.0005,0.6049,0.7396,0.0881,0.4513
iran_interval_separate,Iranian-17,dft,input_shuffled,7,100137606,False,0.8562,3,5,0.9575,-2.6077,5,0.8257,0.6161,0.0005,0.6065,0.7533,0.1905,0.426
iran_interval_separate,Iranian-17,dft,input_shuffled,7,100137606,False,0.8562,4,2,0.8708,-0.7776,2,0.6393,0.5289,0.0045,0.6139,0.7638,0.271,0.4755
iran_interval_separate,Iranian-17,dft,input_shuffled,7,100137606,False,0.8562,5,1,0.9442,1.3341,1,0.2716,0.6311,0.0005,0.6113,0.7601,0.809,0.4982
iran_interval_separate,Iranian-17,dft,input_shuffled,7,100137606,False,0.8562,6,7,0.9121,1.0934,7,0.412,0.5583,0.0005,0.6097,0.7601,0.0492,0.4607
iran_interval_separate,Iranian-17,dft,label_shuffled,7,100137606,False,0.6471,0,4,0.5091,0.9218,12,0.4721,0.1782,0.91354,0.607,0.7449,0.0837,0.4742
iran_interval_separate,Iranian-17,dft,label_shuffled,7,100137606,False,0.6471,1,11,0.5293,1.9758,10,0.3308,0.1944,0.83958,0.6015,0.7359,0.1253,0.4763
iran_interval_separate,Iranian-17,dft,label_shuffled,7,100137606,False,0.6471,2,7,0.5416,-0.4918,7,0.4781,0.2016,0.77911,0.6022,0.7431,0.0621,0.5127
iran_interval_separate,Iranian-17,dft,label_shuffled,7,100137606,False,0.6471,3,7,0.5348,1.9821,11,0.4725,0.2054,0.82559,0.6064,0.7508,0.5519,0.4848
iran_interval_separate,Iranian-17,dft,label_shuffled,7,100137606,False,0.6471,4,11,0.5765,-3.0752,11,0.5753,0.2317,0.58521,0.6015,0.7362,0.0448,0.4732
iran_interval_separate,Iranian-17,dft,label_shuffled,7,100137606,False,0.6471,5,5,0.5383,-3.1169,5,0.5382,0.1983,0.74063,0.5858,0.7019,0.0291,0.4445
iran_interval_separate,Iranian-17,dft,label_shuffled,7,100137606,False,0.6471,6,9,0.4848,0.7267,11,0.444,0.1728,0.96302,0.5973,0.7282,0.2926,0.502
iran_interval_separate,Iranian-17,dft,none,7,415574642,False,0.915,0,5,0.8958,0.4292,5,0.8153,0.545,0.0015,0.6079,0.7523,0.2202,0.52
iran_interval_separate,Iranian-17,dft,none,7,415574642,False,0.915,1,10,0.7628,-0.876,10,0.5063,0.3996,0.05397,0.6154,0.7651,0.1663,0.4176
iran_interval_separate,Iranian-17,dft,none,7,415574642,False,0.915,2,10,0.6924,-2.9767,10,0.6841,0.3442,0.14743,0.6066,0.7583,0.1258,0.487
iran_interval_separate,Iranian-17,dft,none,7,415574642,False,0.915,3,1,0.9182,1.4689,3,0.2783,0.5912,0.0005,0.6108,0.7523,0.7933,0.4541
iran_interval_separate,Iranian-17,dft,none,7,415574642,False,0.915,4,12,0.976,-0.0,12,0.976,0.5926,0.0005,0.6064,0.7392,0.0491,0.4457
iran_interval_separate,Iranian-17,dft,none,7,415574642,False,0.915,5,8,0.7421,2.3603,8,0.5103,0.3846,0.06697,0.6098,0.7639,0.094,0.4289
iran_interval_separate,Iranian-17,dft,none,7,415574642,False,0.915,6,5,0.6792,-1.4156,7,0.2632,0.3145,0.16742,0.6042,0.7385,0.1588,0.5034
iran_interval_separate,Iranian-17,dft,input_shuffled,7,415574642,False,0.8889,0,1,0.9202,1.4104,9,0.2203,0.6036,0.0015,0.6128,0.7554,0.8609,0.4376
iran_interval_separate,Iranian-17,dft,input_shuffled,7,415574642,False,0.8889,1,4,0.8237,0.7188,4,0.6028,0.477,0.01999,0.6175,0.7753,0.1389,0.4386
iran_interval_separate,Iranian-17,dft,input_shuffled,7,415574642,False,0.8889,2,10,0.6949,2.6908,10,0.6326,0.3344,0.15492,0.612,0.7671,0.0264,0.4347
iran_interval_separate,Iranian-17,dft,input_shuffled,7,415574642,False,0.8889,3,1,0.8925,2.8791,1,0.8611,0.5353,0.001,0.6129,0.7685,0.096,0.5177
iran_interval_separate,Iranian-17,dft,input_shuffled,7,415574642,False,0.8889,4,1,0.8623,-0.3317,1,0.8136,0.5076,0.003,0.6074,0.7469,0.1517,0.4602
iran_interval_separate,Iranian-17,dft,input_shuffled,7,415574642,False,0.8889,5,12,0.9468,3.1416,12,0.9468,0.5622,0.001,0.6105,0.7544,0.1822,0.4745
iran_interval_separate,Iranian-17,dft,input_shuffled,7,415574642,False,0.8889,6,7,0.9354,2.7031,7,0.8477,0.5814,0.0005,0.6087,0.7441,0.0765,0.4732
iran_interval_separate,Iranian-17,dft,label_shuffled,7,415574642,False,0.634,0,11,0.6867,2.58,11,0.5874,0.3027,0.09345,0.5873,0.7114,0.0044,0.4582
iran_interval_separate,Iranian-17,dft,label_shuffled,7,415574642,False,0.634,1,12,0.6058,3.1416,12,0.6058,0.251,0.41979,0.5969,0.7235,0.0116,0.5612
iran_interval_separate,Iranian-17,dft,label_shuffled,7,415574642,False,0.634,2,5,0.562,-2.0374,12,0.4014,0.2197,0.5947,0.5834,0.7,0.133,0.4892
iran_interval_separate,Iranian-17,dft,label_shuffled,7,415574642,False,0.634,3,10,0.55,-0.5716,10,0.4708,0.207,0.75012,0.6086,0.7534,0.0896,0.479
iran_interval_separate,Iranian-17,dft,label_shuffled,7,415574642,False,0.634,4,3,0.7002,-0.0612,3,0.6989,0.344,0.10495,0.602,0.7371,0.164,0.4975
iran_interval_separate,Iranian-17,dft,label_shuffled,7,415574642,False,0.634,5,6,0.4713,-2.4999,5,0.4381,0.1615,0.97751,0.6031,0.7422,0.1831,0.4789
iran_interval_separate,Iranian-17,dft,label_shuffled,7,415574642,False,0.634,6,9,0.7554,1.3707,4,0.2725,0.3926,0.02249,0.6004,0.7249,0.4134,0.4889
iran_interval_separate,Iranian-17,dft,none,7,1526380370,False,0.9281,0,1,0.9152,-1.6493,3,0.2876,0.5851,0.001,0.6117,0.756,0.7653,0.4321
iran_interval_separate,Iranian-17,dft,none,7,1526380370,False,0.9281,1,12,0.9669,-0.0,12,0.9669,0.5831,0.001,0.6046,0.7425,0.1267,0.4949
iran_interval_separate,Iranian-17,dft,none,7,1526380370,False,0.9281,2,5,0.8913,-2.4839,5,0.7077,0.5365,0.001,0.6086,0.7505,0.2145,0.4154
iran_interval_separate,Iranian-17,dft,none,7,1526380370,False,0.9281,3,9,0.7292,-0.6268,9,0.5824,0.3608,0.09245,0.6167,0.7681,0.0523,0.457
iran_interval_separate,Iranian-17,dft,none,7,1526380370,False,0.9281,4,10,0.9703,-2.5607,10,0.8259,0.6731,0.0005,0.6124,0.7598,0.1683,0.4432
iran_interval_separate,Iranian-17,dft,none,7,1526380370,False,0.9281,5,6,0.817,-0.0695,6,0.8162,0.5788,0.01799,0.6131,0.7618,0.1237,0.4997
iran_interval_separate,Iranian-17,dft,none,7,1526380370,False,0.9281,6,1,0.7971,-0.6742,1,0.6113,0.428,0.01099,0.6002,0.7349,0.4717,0.4777
iran_interval_separate,Iranian-17,dft,input_shuffled,7,1526380370,False,0.8627,0,1,0.9511,1.5253,8,0.1762,0.6251,0.0005,0.6147,0.7651,0.868,0.4353
iran_interval_separate,Iranian-17,dft,input_shuffled,7,1526380370,False,0.8627,1,1,0.6254,2.7169,1,0.5674,0.2691,0.3988,0.6159,0.7639,0.0785,0.5162
iran_interval_separate,Iranian-17,dft,input_shuffled,7,1526380370,False,0.8627,2,4,0.8072,0.7301,4,0.5843,0.4584,0.02199,0.6148,0.7619,0.1536,0.427
iran_interval_separate,Iranian-17,dft,input_shuffled,7,1526380370,False,0.8627,3,5,0.9152,0.585,5,0.7647,0.5724,0.0005,0.6015,0.7291,0.1967,0.4917
iran_interval_separate,Iranian-17,dft,input_shuffled,7,1526380370,False,0.8627,4,2,0.8435,-2.9764,2,0.8333,0.5125,0.006,0.6102,0.7516,0.1345,0.4951
iran_interval_separate,Iranian-17,dft,input_shuffled,7,1526380370,False,0.8627,5,12,0.9675,3.1416,12,0.9675,0.5855,0.0005,0.6063,0.7422,0.1462,0.4596
iran_interval_separate,Iranian-17,dft,input_shuffled,7,1526380370,False,0.8627,6,2,0.9332,-1.4653,7,0.2228,0.5714,0.001,0.6105,0.7591,0.3594,0.4862
iran_interval_separate,Iranian-17,dft,label_shuffled,7,1526380370,False,0.6471,0,9,0.8103,1.8139,11,0.3806,0.4666,0.008,0.6027,0.742,0.3196,0.4872
iran_interval_separate,Iranian-17,dft,label_shuffled,7,1526380370,False,0.6471,1,8,0.5113,-2.4027,4,0.4273,0.1809,0.90205,0.5971,0.725,0.514,0.4328
iran_interval_separate,Iranian-17,dft,label_shuffled,7,1526380370,False,0.6471,2,5,0.5969,-1.3289,8,0.3519,0.2428,0.54023,0.6153,0.7681,0.0385,0.4653
iran_interval_separate,Iranian-17,dft,label_shuffled,7,1526380370,False,0.6471,3,6,0.566,0.9826,6,0.4079,0.2248,0.66517,0.6053,0.7405,0.0894,0.4523
iran_interval_separate,Iranian-17,dft,label_shuffled,7,1526380370,False,0.6471,4,7,0.561,-2.6707,7,0.4994,0.2217,0.66217,0.5963,0.7287,0.2492,0.471
iran_interval_separate,Iranian-17,dft,label_shuffled,7,1526380370,False,0.6471,5,10,0.4935,-2.1147,6,0.444,0.1765,0.95552,0.6012,0.736,0.2121,0.4321
iran_interval_separate,Iranian-17,dft,label_shuffled,7,1526380370,False,0.6471,6,5,0.6139,1.2307,1,0.3959,0.2599,0.43978,0.6083,0.7453,0.2146,0.4992
iran_interval_separate,Iranian-17,dft,none,7,128320246,False,0.8758,0,3,0.8408,-2.9105,3,0.8179,0.495,0.009,0.6125,0.7565,0.0489,0.4757
iran_interval_separate,Iranian-17,dft,none,7,128320246,False,0.8758,1,1,0.9251,1.3004,1,0.2949,0.5818,0.0015,0.612,0.7624,0.795,0.457
iran_interval_separate,Iranian-17,dft,none,7,128320246,False,0.8758,2,9,0.6915,0.1432,9,0.6846,0.323,0.16792,0.6111,0.7531,0.0892,0.4595
iran_interval_separate,Iranian-17,dft,none,7,128320246,False,0.8758,3,7,0.9796,2.6891,7,0.8819,0.6325,0.0005,0.6091,0.7455,0.1346,0.4834
iran_interval_separate,Iranian-17,dft,none,7,128320246,False,0.8758,4,10,0.7453,2.0338,10,0.3498,0.3671,0.07496,0.6124,0.7673,0.2288,0.485
iran_interval_separate,Iranian-17,dft,none,7,128320246,False,0.8758,5,8,0.5684,2.0373,7,0.5154,0.2268,0.64768,0.6041,0.7407,0.2247,0.5309
iran_interval_separate,Iranian-17,dft,none,7,128320246,False,0.8758,6,12,0.9714,-0.0,12,0.9714,0.589,0.0005,0.6097,0.7451,0.1146,0.516
iran_interval_separate,Iranian-17,dft,input_shuffled,7,128320246,False,0.8954,0,10,0.8464,-0.1427,10,0.8388,0.5068,0.0025,0.6026,0.7413,0.3738,0.486
iran_interval_separate,Iranian-17,dft,input_shuffled,7,128320246,False,0.8954,1,8,0.7366,-0.5206,8,0.6288,0.3815,0.05797,0.6051,0.7442,0.263,0.5432
iran_interval_separate,Iranian-17,dft,input_shuffled,7,128320246,False,0.8954,2,2,0.8425,0.0657,2,0.8409,0.5105,0.005,0.6124,0.7623,0.0897,0.4548
iran_interval_separate,Iranian-17,dft,input_shuffled,7,128320246,False,0.8954,3,1,0.8788,1.5533,9,0.1949,0.5459,0.0015,0.6084,0.7529,0.7472,0.4768
iran_interval_separate,Iranian-17,dft,input_shuffled,7,128320246,False,0.8954,4,8,0.9511,1.993,8,0.3698,0.6568,0.0005,0.6157,0.7668,0.1183,0.4553
iran_interval_separate,Iranian-17,dft,input_shuffled,7,128320246,False,0.8954,5,12,0.9548,3.1416,12,0.9548,0.5731,0.001,0.6059,0.7399,0.1274,0.4784
iran_interval_separate,Iranian-17,dft,input_shuffled,7,128320246,False,0.8954,6,5,0.9495,-2.1884,5,0.5556,0.61,0.0005,0.6084,0.7462,0.2385,0.4976
iran_interval_separate,Iranian-17,dft,label_shuffled,7,128320246,False,0.6536,0,12,0.6188,3.1416,12,0.6188,0.2446,0.33533,0.5955,0.7298,0.1419,0.4657
iran_interval_separate,Iranian-17,dft,label_shuffled,7,128320246,False,0.6536,1,2,0.54,1.6248,5,0.5214,0.2058,0.78611,0.6021,0.7351,0.0354,0.5053
iran_interval_separate,Iranian-17,dft,label_shuffled,7,128320246,False,0.6536,2,4,0.6804,2.1022,6,0.4332,0.3446,0.17241,0.607,0.7534,0.255,0.4718
iran_interval_separate,Iranian-17,dft,label_shuffled,7,128320246,False,0.6536,3,10,0.5698,-1.8721,7,0.5197,0.2284,0.65667,0.607,0.7454,0.1781,0.5079
iran_interval_separate,Iranian-17,dft,label_shuffled,7,128320246,False,0.6536,4,10,0.7523,-1.4591,3,0.4247,0.3866,0.04648,0.6077,0.7474,0.251,0.4563
iran_interval_separate,Iranian-17,dft,label_shuffled,7,128320246,False,0.6536,5,4,0.6448,2.7976,4,0.6025,0.2695,0.15842,0.5794,0.7,0.1281,0.4356
iran_interval_separate,Iranian-17,dft,label_shuffled,7,128320246,False,0.6536,6,5,0.6015,-0.4309,5,0.546,0.2406,0.47976,0.6055,0.7418,0.2278,0.4693
iran_interval_separate,Iranian-17,dft,none,7,1136854445,False,0.8758,0,1,0.9076,1.0178,1,0.5088,0.5731,0.0025,0.6154,0.7701,0.7957,0.4976
iran_interval_separate,Iranian-17,dft,none,7,1136854445,False,0.8758,1,7,0.8858,-0.5319,7,0.7647,0.5309,0.001,0.6041,0.7406,0.0304,0.5114
iran_interval_separate,Iranian-17,dft,none,7,1136854445,False,0.8758,2,5,0.9258,0.5713,5,0.7804,0.5787,0.0005,0.6013,0.7334,0.1741,0.4779
iran_interval_separate,Iranian-17,dft,none,7,1136854445,False,0.8758,3,12,0.9159,-0.0,12,0.9159,0.5304,0.001,0.6104,0.7519,0.0543,0.4663
iran_interval_separate,Iranian-17,dft,none,7,1136854445,False,0.8758,4,9,0.7473,-0.1939,9,0.7331,0.387,0.07196,0.6136,0.7656,0.2247,0.4462
iran_interval_separate,Iranian-17,dft,none,7,1136854445,False,0.8758,5,12,0.9004,3.1416,12,0.9004,0.513,0.0005,0.6023,0.7348,0.07,0.4583
iran_interval_separate,Iranian-17,dft,none,7,1136854445,False,0.8758,6,6,0.9065,2.918,6,0.897,0.7508,0.0005,0.6164,0.7612,0.0064,0.5003
iran_interval_separate,Iranian-17,dft,input_shuffled,7,1136854445,False,0.8954,0,1,0.9775,-1.9486,1,0.4057,0.6654,0.0005,0.616,0.7699,0.8179,0.4657
iran_interval_separate,Iranian-17,dft,input_shuffled,7,1136854445,False,0.8954,1,5,0.8824,0.6255,5,0.7174,0.5168,0.0015,0.6064,0.7571,0.2804,0.4553
iran_interval_separate,Iranian-17,dft,input_shuffled,7,1136854445,False,0.8954,2,12,0.9577,-0.0,12,0.9577,0.5758,0.0005,0.6051,0.7545,0.0151,0.4716
iran_interval_separate,Iranian-17,dft,input_shuffled,7,1136854445,False,0.8954,3,1,0.8259,3.0874,1,0.8247,0.4497,0.01049,0.6125,0.7517,0.0682,0.4724
iran_interval_separate,Iranian-17,dft,input_shuffled,7,1136854445,False,0.8954,4,6,0.918,2.948,6,0.9109,0.7822,0.0005,0.6123,0.7653,0.057,0.4528
iran_interval_separate,Iranian-17,dft,input_shuffled,7,1136854445,False,0.8954,5,8,0.6555,2.3355,8,0.4389,0.2975,0.23838,0.6076,0.7487,0.1206,0.4504
iran_interval_separate,Iranian-17,dft,input_shuffled,7,1136854445,False,0.8954,6,9,0.7227,3.062,9,0.7204,0.3633,0.09545,0.6093,0.7576,0.2312,0.4554
iran_interval_separate,Iranian-17,dft,label_shuffled,7,1136854445,False,0.6405,0,8,0.5654,-0.5459,8,0.4747,0.2261,0.50525,0.574,0.6868,0.102,0.4779
iran_interval_separate,Iranian-17,dft,label_shuffled,7,1136854445,False,0.6405,1,4,0.6897,-1.1746,9,0.4044,0.34,0.12894,0.6025,0.7425,0.1476,0.4781
iran_interval_separate,Iranian-17,dft,label_shuffled,7,1136854445,False,0.6405,2,5,0.6496,-2.8898,5,0.6292,0.286,0.24538,0.6026,0.73,0.0558,0.4819
iran_interval_separate,Iranian-17,dft,label_shuffled,7,1136854445,False,0.6405,3,7,0.6228,0.1762,7,0.6131,0.269,0.36782,0.6042,0.7384,0.1021,0.4771
iran_interval_separate,Iranian-17,dft,label_shuffled,7,1136854445,False,0.6405,4,5,0.5503,1.915,10,0.4454,0.215,0.73913,0.6029,0.7424,0.528,0.4342
iran_interval_separate,Iranian-17,dft,label_shuffled,7,1136854445,False,0.6405,5,1,0.5695,0.4555,1,0.5144,0.2176,0.64068,0.6035,0.7374,0.3018,0.4788
iran_interval_separate,Iranian-17,dft,label_shuffled,7,1136854445,False,0.6405,6,9,0.5344,2.5381,9,0.4346,0.2023,0.8016,0.5995,0.7316,0.3741,0.5174
iran_interval_separate,Iranian-17,dft,none,7,626362257,False,0.9085,0,5,0.6738,-2.5372,5,0.5558,0.3127,0.15942,0.5998,0.7372,0.0317,0.4742
iran_interval_separate,Iranian-17,dft,none,7,626362257,False,0.9085,1,9,0.9301,0.9314,9,0.5812,0.6242,0.0005,0.6076,0.7515,0.1831,0.4978
iran_interval_separate,Iranian-17,dft,none,7,626362257,False,0.9085,2,2,0.6934,-1.679,1,0.3044,0.3288,0.16792,0.6142,0.7623,0.0061,0.4547
iran_interval_separate,Iranian-17,dft,none,7,626362257,False,0.9085,3,12,0.989,-0.0,12,0.989,0.6078,0.002,0.607,0.7419,0.0397,0.4341
iran_interval_separate,Iranian-17,dft,none,7,626362257,False,0.9085,4,7,0.9094,-0.5921,7,0.7563,0.5547,0.0005,0.6092,0.7581,0.0113,0.4698
iran_interval_separate,Iranian-17,dft,none,7,626362257,False,0.9085,5,1,0.9565,-1.6878,8,0.2009,0.6325,0.0005,0.6129,0.7594,0.7896,0.4876
iran_interval_separate,Iranian-17,dft,none,7,626362257,False,0.9085,6,2,0.9299,1.6409,6,0.2613,0.5871,0.0005,0.6095,0.7439,0.453,0.5078
iran_interval_separate,Iranian-17,dft,input_shuffled,7,626362257,False,0.902,0,12,0.9763,-0.0,12,0.9763,0.5936,0.0005,0.6084,0.7396,0.0365,0.5145
iran_interval_separate,Iranian-17,dft,input_shuffled,7,626362257,False,0.902,1,4,0.8536,0.8813,4,0.5227,0.5156,0.0075,0.6178,0.7648,0.1867,0.4339
iran_interval_separate,Iranian-17,dft,input_shuffled,7,626362257,False,0.902,2,10,0.8279,-2.1334,10,0.4614,0.4681,0.0065,0.6061,0.7408,0.1318,0.4967
iran_interval_separate,Iranian-17,dft,input_shuffled,7,626362257,False,0.902,3,7,0.6339,2.5461,7,0.526,0.2872,0.29935,0.6003,0.729,0.1172,0.4676
iran_interval_separate,Iranian-17,dft,input_shuffled,7,626362257,False,0.902,4,5,0.7771,3.0972,5,0.7763,0.4169,0.02549,0.6069,0.7469,0.0526,0.4419
iran_interval_separate,Iranian-17,dft,input_shuffled,7,626362257,False,0.902,5,1,0.9036,1.6859,7,0.207,0.5605,0.0025,0.6138,0.7661,0.838,0.4093
iran_interval_separate,Iranian-17,dft,input_shuffled,7,626362257,False,0.902,6,6,0.8251,0.1458,6,0.8214,0.5921,0.01149,0.61,0.7594,0.2493,0.4756
iran_interval_separate,Iranian-17,dft,label_shuffled,7,626362257,False,0.6536,0,11,0.6947,1.1532,5,0.3752,0.3332,0.11844,0.6057,0.7349,0.3363,0.5327
iran_interval_separate,Iranian-17,dft,label_shuffled,7,626362257,False,0.6536,1,3,0.7,-0.5273,3,0.6099,0.3539,0.11594,0.6021,0.7437,0.15,0.4674
iran_interval_separate,Iranian-17,dft,label_shuffled,7,626362257,False,0.6536,2,1,0.5206,0.0281,1,0.5203,0.1828,0.86157,0.595,0.7247,0.2425,0.5005
iran_interval_separate,Iranian-17,dft,label_shuffled,7,626362257,False,0.6536,3,2,0.5789,-2.6518,2,0.5177,0.2383,0.57821,0.6055,0.7503,0.1373,0.4783
iran_interval_separate,Iranian-17,dft,label_shuffled,7,626362257,False,0.6536,4,10,0.6959,2.8401,10,0.668,0.351,0.05697,0.5851,0.703,0.0927,0.4471
iran_interval_separate,Iranian-17,dft,label_shuffled,7,626362257,False,0.6536,5,10,0.5745,1.2585,11,0.42,0.2341,0.63318,0.6065,0.7485,0.2763,0.4588
iran_interval_separate,Iranian-17,dft,label_shuffled,7,626362257,False,0.6536,6,4,0.595,1.9302,9,0.4309,0.2484,0.50275,0.6025,0.7326,0.5993,0.4669
iran_interval_separate,Iranian-17,dft,none,7,789110592,False,0.915,0,5,0.8927,0.3793,5,0.8297,0.5433,0.0025,0.6151,0.7594,0.2034,0.5262
iran_interval_separate,Iranian-17,dft,none,7,789110592,False,0.915,1,10,0.5527,-3.0869,10,0.552,0.2112,0.73413,0.6038,0.74,0.2017,0.4785
iran_interval_separate,Iranian-17,dft,none,7,789110592,False,0.915,2,3,0.7927,-1.1408,9,0.4067,0.4455,0.01449,0.6037,0.7421,0.0038,0.4672
iran_interval_separate,Iranian-17,dft,none,7,789110592,False,0.915,3,9,0.7444,-0.741,9,0.5364,0.3742,0.05497,0.6086,0.7481,0.069,0.4691
iran_interval_separate,Iranian-17,dft,none,7,789110592,False,0.915,4,2,0.9213,-1.6012,6,0.2579,0.5701,0.0015,0.6129,0.7617,0.3773,0.5222
iran_interval_separate,Iranian-17,dft,none,7,789110592,False,0.915,5,1,0.9052,-1.8588,1,0.3032,0.5541,0.001,0.6137,0.7687,0.8333,0.5138
iran_interval_separate,Iranian-17,dft,none,7,789110592,False,0.915,6,12,0.979,3.1416,12,0.979,0.594,0.0005,0.6068,0.7447,0.1177,0.4329
iran_interval_separate,Iranian-17,dft,input_shuffled,7,789110592,False,0.8497,0,6,0.9565,2.4505,6,0.8449,0.7646,0.001,0.6127,0.7563,0.144,0.4565
iran_interval_separate,Iranian-17,dft,input_shuffled,7,789110592,False,0.8497,1,5,0.8467,3.108,5,0.8463,0.4709,0.004,0.606,0.751,0.078,0.5196
iran_interval_separate,Iranian-17,dft,input_shuffled,7,789110592,False,0.8497,2,8,0.748,-2.7339,8,0.6796,0.3829,0.06197,0.6104,0.7613,0.2627,0.4618
iran_interval_separate,Iranian-17,dft,input_shuffled,7,789110592,False,0.8497,3,12,0.9631,-0.0,12,0.9631,0.5794,0.002,0.6099,0.7476,0.0762,0.5108
iran_interval_separate,Iranian-17,dft,input_shuffled,7,789110592,False,0.8497,4,2,0.8312,-1.3365,5,0.2584,0.4693,0.01249,0.6131,0.769,0.2768,0.5099
iran_interval_separate,Iranian-17,dft,input_shuffled,7,789110592,False,0.8497,5,1,0.9593,-1.4162,10,0.1786,0.6299,0.0005,0.6101,0.7595,0.7695,0.5021
iran_interval_separate,Iranian-17,dft,input_shuffled,7,789110592,False,0.8497,6,1,0.7016,0.6742,1,0.5581,0.3443,0.10045,0.6035,0.7391,0.4748,0.4576
iran_interval_separate,Iranian-17,dft,label_shuffled,7,789110592,False,0.634,0,4,0.5364,-0.9851,7,0.4553,0.2019,0.8076,0.6035,0.7453,0.1245,0.467
iran_interval_separate,Iranian-17,dft,label_shuffled,7,789110592,False,0.634,1,1,0.6255,2.5213,1,0.5018,0.2683,0.35732,0.6052,0.7462,0.1769,0.494
iran_interval_separate,Iranian-17,dft,label_shuffled,7,789110592,False,0.634,2,1,0.5276,2.6969,6,0.4898,0.2114,0.84808,0.6038,0.7436,0.112,0.4723
iran_interval_separate,Iranian-17,dft,label_shuffled,7,789110592,False,0.634,3,2,0.6771,-0.5529,2,0.5858,0.3163,0.13593,0.5972,0.7175,0.0804,0.511
iran_interval_separate,Iranian-17,dft,label_shuffled,7,789110592,False,0.634,4,9,0.5985,-2.312,7,0.4629,0.2437,0.49175,0.6051,0.7424,0.0327,0.4898
iran_interval_separate,Iranian-17,dft,label_shuffled,7,789110592,False,0.634,5,12,0.5065,3.1416,12,0.5065,0.1748,0.93703,0.6096,0.7555,0.2178,0.504
iran_interval_separate,Iranian-17,dft,label_shuffled,7,789110592,False,0.634,6,3,0.5995,1.5271,11,0.3379,0.2518,0.48876,0.6063,0.7489,0.0489,0.478
iran_interval_separate,Iranian-17,dft,none,7,118407940,False,0.8889,0,12,0.956,-0.0,12,0.956,0.5735,0.0005,0.61,0.7542,0.0654,0.4944
iran_interval_separate,Iranian-17,dft,none,7,118407940,False,0.8889,1,1,0.8909,-1.7287,8,0.3473,0.5626,0.002,0.6109,0.7607,0.8497,0.4674
iran_interval_separate,Iranian-17,dft,none,7,118407940,False,0.8889,2,6,0.7885,2.5585,6,0.7262,0.5017,0.01749,0.6046,0.7429,0.1635,0.4703
iran_interval_separate,Iranian-17,dft,none,7,118407940,False,0.8889,3,5,0.9313,0.5829,5,0.7792,0.5818,0.0005,0.6102,0.7507,0.2555,0.4902
iran_interval_separate,Iranian-17,dft,none,7,118407940,False,0.8889,4,10,0.8817,-3.0714,10,0.8798,0.5639,0.0015,0.6138,0.7619,0.2586,0.4776
iran_interval_separate,Iranian-17,dft,none,7,118407940,False,0.8889,5,4,0.7536,1.0812,11,0.4515,0.4039,0.04648,0.6093,0.7486,0.0226,0.4565
iran_interval_separate,Iranian-17,dft,none,7,118407940,False,0.8889,6,3,0.9283,-2.4746,3,0.7171,0.5785,0.0005,0.6137,0.7674,0.0653,0.5059
iran_interval_separate,Iranian-17,dft,input_shuffled,7,118407940,False,0.8889,0,12,0.9705,-0.0,12,0.9705,0.5889,0.0005,0.6074,0.7463,0.1228,0.4537
iran_interval_separate,Iranian-17,dft,input_shuffled,7,118407940,False,0.8889,1,6,0.8703,-0.357,6,0.8464,0.6648,0.0025,0.612,0.7614,0.0021,0.4423
iran_interval_separate,Iranian-17,dft,input_shuffled,7,118407940,False,0.8889,2,7,0.9632,0.6081,7,0.7885,0.6305,0.0005,0.6091,0.7535,0.1989,0.4434
iran_interval_separate,Iranian-17,dft,input_shuffled,7,118407940,False,0.8889,3,5,0.9074,-2.514,5,0.7366,0.5495,0.001,0.6164,0.7647,0.1837,0.4648
iran_interval_separate,Iranian-17,dft,input_shuffled,7,118407940,False,0.8889,4,4,0.9058,1.1401,4,0.3589,0.5852,0.001,0.6133,0.7586,0.1977,0.4773
iran_interval_separate,Iranian-17,dft,input_shuffled,7,118407940,False,0.8889,5,10,0.7996,-0.3578,10,0.7544,0.4497,0.02799,0.6171,0.7655,0.1366,0.4865
iran_interval_separate,Iranian-17,dft,input_shuffled,7,118407940,False,0.8889,6,1,0.9104,-1.466,7,0.2479,0.5686,0.0005,0.6164,0.7729,0.859,0.4982
iran_interval_separate,Iranian-17,dft,label_shuffled,7,118407940,False,0.6471,0,3,0.5911,-1.505,6,0.2692,0.2433,0.50525,0.5974,0.7233,0.3387,0.4879
iran_interval_separate,Iranian-17,dft,label_shuffled,7,118407940,False,0.6471,1,2,0.5759,1.0731,10,0.538,0.2286,0.51424,0.5833,0.6968,0.0845,0.506
iran_interval_separate,Iranian-17,dft,label_shuffled,7,118407940,False,0.6471,2,3,0.6248,-3.139,3,0.6247,0.2691,0.32284,0.5968,0.727,0.0791,0.475
iran_interval_separate,Iranian-17,dft,label_shuffled,7,118407940,False,0.6471,3,4,0.6645,-2.6744,4,0.5854,0.3074,0.22489,0.6096,0.7547,0.3548,0.4773
iran_interval_separate,Iranian-17,dft,label_shuffled,7,118407940,False,0.6471,4,1,0.6561,2.8143,1,0.62,0.2888,0.17141,0.5892,0.7117,0.0756,0.4902
iran_interval_separate,Iranian-17,dft,label_shuffled,7,118407940,False,0.6471,5,6,0.5337,2.8984,6,0.527,0.2141,0.83058,0.606,0.748,0.175,0.5074
iran_interval_separate,Iranian-17,dft,label_shuffled,7,118407940,False,0.6471,6,5,0.515,1.3682,3,0.329,0.1856,0.87456,0.5934,0.7202,0.1995,0.465
iran_interval_separate,Iranian-17,dft,none,7,1837412391,False,0.8039,0,8,0.6031,-1.5479,2,0.3722,0.2654,0.47926,0.6085,0.7494,0.0132,0.5035
iran_interval_separate,Iranian-17,dft,none,7,1837412391,False,0.8039,1,1,0.8306,-2.7635,1,0.7745,0.483,0.002,0.604,0.7385,0.2338,0.4569
iran_interval_separate,Iranian-17,dft,none,7,1837412391,False,0.8039,2,1,0.8904,-1.8984,10,0.3409,0.5377,0.0035,0.6157,0.7631,0.8414,0.4646
iran_interval_separate,Iranian-17,dft,none,7,1837412391,False,0.8039,3,1,0.6999,2.2133,9,0.4568,0.3296,0.15042,0.6126,0.7642,0.1889,0.4412
iran_interval_separate,Iranian-17,dft,none,7,1837412391,False,0.8039,4,5,0.9834,-2.359,5,0.7011,0.6472,0.0005,0.6075,0.7527,0.2237,0.5122
iran_interval_separate,Iranian-17,dft,none,7,1837412391,False,0.8039,5,11,0.9544,2.4112,11,0.7274,0.6012,0.0005,0.6109,0.7568,0.2199,0.507
iran_interval_separate,Iranian-17,dft,none,7,1837412391,False,0.8039,6,12,0.961,-0.0,12,0.961,0.5798,0.0015,0.6066,0.7461,0.113,0.504
iran_interval_separate,Iranian-17,dft,input_shuffled,7,1837412391,False,0.8497,0,12,0.9746,3.1416,12,0.9746,0.5912,0.0005,0.6079,0.7406,0.1077,0.4752
iran_interval_separate,Iranian-17,dft,input_shuffled,7,1837412391,False,0.8497,1,1,0.973,-1.7127,1,0.1925,0.6508,0.0005,0.6155,0.7726,0.8206,0.4586
iran_interval_separate,Iranian-17,dft,input_shuffled,7,1837412391,False,0.8497,2,9,0.8713,2.8838,9,0.8418,0.5261,0.0015,0.6051,0.74,0.1606,0.4934
iran_interval_separate,Iranian-17,dft,input_shuffled,7,1837412391,False,0.8497,3,4,0.9132,-2.0392,4,0.392,0.5908,0.0015,0.614,0.7666,0.2043,0.4872
iran_interval_separate,Iranian-17,dft,input_shuffled,7,1837412391,False,0.8497,4,7,0.5482,-0.6894,5,0.4785,0.2163,0.74463,0.6014,0.7354,0.0821,0.4877
iran_interval_separate,Iranian-17,dft,input_shuffled,7,1837412391,False,0.8497,5,7,0.9051,-0.587,7,0.7553,0.5569,0.001,0.6049,0.7476,0.0484,0.4481
iran_interval_separate,Iranian-17,dft,input_shuffled,7,1837412391,False,0.8497,6,5,0.798,0.6653,5,0.63,0.4384,0.002,0.5793,0.6905,0.1078,0.4702
iran_interval_separate,Iranian-17,dft,label_shuffled,7,1837412391,False,0.6536,0,12,0.4749,-0.0,12,0.4749,0.1527,0.96952,0.5943,0.7242,0.4363,0.4772
iran_interval_separate,Iranian-17,dft,label_shuffled,7,1837412391,False,0.6536,1,8,0.4869,2.8121,8,0.4575,0.1632,0.97051,0.6055,0.7461,0.0267,0.4613
iran_interval_separate,Iranian-17,dft,label_shuffled,7,1837412391,False,0.6536,2,1,0.4595,1.947,7,0.3538,0.1514,0.99,0.5802,0.6992,0.1406,0.4944
iran_interval_separate,Iranian-17,dft,label_shuffled,7,1837412391,False,0.6536,3,10,0.4982,2.6328,11,0.4505,0.1742,0.91504,0.5769,0.6889,0.4567,0.5136
iran_interval_separate,Iranian-17,dft,label_shuffled,7,1837412391,False,0.6536,4,4,0.5674,2.7644,4,0.5228,0.2161,0.67066,0.6084,0.7528,0.0141,0.4593
iran_interval_separate,Iranian-17,dft,label_shuffled,7,1837412391,False,0.6536,5,6,0.6801,1.3498,12,0.4725,0.2878,0.16392,0.6037,0.7329,0.3317,0.4696
iran_interval_separate,Iranian-17,dft,label_shuffled,7,1837412391,False,0.6536,6,2,0.566,0.7954,3,0.4821,0.2182,0.67616,0.6075,0.7454,0.0144,0.488
iran_interval_separate,Iranian-17,dft,none,7,1552457283,False,0.9608,0,10,0.7897,2.7689,10,0.7413,0.4394,0.03398,0.6149,0.772,0.06,0.4676
iran_interval_separate,Iranian-17,dft,none,7,1552457283,False,0.9608,1,8,0.6591,2.0547,7,0.479,0.3045,0.23238,0.6066,0.7397,0.2094,0.4281
iran_interval_separate,Iranian-17,dft,none,7,1552457283,False,0.9608,2,7,0.9633,2.5136,7,0.7817,0.6197,0.0005,0.6073,0.7436,0.0146,0.4817
iran_interval_separate,Iranian-17,dft,none,7,1552457283,False,0.9608,3,6,0.5654,-1.0131,1,0.5009,0.2202,0.69415,0.61,0.7447,0.0056,0.4353
iran_interval_separate,Iranian-17,dft,none,7,1552457283,False,0.9608,4,1,0.9031,1.3462,8,0.3513,0.5614,0.001,0.6174,0.7785,0.8791,0.5179
iran_interval_separate,Iranian-17,dft,none,7,1552457283,False,0.9608,5,12,0.9763,3.1416,12,0.9763,0.5958,0.0005,0.6081,0.7441,0.0462,0.4536
iran_interval_separate,Iranian-17,dft,none,7,1552457283,False,0.9608,6,6,0.9194,-2.8979,6,0.908,0.7812,0.0005,0.6142,0.7661,0.262,0.4761
iran_interval_separate,Iranian-17,dft,input_shuffled,7,1552457283,False,0.9346,0,5,0.9489,-2.6762,5,0.849,0.6032,0.0005,0.6057,0.7586,0.1603,0.4301
iran_interval_separate,Iranian-17,dft,input_shuffled,7,1552457283,False,0.9346,1,12,0.9777,3.1416,12,0.9777,0.5897,0.0005,0.6075,0.7467,0.0387,0.5491
iran_interval_separate,Iranian-17,dft,input_shuffled,7,1552457283,False,0.9346,2,6,0.8661,-0.2023,6,0.8587,0.6668,0.005,0.6118,0.7554,0.0563,0.4552
iran_interval_separate,Iranian-17,dft,input_shuffled,7,1552457283,False,0.9346,3,8,0.782,-0.6032,8,0.6306,0.4307,0.01899,0.6082,0.7463,0.2489,0.4857
iran_interval_separate,Iranian-17,dft,input_shuffled,7,1552457283,False,0.9346,4,1,0.5637,-0.6279,11,0.4828,0.22,0.70365,0.6128,0.7568,0.2629,0.4508
iran_interval_separate,Iranian-17,dft,input_shuffled,7,1552457283,False,0.9346,5,8,0.7992,-0.8119,8,0.5316,0.4511,0.01549,0.6107,0.7508,0.1002,0.518
iran_interval_separate,Iranian-17,dft,input_shuffled,7,1552457283,False,0.9346,6,9,0.6979,2.6783,9,0.6209,0.3324,0.14293,0.6116,0.7572,0.061,0.5339
iran_interval_separate,Iranian-17,dft,label_shuffled,7,1552457283,False,0.6732,0,11,0.6122,-0.7489,11,0.4595,0.2668,0.3918,0.5975,0.7205,0.399,0.5084
iran_interval_separate,Iranian-17,dft,label_shuffled,7,1552457283,False,0.6732,1,5,0.7701,0.7501,5,0.5662,0.3991,0.03398,0.6077,0.7477,0.1978,0.4261
iran_interval_separate,Iranian-17,dft,label_shuffled,7,1552457283,False,0.6732,2,4,0.5403,2.9897,4,0.5332,0.2023,0.7991,0.608,0.7556,0.3815,0.4921
iran_interval_separate,Iranian-17,dft,label_shuffled,7,1552457283,False,0.6732,3,1,0.4626,2.9404,1,0.4531,0.1427,0.99,0.6042,0.7471,0.1512,0.4345
iran_interval_separate,Iranian-17,dft,label_shuffled,7,1552457283,False,0.6732,4,10,0.7,-1.4876,2,0.4497,0.3405,0.14793,0.6128,0.7615,0.0915,0.492
iran_interval_separate,Iranian-17,dft,label_shuffled,7,1552457283,False,0.6732,5,5,0.5754,3.0409,5,0.5725,0.2391,0.58671,0.6009,0.7378,0.4444,0.5345
iran_interval_separate,Iranian-17,dft,label_shuffled,7,1552457283,False,0.6732,6,11,0.5965,-0.0626,11,0.5953,0.2644,0.46877,0.598,0.7251,0.1474,0.4785
iran_interval_separate,Iranian-17,dft,none,7,1226633789,False,0.8758,0,7,0.9305,-0.3996,7,0.8578,0.5803,0.0005,0.6036,0.7448,0.1049,0.4924
iran_interval_separate,Iranian-17,dft,none,7,1226633789,False,0.8758,1,1,0.9362,1.4901,7,0.2746,0.6125,0.0005,0.6116,0.76,0.899,0.5456
iran_interval_separate,Iranian-17,dft,none,7,1226633789,False,0.8758,2,12,0.9742,3.1416,12,0.9742,0.5909,0.0005,0.605,0.7396,0.103,0.4365
iran_interval_separate,Iranian-17,dft,none,7,1226633789,False,0.8758,3,5,0.748,-1.6315,11,0.3354,0.3626,0.05847,0.6106,0.7579,0.2044,0.4514
iran_interval_separate,Iranian-17,dft,none,7,1226633789,False,0.8758,4,5,0.5965,0.5749,2,0.5765,0.2475,0.52324,0.6093,0.7625,0.3454,0.5303
iran_interval_separate,Iranian-17,dft,none,7,1226633789,False,0.8758,5,4,0.8288,-2.3701,4,0.5758,0.4812,0.01449,0.6173,0.7659,0.0698,0.468
iran_interval_separate,Iranian-17,dft,none,7,1226633789,False,0.8758,6,10,0.6598,-0.2886,10,0.6356,0.3032,0.25637,0.6122,0.756,0.0072,0.4426
iran_interval_separate,Iranian-17,dft,input_shuffled,7,1226633789,False,0.8497,0,7,0.635,-1.6254,12,0.553,0.2743,0.31434,0.6066,0.751,0.1081,0.5023
iran_interval_separate,Iranian-17,dft,input_shuffled,7,1226633789,False,0.8497,1,9,0.9309,-2.6575,9,0.8292,0.6213,0.0005,0.6117,0.7586,0.2508,0.4908
iran_interval_separate,Iranian-17,dft,input_shuffled,7,1226633789,False,0.8497,2,5,0.812,-2.7877,5,0.762,0.4505,0.0095,0.6056,0.7474,0.1096,0.5126
iran_interval_separate,Iranian-17,dft,input_shuffled,7,1226633789,False,0.8497,3,1,0.9527,1.36,1,0.251,0.6192,0.0005,0.6098,0.7536,0.6737,0.5174
iran_interval_separate,Iranian-17,dft,input_shuffled,7,1226633789,False,0.8497,4,3,0.6275,-1.6459,7,0.265,0.2762,0.33483,0.6025,0.7373,0.0831,0.4707
iran_interval_separate,Iranian-17,dft,input_shuffled,7,1226633789,False,0.8497,5,3,0.7127,-2.7714,3,0.6626,0.3541,0.12544,0.6102,0.7664,0.0484,0.5176
iran_interval_separate,Iranian-17,dft,input_shuffled,7,1226633789,False,0.8497,6,12,0.972,-0.0,12,0.972,0.5917,0.0015,0.6092,0.7435,0.0859,0.5024
iran_interval_separate,Iranian-17,dft,label_shuffled,7,1226633789,False,0.6405,0,6,0.6251,1.3599,1,0.4134,0.249,0.26587,0.5862,0.6984,0.2841,0.4945
iran_interval_separate,Iranian-17,dft,label_shuffled,7,1226633789,False,0.6405,1,9,0.6589,-0.8558,4,0.4715,0.3031,0.18341,0.5945,0.7255,0.3215,0.4312
iran_interval_separate,Iranian-17,dft,label_shuffled,7,1226633789,False,0.6405,2,10,0.5634,-0.1578,10,0.5572,0.221,0.63818,0.592,0.7118,0.4734,0.4745
iran_interval_separate,Iranian-17,dft,label_shuffled,7,1226633789,False,0.6405,3,1,0.6222,-2.9635,1,0.6126,0.2746,0.33983,0.5972,0.7214,0.0721,0.4736
iran_interval_separate,Iranian-17,dft,label_shuffled,7,1226633789,False,0.6405,4,4,0.5844,-0.6475,4,0.4552,0.236,0.57721,0.6069,0.7462,0.1651,0.4613
iran_interval_separate,Iranian-17,dft,label_shuffled,7,1226633789,False,0.6405,5,11,0.6564,-0.8048,11,0.4692,0.2923,0.23138,0.604,0.7431,0.4267,0.4604
iran_interval_separate,Iranian-17,dft,label_shuffled,7,1226633789,False,0.6405,6,11,0.4765,0.462,11,0.4241,0.1647,0.97551,0.6022,0.7396,0.0806,0.4607
iran_interval_separate,Iranian-17,dft,none,7,1522335321,False,0.8954,0,1,0.9567,-1.8338,1,0.2985,0.6395,0.0005,0.6142,0.768,0.8262,0.5062
iran_interval_separate,Iranian-17,dft,none,7,1522335321,False,0.8954,1,5,0.8541,-2.8051,5,0.8066,0.4999,0.0025,0.6098,0.7572,0.1697,0.4711
iran_interval_separate,Iranian-17,dft,none,7,1522335321,False,0.8954,2,4,0.5403,-1.2621,11,0.4688,0.2005,0.81809,0.6129,0.7576,0.4168,0.5326
iran_interval_separate,Iranian-17,dft,none,7,1522335321,False,0.8954,3,6,0.8688,-2.7894,6,0.8457,0.6626,0.0035,0.6111,0.752,0.2182,0.4703
iran_interval_separate,Iranian-17,dft,none,7,1522335321,False,0.8954,4,9,0.6613,-0.4431,9,0.5946,0.3022,0.23638,0.6122,0.7626,0.0762,0.4577
iran_interval_separate,Iranian-17,dft,none,7,1522335321,False,0.8954,5,12,0.9487,-0.0,12,0.9487,0.5656,0.0005,0.6081,0.7478,0.2023,0.5017
iran_interval_separate,Iranian-17,dft,none,7,1522335321,False,0.8954,6,7,0.9499,-0.6438,7,0.7621,0.6005,0.001,0.6094,0.7495,0.1565,0.4612
iran_interval_separate,Iranian-17,dft,input_shuffled,7,1522335321,False,0.9608,0,1,0.915,1.2973,1,0.2943,0.5655,0.0005,0.6119,0.7562,0.7349,0.4612
iran_interval_separate,Iranian-17,dft,input_shuffled,7,1522335321,False,0.9608,1,4,0.8884,-0.9045,4,0.5278,0.5598,0.0015,0.6113,0.7603,0.0976,0.4479
iran_interval_separate,Iranian-17,dft,input_shuffled,7,1522335321,False,0.9608,2,12,0.9735,3.1416,12,0.9735,0.5905,0.001,0.6064,0.7434,0.1689,0.4519
iran_interval_separate,Iranian-17,dft,input_shuffled,7,1522335321,False,0.9608,3,6,0.8695,0.309,6,0.8518,0.6694,0.0045,0.6171,0.772,0.2936,0.4427
iran_interval_separate,Iranian-17,dft,input_shuffled,7,1522335321,False,0.9608,4,10,0.8432,-2.237,10,0.5411,0.4897,0.004,0.6062,0.7459,0.1061,0.436
iran_interval_separate,Iranian-17,dft,input_shuffled,7,1522335321,False,0.9608,5,10,0.9238,-0.497,10,0.8231,0.6105,0.001,0.6123,0.7547,0.251,0.4728
iran_interval_separate,Iranian-17,dft,input_shuffled,7,1522335321,False,0.9608,6,7,0.9459,-0.5755,7,0.7953,0.5988,0.0005,0.6123,0.7596,0.0663,0.4724
iran_interval_separate,Iranian-17,dft,label_shuffled,7,1522335321,False,0.6144,0,9,0.5014,0.4209,9,0.4596,0.1807,0.93453,0.5952,0.7177,0.2021,0.4712
iran_interval_separate,Iranian-17,dft,label_shuffled,7,1522335321,False,0.6144,1,4,0.613,-0.1766,4,0.6023,0.2561,0.38781,0.5971,0.7238,0.2818,0.4769
iran_interval_separate,Iranian-17,dft,label_shuffled,7,1522335321,False,0.6144,2,8,0.6331,0.998,9,0.4163,0.2768,0.32784,0.6028,0.7371,0.1843,0.4786
iran_interval_separate,Iranian-17,dft,label_shuffled,7,1522335321,False,0.6144,3,5,0.6857,-1.8896,3,0.4519,0.3188,0.10245,0.59,0.7198,0.0322,0.4894
iran_interval_separate,Iranian-17,dft,label_shuffled,7,1522335321,False,0.6144,4,9,0.7385,-1.3293,6,0.3524,0.3903,0.05947,0.6066,0.7479,0.049,0.5226
iran_interval_separate,Iranian-17,dft,label_shuffled,7,1522335321,False,0.6144,5,9,0.4784,1.006,12,0.4537,0.1549,0.96402,0.576,0.6881,0.1847,0.4642
iran_interval_separate,Iranian-17,dft,label_shuffled,7,1522335321,False,0.6144,6,11,0.5805,0.2889,11,0.5557,0.2316,0.49125,0.5859,0.7105,0.0962,0.4545
iran_interval_separate,Iranian-17,dft,none,7,345815216,False,0.9216,0,12,0.9702,-0.0,12,0.9702,0.584,0.0005,0.6072,0.7453,0.0871,0.4636
iran_interval_separate,Iranian-17,dft,none,7,345815216,False,0.9216,1,6,0.818,-2.9689,6,0.8129,0.5771,0.01949,0.6132,0.7649,0.2352,0.4559
iran_interval_separate,Iranian-17,dft,none,7,345815216,False,0.9216,2,2,0.85,0.1753,2,0.8385,0.5106,0.007,0.61,0.7571,0.1453,0.4339
iran_interval_separate,Iranian-17,dft,none,7,345815216,False,0.9216,3,5,0.8693,-2.3249,5,0.5989,0.512,0.001,0.6046,0.7445,0.1537,0.4657
iran_interval_separate,Iranian-17,dft,none,7,345815216,False,0.9216,4,1,0.9054,1.2143,1,0.3588,0.5689,0.0005,0.6114,0.7619,0.8216,0.4659
iran_interval_separate,Iranian-17,dft,none,7,345815216,False,0.9216,5,7,0.8831,-0.7837,7,0.629,0.5214,0.0035,0.613,0.7628,0.0614,0.4711
iran_interval_separate,Iranian-17,dft,none,7,345815216,False,0.9216,6,4,0.827,1.1683,5,0.3689,0.4901,0.01049,0.6105,0.7537,0.0383,0.5204
iran_interval_separate,Iranian-17,dft,input_shuffled,7,345815216,False,0.8627,0,8,0.5833,2.2289,6,0.5779,0.2652,0.56472,0.6059,0.7427,0.14,0.5035
iran_interval_separate,Iranian-17,dft,input_shuffled,7,345815216,False,0.8627,1,1,0.9677,1.48,8,0.1958,0.6493,0.0005,0.6104,0.7606,0.8032,0.4741
iran_interval_separate,Iranian-17,dft,input_shuffled,7,345815216,False,0.8627,2,3,0.8491,-1.6852,11,0.3598,0.5031,0.0045,0.6102,0.7585,0.0867,0.4696
iran_interval_separate,Iranian-17,dft,input_shuffled,7,345815216,False,0.8627,3,12,0.9594,3.1416,12,0.9594,0.5741,0.0005,0.6087,0.7507,0.0906,0.5237
iran_interval_separate,Iranian-17,dft,input_shuffled,7,345815216,False,0.8627,4,7,0.878,2.8056,7,0.8292,0.5242,0.003,0.6108,0.7497,0.0952,0.4767
iran_interval_separate,Iranian-17,dft,input_shuffled,7,345815216,False,0.8627,5,4,0.6111,-2.3061,4,0.3957,0.2616,0.37631,0.5926,0.7094,0.0193,0.4261
iran_interval_separate,Iranian-17,dft,input_shuffled,7,345815216,False,0.8627,6,9,0.7385,-0.6023,9,0.6011,0.373,0.07746,0.6113,0.7645,0.0328,0.4224
iran_interval_separate,Iranian-17,dft,label_shuffled,7,345815216,False,0.6797,0,10,0.56,0.6601,10,0.4525,0.228,0.69865,0.6051,0.747,0.2237,0.4622
iran_interval_separate,Iranian-17,dft,label_shuffled,7,345815216,False,0.6797,1,8,0.5819,1.8973,3,0.3768,0.2404,0.6032,0.61,0.7533,0.2861,0.475
iran_interval_separate,Iranian-17,dft,label_shuffled,7,345815216,False,0.6797,2,6,0.5727,0.4736,6,0.544,0.2459,0.6092,0.5997,0.7274,0.1807,0.4834
iran_interval_separate,Iranian-17,dft,label_shuffled,7,345815216,False,0.6797,3,9,0.5643,-1.4534,7,0.3152,0.2145,0.66017,0.5996,0.7295,0.445,0.4834
iran_interval_separate,Iranian-17,dft,label_shuffled,7,345815216,False,0.6797,4,1,0.6257,2.6957,1,0.5617,0.2771,0.22389,0.5805,0.6927,0.481,0.5045
iran_interval_separate,Iranian-17,dft,label_shuffled,7,345815216,False,0.6797,5,11,0.6614,2.9422,11,0.6487,0.3057,0.21289,0.603,0.7388,0.0859,0.4839
iran_interval_separate,Iranian-17,dft,label_shuffled,7,345815216,False,0.6797,6,10,0.6346,-2.6943,10,0.5786,0.2789,0.29035,0.6001,0.7334,0.0715,0.4508
iran_interval_separate,Iranian-17,dft,none,7,374828515,False,0.8693,0,11,0.8815,2.1925,11,0.5406,0.5163,0.0025,0.6123,0.7594,0.2236,0.5017
iran_interval_separate,Iranian-17,dft,none,7,374828515,False,0.8693,1,6,0.8459,0.0588,6,0.8453,0.6279,0.0055,0.6111,0.759,0.0093,0.4887
iran_interval_separate,Iranian-17,dft,none,7,374828515,False,0.8693,2,1,0.8565,-1.3684,8,0.3526,0.506,0.003,0.6079,0.7535,0.7569,0.4257
iran_interval_separate,Iranian-17,dft,none,7,374828515,False,0.8693,3,4,0.7377,2.0218,8,0.5492,0.3819,0.06697,0.609,0.7532,0.0048,0.5368
iran_interval_separate,Iranian-17,dft,none,7,374828515,False,0.8693,4,12,0.9599,-0.0,12,0.9599,0.5796,0.0015,0.6084,0.7471,0.1006,0.4575
iran_interval_separate,Iranian-17,dft,none,7,374828515,False,0.8693,5,5,0.75,-2.733,5,0.6888,0.3889,0.04198,0.603,0.7391,0.0044,0.4765
iran_interval_separate,Iranian-17,dft,none,7,374828515,False,0.8693,6,7,0.8985,1.7709,12,0.3869,0.5445,0.0005,0.6119,0.7614,0.0202,0.5004
iran_interval_separate,Iranian-17,dft,input_shuffled,7,374828515,False,0.8758,0,1,0.9009,1.4768,8,0.2423,0.5675,0.0025,0.616,0.7604,0.9004,0.5056
iran_interval_separate,Iranian-17,dft,input_shuffled,7,374828515,False,0.8758,1,6,0.9518,2.7357,6,0.9175,0.8282,0.0005,0.6127,0.7615,0.0271,0.5187
iran_interval_separate,Iranian-17,dft,input_shuffled,7,374828515,False,0.8758,2,12,0.961,3.1416,12,0.961,0.5784,0.001,0.6095,0.7433,0.1271,0.4285
iran_interval_separate,Iranian-17,dft,input_shuffled,7,374828515,False,0.8758,3,7,0.8851,-0.6007,7,0.7319,0.5225,0.0015,0.6086,0.7519,0.0173,0.5113
iran_interval_separate,Iranian-17,dft,input_shuffled,7,374828515,False,0.8758,4,9,0.8734,1.6276,8,0.2326,0.5381,0.0035,0.6136,0.7611,0.1326,0.5022
iran_interval_separate,Iranian-17,dft,input_shuffled,7,374828515,False,0.8758,5,5,0.952,0.578,5,0.7991,0.614,0.0005,0.6027,0.7361,0.1873,0.4483
iran_interval_separate,Iranian-17,dft,input_shuffled,7,374828515,False,0.8758,6,10,0.9656,2.6935,10,0.88,0.6734,0.0005,0.6121,0.7639,0.3022,0.4984
iran_interval_separate,Iranian-17,dft,label_shuffled,7,374828515,False,0.6405,0,5,0.6439,-1.0382,3,0.4064,0.2808,0.22439,0.5939,0.7223,0.0818,0.4405
iran_interval_separate,Iranian-17,dft,label_shuffled,7,374828515,False,0.6405,1,1,0.6599,-1.5778,7,0.2968,0.2963,0.1999,0.5996,0.727,0.4219,0.4088
iran_interval_separate,Iranian-17,dft,label_shuffled,7,374828515,False,0.6405,2,6,0.8169,1.4753,11,0.4799,0.4058,0.0055,0.6042,0.7442,0.0707,0.4212
iran_interval_separate,Iranian-17,dft,label_shuffled,7,374828515,False,0.6405,3,2,0.6832,-0.7144,2,0.5297,0.3394,0.11094,0.5946,0.7205,0.1403,0.4698
iran_interval_separate,Iranian-17,dft,label_shuffled,7,374828515,False,0.6405,4,3,0.4858,-0.4869,3,0.4321,0.1663,0.95202,0.5883,0.7105,0.2444,0.5104
iran_interval_separate,Iranian-17,dft,label_shuffled,7,374828515,False,0.6405,5,6,0.6116,-2.8958,6,0.6038,0.2963,0.24788,0.5724,0.6791,0.221,0.5074
iran_interval_separate,Iranian-17,dft,label_shuffled,7,374828515,False,0.6405,6,3,0.6125,-1.8965,2,0.3765,0.25,0.4068,0.6009,0.7266,0.1742,0.4357
iran_interval_separate,Iranian-17,dft,none,7,1246986761,False,0.8954,0,1,0.9229,-1.7271,3,0.2903,0.5937,0.001,0.6082,0.7529,0.7367,0.4512
iran_interval_separate,Iranian-17,dft,none,7,1246986761,False,0.8954,1,9,0.8741,2.9814,9,0.8628,0.5312,0.0045,0.611,0.7496,0.2053,0.494
iran_interval_separate,Iranian-17,dft,none,7,1246986761,False,0.8954,2,6,0.8903,0.2139,6,0.8818,0.7148,0.004,0.6148,0.7732,0.1802,0.4909
iran_interval_separate,Iranian-17,dft,none,7,1246986761,False,0.8954,3,5,0.9072,-2.5387,5,0.7491,0.5556,0.0005,0.6042,0.7416,0.1348,0.44
iran_interval_separate,Iranian-17,dft,none,7,1246986761,False,0.8954,4,12,0.707,3.1416,12,0.707,0.3261,0.09095,0.6022,0.7316,0.0916,0.5214
iran_interval_separate,Iranian-17,dft,none,7,1246986761,False,0.8954,5,12,0.9669,3.1416,12,0.9669,0.5854,0.0005,0.6043,0.7397,0.1315,0.4981
iran_interval_separate,Iranian-17,dft,none,7,1246986761,False,0.8954,6,1,0.8229,0.9165,1,0.5244,0.4782,0.01299,0.6111,0.7559,0.7195,0.4951
iran_interval_separate,Iranian-17,dft,input_shuffled,7,1246986761,False,0.9216,0,4,0.5058,1.6602,11,0.4396,0.1735,0.90405,0.5941,0.7237,0.0019,0.4945
iran_interval_separate,Iranian-17,dft,input_shuffled,7,1246986761,False,0.9216,1,8,0.8714,-3.0999,8,0.8706,0.5129,0.001,0.6081,0.7497,0.2634,0.3971
iran_interval_separate,Iranian-17,dft,input_shuffled,7,1246986761,False,0.9216,2,5,0.9468,-2.4757,5,0.747,0.6,0.0005,0.6093,0.7567,0.1977,0.4903
iran_interval_separate,Iranian-17,dft,input_shuffled,7,1246986761,False,0.9216,3,1,0.9074,1.6412,9,0.2164,0.5684,0.0025,0.6152,0.7715,0.8601,0.5111
iran_interval_separate,Iranian-17,dft,input_shuffled,7,1246986761,False,0.9216,4,3,0.6817,-0.2325,3,0.6639,0.3353,0.1944,0.6144,0.7649,0.049,0.4744
iran_interval_separate,Iranian-17,dft,input_shuffled,7,1246986761,False,0.9216,5,12,0.9545,3.1416,12,0.9545,0.5673,0.001,0.6042,0.7372,0.007,0.4838
iran_interval_separate,Iranian-17,dft,input_shuffled,7,1246986761,False,0.9216,6,10,0.8802,-0.1502,10,0.8714,0.5554,0.0005,0.6091,0.7531,0.141,0.45
iran_interval_separate,Iranian-17,dft,label_shuffled,7,1246986761,False,0.6209,0,5,0.5322,-2.0147,3,0.3777,0.2012,0.81159,0.5997,0.7373,0.1926,0.4491
iran_interval_separate,Iranian-17,dft,label_shuffled,7,1246986761,False,0.6209,1,11,0.4777,-0.3542,11,0.4493,0.1635,0.95852,0.5743,0.6903,0.132,0.4318
iran_interval_separate,Iranian-17,dft,label_shuffled,7,1246986761,False,0.6209,2,8,0.6187,-0.3478,8,0.5772,0.2695,0.38581,0.605,0.7457,0.5324,0.5225
iran_interval_separate,Iranian-17,dft,label_shuffled,7,1246986761,False,0.6209,3,1,0.5318,2.4324,10,0.4253,0.198,0.84108,0.6093,0.7533,0.0026,0.4576
iran_interval_separate,Iranian-17,dft,label_shuffled,7,1246986761,False,0.6209,4,4,0.4905,-1.5029,5,0.3522,0.1619,0.95552,0.6048,0.7439,0.2738,0.4861
iran_interval_separate,Iranian-17,dft,label_shuffled,7,1246986761,False,0.6209,5,7,0.6787,-0.7924,7,0.4793,0.3167,0.14043,0.5949,0.7251,0.114,0.4542
iran_interval_separate,Iranian-17,dft,label_shuffled,7,1246986761,False,0.6209,6,3,0.5297,1.5009,6,0.3985,0.2017,0.85807,0.6095,0.744,0.462,0.4867
iran_interval_separate,Iranian-17,dft,none,7,1364690643,False,0.9412,0,10,0.8259,2.9994,10,0.8185,0.4914,0.01149,0.61,0.7561,0.084,0.4682
iran_interval_separate,Iranian-17,dft,none,7,1364690643,False,0.9412,1,4,0.9206,2.3275,4,0.6108,0.5925,0.0005,0.6109,0.7611,0.1527,0.4965
iran_interval_separate,Iranian-17,dft,none,7,1364690643,False,0.9412,2,1,0.8482,-1.6844,10,0.3503,0.4834,0.01149,0.6116,0.7627,0.86,0.5137
iran_interval_separate,Iranian-17,dft,none,7,1364690643,False,0.9412,3,12,0.9823,3.1416,12,0.9823,0.6014,0.0005,0.6061,0.7486,0.0102,0.4574
iran_interval_separate,Iranian-17,dft,none,7,1364690643,False,0.9412,4,8,0.9708,2.0934,8,0.462,0.6746,0.0005,0.6142,0.7571,0.0329,0.4465
iran_interval_separate,Iranian-17,dft,none,7,1364690643,False,0.9412,5,7,0.77,-0.5792,7,0.6459,0.4134,0.02549,0.6069,0.738,0.0914,0.4207
iran_interval_separate,Iranian-17,dft,none,7,1364690643,False,0.9412,6,1,0.9051,0.6781,1,0.7179,0.5398,0.001,0.6135,0.7614,0.288,0.4654
iran_interval_separate,Iranian-17,dft,input_shuffled,7,1364690643,False,0.902,0,10,0.8715,2.5178,10,0.722,0.5357,0.0045,0.6164,0.7636,0.2516,0.4843
iran_interval_separate,Iranian-17,dft,input_shuffled,7,1364690643,False,0.902,1,1,0.732,-3.0099,1,0.7257,0.3696,0.07446,0.6093,0.7548,0.0257,0.4698
iran_interval_separate,Iranian-17,dft,input_shuffled,7,1364690643,False,0.902,2,5,0.6967,-1.8184,6,0.3721,0.3413,0.15542,0.6134,0.7597,0.1473,0.4921
iran_interval_separate,Iranian-17,dft,input_shuffled,7,1364690643,False,0.902,3,12,0.9747,3.1416,12,0.9747,0.5934,0.0005,0.6077,0.7469,0.1115,0.519
iran_interval_separate,Iranian-17,dft,input_shuffled,7,1364690643,False,0.902,4,9,0.6248,-1.7684,8,0.3528,0.2708,0.3918,0.6115,0.7534,0.1617,0.464
iran_interval_separate,Iranian-17,dft,input_shuffled,7,1364690643,False,0.902,5,7,0.8248,-0.6342,7,0.6663,0.4657,0.004,0.6053,0.7384,0.1652,0.5121
iran_interval_separate,Iranian-17,dft,input_shuffled,7,1364690643,False,0.902,6,1,0.9443,-1.381,8,0.1651,0.609,0.0005,0.6125,0.7576,0.8404,0.5154
iran_interval_separate,Iranian-17,dft,label_shuffled,7,1364690643,False,0.7124,0,5,0.5758,-3.0862,5,0.5749,0.2334,0.62519,0.6096,0.7525,0.4727,0.4384
iran_interval_separate,Iranian-17,dft,label_shuffled,7,1364690643,False,0.7124,1,11,0.694,-2.2697,10,0.5083,0.3377,0.13943,0.6079,0.7489,0.0345,0.4735
iran_interval_separate,Iranian-17,dft,label_shuffled,7,1364690643,False,0.7124,2,5,0.5907,-3.0016,5,0.585,0.2325,0.53723,0.6074,0.7368,0.0358,0.4975
iran_interval_separate,Iranian-17,dft,label_shuffled,7,1364690643,False,0.7124,3,9,0.5874,2.7896,9,0.5501,0.2392,0.54623,0.6023,0.7395,0.1852,0.4436
iran_interval_separate,Iranian-17,dft,label_shuffled,7,1364690643,False,0.7124,4,8,0.5842,3.0277,8,0.5799,0.2336,0.52424,0.596,0.7269,0.0751,0.497
iran_interval_separate,Iranian-17,dft,label_shuffled,7,1364690643,False,0.7124,5,6,0.6222,2.3149,6,0.5104,0.2806,0.35032,0.5996,0.7351,0.2089,0.4516
iran_interval_separate,Iranian-17,dft,label_shuffled,7,1364690643,False,0.7124,6,3,0.4889,0.9937,10,0.4122,0.1688,0.90205,0.559,0.6661,0.0018,0.4947
iran_interval_separate,Iranian-17,dft,none,7,215984894,False,0.8693,0,7,0.7609,-1.3069,1,0.314,0.3919,0.05497,0.615,0.7639,0.101,0.4275
iran_interval_separate,Iranian-17,dft,none,7,215984894,False,0.8693,1,1,0.9143,1.3111,1,0.2825,0.5947,0.0005,0.615,0.763,0.8387,0.5235
iran_interval_separate,Iranian-17,dft,none,7,215984894,False,0.8693,2,2,0.5464,-2.1428,1,0.4408,0.2048,0.76562,0.6067,0.7525,0.1333,0.4913
iran_interval_separate,Iranian-17,dft,none,7,215984894,False,0.8693,3,10,0.856,2.7307,10,0.7922,0.5187,0.0065,0.6107,0.7593,0.1794,0.4659
iran_interval_separate,Iranian-17,dft,none,7,215984894,False,0.8693,4,4,0.8405,-0.9333,4,0.48,0.4996,0.01049,0.616,0.7624,0.3261,0.492
iran_interval_separate,Iranian-17,dft,none,7,215984894,False,0.8693,5,5,0.8512,-2.7291,5,0.7804,0.4929,0.002,0.61,0.7592,0.275,0.4804
iran_interval_separate,Iranian-17,dft,none,7,215984894,False,0.8693,6,12,0.9475,3.1416,12,0.9475,0.5582,0.001,0.6057,0.7453,0.147,0.4854
iran_interval_separate,Iranian-17,dft,input_shuffled,7,215984894,False,0.9216,0,2,0.9017,1.3245,9,0.317,0.5427,0.003,0.6142,0.7562,0.2355,0.463
iran_interval_separate,Iranian-17,dft,input_shuffled,7,215984894,False,0.9216,1,12,0.9611,-0.0,12,0.9611,0.5767,0.0005,0.6071,0.7391,0.1011,0.5166
iran_interval_separate,Iranian-17,dft,input_shuffled,7,215984894,False,0.9216,2,3,0.6852,-2.8421,2,0.655,0.3274,0.1984,0.6134,0.7559,0.0209,0.4826
iran_interval_separate,Iranian-17,dft,input_shuffled,7,215984894,False,0.9216,3,6,0.9052,-2.9596,6,0.899,0.7553,0.002,0.6152,0.7598,0.1714,0.4711
iran_interval_separate,Iranian-17,dft,input_shuffled,7,215984894,False,0.9216,4,1,0.9012,-1.7548,1,0.2146,0.5652,0.002,0.6138,0.7651,0.8642,0.4789
iran_interval_separate,Iranian-17,dft,input_shuffled,7,215984894,False,0.9216,5,11,0.6267,-2.687,11,0.56,0.2931,0.33583,0.6027,0.7404,0.0414,0.478
iran_interval_separate,Iranian-17,dft,input_shuffled,7,215984894,False,0.9216,6,7,0.8853,2.4878,7,0.705,0.5185,0.0005,0.6057,0.7452,0.007,0.5373
iran_interval_separate,Iranian-17,dft,label_shuffled,7,215984894,False,0.634,0,1,0.5605,1.6823,6,0.4141,0.2191,0.62219,0.5878,0.7086,0.2698,0.4502
iran_interval_separate,Iranian-17,dft,label_shuffled,7,215984894,False,0.634,1,10,0.6919,-2.4428,10,0.5431,0.3416,0.04598,0.5755,0.6872,0.1224,0.4627
iran_interval_separate,Iranian-17,dft,label_shuffled,7,215984894,False,0.634,2,9,0.7451,0.8454,9,0.5114,0.4049,0.05297,0.6054,0.748,0.0366,0.496
iran_interval_separate,Iranian-17,dft,label_shuffled,7,215984894,False,0.634,3,3,0.5947,0.5589,3,0.4993,0.2477,0.48026,0.598,0.7253,0.061,0.455
iran_interval_separate,Iranian-17,dft,label_shuffled,7,215984894,False,0.634,4,10,0.6512,1.2915,2,0.405,0.291,0.26287,0.6077,0.7458,0.0294,0.5574
iran_interval_separate,Iranian-17,dft,label_shuffled,7,215984894,False,0.634,5,7,0.5188,0.1308,7,0.5143,0.1826,0.86857,0.5971,0.7233,0.3229,0.5143
iran_interval_separate,Iranian-17,dft,label_shuffled,7,215984894,False,0.634,6,6,0.5892,-2.1266,2,0.4945,0.2448,0.50325,0.5968,0.7203,0.1464,0.5402
iran_interval_separate,Iranian-17,dft,none,7,1002616881,False,0.8954,0,12,0.9829,3.1416,12,0.9829,0.6003,0.0005,0.6094,0.7537,0.0671,0.5001
iran_interval_separate,Iranian-17,dft,none,7,1002616881,False,0.8954,1,5,0.8534,0.3216,5,0.81,0.4945,0.0035,0.6061,0.7516,0.0652,0.4568
iran_interval_separate,Iranian-17,dft,none,7,1002616881,False,0.8954,2,8,0.7761,1.0775,8,0.3498,0.4324,0.02449,0.6044,0.741,0.2781,0.4621
iran_interval_separate,Iranian-17,dft,none,7,1002616881,False,0.8954,3,1,0.8964,1.457,9,0.2368,0.5572,0.002,0.6166,0.7792,0.8672,0.4279
iran_interval_separate,Iranian-17,dft,none,7,1002616881,False,0.8954,4,7,0.7184,1.6448,2,0.4894,0.3575,0.08546,0.6046,0.7449,0.305,0.4807
iran_interval_separate,Iranian-17,dft,none,7,1002616881,False,0.8954,5,2,0.7711,0.1274,2,0.7656,0.4288,0.03898,0.6113,0.7575,0.0468,0.4321
iran_interval_separate,Iranian-17,dft,none,7,1002616881,False,0.8954,6,8,0.7759,-0.5998,8,0.6273,0.4093,0.03548,0.6128,0.7583,0.0144,0.4659
iran_interval_separate,Iranian-17,dft,input_shuffled,7,1002616881,False,0.8758,0,11,0.917,1.6337,5,0.2248,0.5775,0.0005,0.6058,0.7506,0.2833,0.5116
iran_interval_separate,Iranian-17,dft,input_shuffled,7,1002616881,False,0.8758,1,1,0.8433,-0.0939,1,0.8396,0.4933,0.005,0.609,0.7453,0.0592,0.4618
iran_interval_separate,Iranian-17,dft,input_shuffled,7,1002616881,False,0.8758,2,1,0.8832,1.4403,8,0.2491,0.5352,0.002,0.6171,0.767,0.8675,0.4618
iran_interval_separate,Iranian-17,dft,input_shuffled,7,1002616881,False,0.8758,3,4,0.8484,1.1891,1,0.3155,0.5196,0.008,0.616,0.775,0.0749,0.4701
iran_interval_separate,Iranian-17,dft,input_shuffled,7,1002616881,False,0.8758,4,7,0.9027,2.504,7,0.7274,0.5489,0.0015,0.6104,0.7615,0.0307,0.4166
iran_interval_separate,Iranian-17,dft,input_shuffled,7,1002616881,False,0.8758,5,2,0.8931,1.5694,9,0.2577,0.5288,0.0005,0.6138,0.7619,0.4055,0.4831
iran_interval_separate,Iranian-17,dft,input_shuffled,7,1002616881,False,0.8758,6,12,0.9652,3.1416,12,0.9652,0.5753,0.002,0.6076,0.7443,0.1109,0.4621
iran_interval_separate,Iranian-17,dft,label_shuffled,7,1002616881,False,0.6667,0,5,0.5106,1.8356,9,0.4312,0.1782,0.90555,0.5984,0.734,0.3152,0.4756
iran_interval_separate,Iranian-17,dft,label_shuffled,7,1002616881,False,0.6667,1,11,0.6033,2.2569,2,0.5743,0.2621,0.47176,0.6077,0.7547,0.3713,0.4797
iran_interval_separate,Iranian-17,dft,label_shuffled,7,1002616881,False,0.6667,2,2,0.6017,2.9798,2,0.5947,0.2601,0.48576,0.6072,0.7474,0.0841,0.4499
iran_interval_separate,Iranian-17,dft,label_shuffled,7,1002616881,False,0.6667,3,3,0.7141,-0.2572,3,0.6913,0.3777,0.08996,0.6038,0.7459,0.3563,0.5193
iran_interval_separate,Iranian-17,dft,label_shuffled,7,1002616881,False,0.6667,4,5,0.5442,-1.9311,12,0.3912,0.208,0.7931,0.6108,0.7529,0.2825,0.4993
iran_interval_separate,Iranian-17,dft,label_shuffled,7,1002616881,False,0.6667,5,10,0.6992,0.1279,10,0.6942,0.3488,0.11644,0.6052,0.7382,0.0634,0.5578
iran_interval_separate,Iranian-17,dft,label_shuffled,7,1002616881,False,0.6667,6,9,0.6403,-0.5255,9,0.5495,0.2907,0.28736,0.6038,0.7416,0.0324,0.4567
iran_interval_separate,Iranian-17,dft,none,7,876049366,False,0.8562,0,9,0.5666,-1.5205,12,0.3837,0.2179,0.67666,0.6063,0.7435,0.0681,0.4758
iran_interval_separate,Iranian-17,dft,none,7,876049366,False,0.8562,1,4,0.8201,1.1073,4,0.3485,0.4854,0.01,0.6091,0.7434,0.1086,0.4983
iran_interval_separate,Iranian-17,dft,none,7,876049366,False,0.8562,2,5,0.7446,1.0749,12,0.3607,0.3778,0.02899,0.5975,0.722,0.0881,0.4708
iran_interval_separate,Iranian-17,dft,none,7,876049366,False,0.8562,3,2,0.6185,-0.2156,1,0.6077,0.2723,0.4023,0.6078,0.7512,0.01,0.4931
iran_interval_separate,Iranian-17,dft,none,7,876049366,False,0.8562,4,12,0.9784,-0.0,12,0.9784,0.5982,0.0005,0.6063,0.7453,0.1451,0.4733
iran_interval_separate,Iranian-17,dft,none,7,876049366,False,0.8562,5,1,0.9024,-1.9124,1,0.3458,0.5661,0.0015,0.6138,0.7669,0.8214,0.4487
iran_interval_separate,Iranian-17,dft,none,7,876049366,False,0.8562,6,7,0.9608,2.5961,7,0.8229,0.611,0.0005,0.6105,0.7519,0.0933,0.497
iran_interval_separate,Iranian-17,dft,input_shuffled,7,876049366,False,0.8954,0,6,0.9261,2.8927,6,0.914,0.7933,0.0005,0.6124,0.753,0.024,0.5283
iran_interval_separate,Iranian-17,dft,input_shuffled,7,876049366,False,0.8954,1,1,0.903,1.4416,8,0.2224,0.578,0.001,0.6119,0.7661,0.8451,0.4461
iran_interval_separate,Iranian-17,dft,input_shuffled,7,876049366,False,0.8954,2,7,0.8579,2.354,7,0.6087,0.5,0.0025,0.6066,0.7483,0.1473,0.4397
iran_interval_separate,Iranian-17,dft,input_shuffled,7,876049366,False,0.8954,3,10,0.9059,-1.2565,10,0.2962,0.5646,0.001,0.6107,0.7576,0.2999,0.4851
iran_interval_separate,Iranian-17,dft,input_shuffled,7,876049366,False,0.8954,4,2,0.7846,3.1207,2,0.7844,0.4541,0.02549,0.6105,0.7558,0.1354,0.498
iran_interval_separate,Iranian-17,dft,input_shuffled,7,876049366,False,0.8954,5,4,0.6893,-2.8752,4,0.6619,0.3213,0.15892,0.6089,0.7562,0.0892,0.533
iran_interval_separate,Iranian-17,dft,input_shuffled,7,876049366,False,0.8954,6,12,0.9727,3.1416,12,0.9727,0.5901,0.0015,0.6082,0.748,0.001,0.4727
iran_interval_separate,Iranian-17,dft,label_shuffled,7,876049366,False,0.6013,0,12,0.5093,-0.0,12,0.5093,0.175,0.91804,0.6035,0.7334,0.2537,0.5174
iran_interval_separate,Iranian-17,dft,label_shuffled,7,876049366,False,0.6013,1,4,0.63,1.6962,1,0.3163,0.2764,0.36132,0.6104,0.7586,0.258,0.4766
iran_interval_separate,Iranian-17,dft,label_shuffled,7,876049366,False,0.6013,2,4,0.5828,-1.418,9,0.335,0.242,0.5932,0.6083,0.7487,0.1161,0.4615
iran_interval_separate,Iranian-17,dft,label_shuffled,7,876049366,False,0.6013,3,5,0.6508,0.6787,12,0.5154,0.2768,0.26737,0.6081,0.7499,0.0023,0.4737
iran_interval_separate,Iranian-17,dft,label_shuffled,7,876049366,False,0.6013,4,2,0.615,1.5733,6,0.3366,0.2663,0.4013,0.6052,0.7502,0.3678,0.4986
iran_interval_separate,Iranian-17,dft,label_shuffled,7,876049366,False,0.6013,5,11,0.6364,2.4251,11,0.4903,0.2883,0.34033,0.6097,0.7511,0.578,0.5172
iran_interval_separate,Iranian-17,dft,label_shuffled,7,876049366,False,0.6013,6,7,0.6024,1.9632,6,0.4692,0.2665,0.43978,0.6011,0.7347,0.0889,0.4664
iran_interval_separate,Iranian-17,dft,none,7,60826885,False,0.8627,0,12,0.8614,3.1416,12,0.8614,0.4727,0.005,0.6098,0.7612,0.089,0.436
iran_interval_separate,Iranian-17,dft,none,7,60826885,False,0.8627,1,12,0.817,-0.0,12,0.817,0.4255,0.0065,0.5937,0.7265,0.1944,0.4684
iran_interval_separate,Iranian-17,dft,none,7,60826885,False,0.8627,2,10,0.7906,2.8179,10,0.7541,0.4413,0.02899,0.6148,0.7672,0.0864,0.4543
iran_interval_separate,Iranian-17,dft,none,7,60826885,False,0.8627,3,1,0.9589,1.1759,1,0.4122,0.6338,0.0005,0.6147,0.7685,0.822,0.4946
iran_interval_separate,Iranian-17,dft,none,7,60826885,False,0.8627,4,7,0.5532,-0.6141,7,0.4533,0.2174,0.72864,0.6053,0.7453,0.0755,0.4767
iran_interval_separate,Iranian-17,dft,none,7,60826885,False,0.8627,5,5,0.7863,0.5891,12,0.7402,0.4093,0.02849,0.6127,0.7617,0.0419,0.5029
iran_interval_separate,Iranian-17,dft,none,7,60826885,False,0.8627,6,7,0.8808,2.5824,7,0.7481,0.5238,0.0015,0.6089,0.7479,0.0927,0.449
iran_interval_separate,Iranian-17,dft,input_shuffled,7,60826885,False,0.9346,0,5,0.8481,0.4899,5,0.7494,0.4857,0.008,0.61,0.7591,0.3287,0.5112
iran_interval_separate,Iranian-17,dft,input_shuffled,7,60826885,False,0.9346,1,7,0.8441,1.7806,12,0.4397,0.473,0.01099,0.6104,0.7615,0.0091,0.5262
iran_interval_separate,Iranian-17,dft,input_shuffled,7,60826885,False,0.9346,2,9,0.8968,2.7665,9,0.8321,0.5492,0.001,0.6136,0.766,0.1828,0.4936
iran_interval_separate,Iranian-17,dft,input_shuffled,7,60826885,False,0.9346,3,2,0.9229,-1.6338,6,0.2402,0.5724,0.0015,0.6135,0.762,0.3757,0.4365
iran_interval_separate,Iranian-17,dft,input_shuffled,7,60826885,False,0.9346,4,6,0.9774,2.4208,6,0.8514,0.7919,0.0005,0.6148,0.7599,0.2176,0.4625
iran_interval_separate,Iranian-17,dft,input_shuffled,7,60826885,False,0.9346,5,12,0.9807,-0.0,12,0.9807,0.5971,0.001,0.6097,0.7478,0.1829,0.459
iran_interval_separate,Iranian-17,dft,input_shuffled,7,60826885,False,0.9346,6,3,0.6602,2.4592,3,0.5215,0.3125,0.25037,0.6104,0.7507,0.6046,0.4544
iran_interval_separate,Iranian-17,dft,label_shuffled,7,60826885,False,0.6601,0,12,0.5725,-0.0,12,0.5725,0.224,0.52674,0.5827,0.7002,0.1117,0.5058
iran_interval_separate,Iranian-17,dft,label_shuffled,7,60826885,False,0.6601,1,10,0.62,-0.8938,5,0.472,0.2645,0.3973,0.608,0.7416,0.1619,0.4981
iran_interval_separate,Iranian-17,dft,label_shuffled,7,60826885,False,0.6601,2,7,0.5513,-1.0018,3,0.4371,0.2128,0.71164,0.595,0.7246,0.1421,0.4515
iran_interval_separate,Iranian-17,dft,label_shuffled,7,60826885,False,0.6601,3,1,0.5881,0.7411,11,0.5424,0.249,0.53273,0.6007,0.7342,0.5476,0.4919
iran_interval_separate,Iranian-17,dft,label_shuffled,7,60826885,False,0.6601,4,5,0.477,1.724,9,0.4492,0.1565,0.97451,0.6049,0.7379,0.4599,0.4931
iran_interval_separate,Iranian-17,dft,label_shuffled,7,60826885,False,0.6601,5,9,0.472,3.1276,9,0.472,0.1577,0.98501,0.6038,0.7415,0.0448,0.4741
iran_interval_separate,Iranian-17,dft,label_shuffled,7,60826885,False,0.6601,6,5,0.505,0.7631,12,0.4408,0.1729,0.90405,0.5865,0.705,0.2746,0.4976
iran_interval_separate,Iranian-17,dft,none,7,1539121571,False,0.9216,0,5,0.7959,-2.7879,5,0.747,0.4366,0.01199,0.6083,0.7473,0.0671,0.4464
iran_interval_separate,Iranian-17,dft,none,7,1539121571,False,0.9216,1,1,0.9234,-1.4705,7,0.2306,0.5903,0.001,0.6156,0.7656,0.8475,0.4491
iran_interval_separate,Iranian-17,dft,none,7,1539121571,False,0.9216,2,12,0.9828,3.1416,12,0.9828,0.6023,0.0005,0.6061,0.7432,0.1211,0.4593
iran_interval_separate,Iranian-17,dft,none,7,1539121571,False,0.9216,3,7,0.878,-1.0471,7,0.4455,0.5209,0.002,0.6147,0.7713,0.2452,0.4927
iran_interval_separate,Iranian-17,dft,none,7,1539121571,False,0.9216,4,1,0.6928,-3.0374,1,0.6891,0.3288,0.14393,0.6076,0.7516,0.0176,0.4932
iran_interval_separate,Iranian-17,dft,none,7,1539121571,False,0.9216,5,4,0.6535,-0.0924,4,0.6504,0.2896,0.24838,0.6071,0.7483,0.3044,0.4609
iran_interval_separate,Iranian-17,dft,none,7,1539121571,False,0.9216,6,9,0.7512,-0.2031,9,0.7354,0.3949,0.06247,0.6119,0.7651,0.1309,0.4694
iran_interval_separate,Iranian-17,dft,input_shuffled,7,1539121571,False,0.9281,0,12,0.9816,-0.0,12,0.9816,0.6002,0.0005,0.6086,0.7487,0.0472,0.4102
iran_interval_separate,Iranian-17,dft,input_shuffled,7,1539121571,False,0.9281,1,6,0.9108,-0.3008,6,0.8933,0.7548,0.001,0.6134,0.7635,0.1426,0.4745
iran_interval_separate,Iranian-17,dft,input_shuffled,7,1539121571,False,0.9281,2,1,0.8993,1.4492,8,0.2349,0.5686,0.0025,0.6188,0.772,0.8943,0.4512
iran_interval_separate,Iranian-17,dft,input_shuffled,7,1539121571,False,0.9281,3,5,0.9205,-2.6965,5,0.8316,0.5685,0.0005,0.6083,0.7489,0.2559,0.4737
iran_interval_separate,Iranian-17,dft,input_shuffled,7,1539121571,False,0.9281,4,10,0.8174,-0.7075,10,0.6373,0.4534,0.008,0.6057,0.7465,0.1797,0.4768
iran_interval_separate,Iranian-17,dft,input_shuffled,7,1539121571,False,0.9281,5,8,0.9728,-1.0575,8,0.4552,0.679,0.0005,0.6124,0.7639,0.1129,0.473
iran_interval_separate,Iranian-17,dft,input_shuffled,7,1539121571,False,0.9281,6,9,0.7281,-0.6788,9,0.5567,0.3582,0.09995,0.6146,0.7641,0.1039,0.4903
iran_interval_separate,Iranian-17,dft,label_shuffled,7,1539121571,False,0.6601,0,5,0.5499,-2.9157,5,0.536,0.2071,0.5957,0.5695,0.672,0.0334,0.4632
iran_interval_separate,Iranian-17,dft,label_shuffled,7,1539121571,False,0.6601,1,6,0.5322,-1.9945,4,0.373,0.1905,0.81109,0.5943,0.7115,0.4546,0.4946
iran_interval_separate,Iranian-17,dft,label_shuffled,7,1539121571,False,0.6601,2,9,0.6508,0.9685,8,0.5665,0.2974,0.26187,0.6077,0.7545,0.0343,0.5111
iran_interval_separate,Iranian-17,dft,label_shuffled,7,1539121571,False,0.6601,3,5,0.5731,2.5785,7,0.5168,0.2161,0.62919,0.6046,0.7352,0.1154,0.48
iran_interval_separate,Iranian-17,dft,label_shuffled,7,1539121571,False,0.6601,4,7,0.6457,-1.5156,3,0.4344,0.2921,0.24938,0.5988,0.7289,0.2507,0.469
iran_interval_separate,Iranian-17,dft,label_shuffled,7,1539121571,False,0.6601,5,2,0.5315,-2.6301,2,0.4702,0.2105,0.81859,0.6023,0.7394,0.665,0.4402
iran_interval_separate,Iranian-17,dft,label_shuffled,7,1539121571,False,0.6601,6,3,0.71,0.8743,9,0.5013,0.3393,0.08396,0.5984,0.7323,0.1753,0.48
iran_interval_separate,Iranian-17,dft,none,7,1393487140,False,0.8889,0,5,0.8447,-2.6435,5,0.7431,0.4912,0.0045,0.6088,0.7479,0.2487,0.5109
iran_interval_separate,Iranian-17,dft,none,7,1393487140,False,0.8889,1,12,0.9657,3.1416,12,0.9657,0.5817,0.001,0.6082,0.7457,0.1442,0.5333
iran_interval_separate,Iranian-17,dft,none,7,1393487140,False,0.8889,2,9,0.7579,1.763,5,0.3066,0.4032,0.03898,0.6061,0.7451,0.1809,0.486
iran_interval_separate,Iranian-17,dft,none,7,1393487140,False,0.8889,3,1,0.9389,-1.6448,9,0.2097,0.5991,0.0005,0.6122,0.764,0.7726,0.4712
iran_interval_separate,Iranian-17,dft,none,7,1393487140,False,0.8889,4,10,0.7511,-1.2632,3,0.3493,0.3723,0.05897,0.6142,0.7598,0.0154,0.4535
iran_interval_separate,Iranian-17,dft,none,7,1393487140,False,0.8889,5,3,0.6179,-1.004,5,0.4672,0.2673,0.4048,0.605,0.7404,0.113,0.4751
iran_interval_separate,Iranian-17,dft,none,7,1393487140,False,0.8889,6,3,0.754,-2.6267,3,0.6513,0.3913,0.05697,0.6117,0.7604,0.091,0.5191
iran_interval_separate,Iranian-17,dft,input_shuffled,7,1393487140,False,0.8693,0,7,0.9369,-0.5302,7,0.8097,0.5811,0.0005,0.6073,0.7533,0.0035,0.5129
iran_interval_separate,Iranian-17,dft,input_shuffled,7,1393487140,False,0.8693,1,4,0.9365,1.1213,4,0.3866,0.6241,0.0005,0.6152,0.7614,0.2295,0.4685
iran_interval_separate,Iranian-17,dft,input_shuffled,7,1393487140,False,0.8693,2,12,0.9474,3.1416,12,0.9474,0.5599,0.0005,0.6016,0.7292,0.055,0.4423
iran_interval_separate,Iranian-17,dft,input_shuffled,7,1393487140,False,0.8693,3,1,0.9172,2.5332,1,0.7426,0.5655,0.001,0.6158,0.76,0.2145,0.5048
iran_interval_separate,Iranian-17,dft,input_shuffled,7,1393487140,False,0.8693,4,11,0.5354,-2.6679,11,0.4735,0.1976,0.82459,0.6105,0.757,0.023,0.4839
iran_interval_separate,Iranian-17,dft,input_shuffled,7,1393487140,False,0.8693,5,10,0.7818,-0.4368,10,0.716,0.4285,0.03198,0.6116,0.7647,0.1356,0.5092
iran_interval_separate,Iranian-17,dft,input_shuffled,7,1393487140,False,0.8693,6,1,0.9433,-1.9355,1,0.3807,0.6277,0.0005,0.6114,0.7571,0.862,0.4131
iran_interval_separate,Iranian-17,dft,label_shuffled,7,1393487140,False,0.6209,0,6,0.6701,-2.8824,6,0.6606,0.3522,0.2004,0.6059,0.7545,0.1799,0.5121
iran_interval_separate,Iranian-17,dft,label_shuffled,7,1393487140,False,0.6209,1,4,0.5482,-1.4768,7,0.4618,0.2088,0.77111,0.6092,0.7486,0.1199,0.4818
iran_interval_separate,Iranian-17,dft,label_shuffled,7,1393487140,False,0.6209,2,2,0.533,-0.4726,11,0.5163,0.1944,0.83058,0.6112,0.762,0.1267,0.4894
iran_interval_separate,Iranian-17,dft,label_shuffled,7,1393487140,False,0.6209,3,2,0.6878,0.1914,2,0.6767,0.3403,0.05947,0.5803,0.6955,0.0867,0.4474
iran_interval_separate,Iranian-17,dft,label_shuffled,7,1393487140,False,0.6209,4,5,0.5574,-0.2095,5,0.5452,0.2072,0.72864,0.6103,0.7507,0.1756,0.4724
iran_interval_separate,Iranian-17,dft,label_shuffled,7,1393487140,False,0.6209,5,9,0.758,3.0212,9,0.7525,0.4046,0.03198,0.6067,0.7413,0.5908,0.4659
iran_interval_separate,Iranian-17,dft,label_shuffled,7,1393487140,False,0.6209,6,6,0.5638,2.0305,2,0.4973,0.2184,0.68516,0.605,0.7429,0.3125,0.4906
iran_interval_separate,Iranian-17,dft,none,7,704923095,False,0.902,0,2,0.8523,1.4049,9,0.3228,0.4873,0.0015,0.6112,0.7618,0.3579,0.478
iran_interval_separate,Iranian-17,dft,none,7,704923095,False,0.902,1,5,0.8822,-2.8076,5,0.8338,0.5227,0.0015,0.613,0.7613,0.2073,0.4958
iran_interval_separate,Iranian-17,dft,none,7,704923095,False,0.902,2,1,0.9527,1.4421,6,0.2209,0.6447,0.0005,0.61,0.7572,0.7925,0.4702
iran_interval_separate,Iranian-17,dft,none,7,704923095,False,0.902,3,12,0.977,-0.0,12,0.977,0.5952,0.0005,0.607,0.7475,0.14,0.4894
iran_interval_separate,Iranian-17,dft,none,7,704923095,False,0.902,4,1,0.7106,0.2282,1,0.6927,0.3485,0.02999,0.5776,0.6916,0.4095,0.4514
iran_interval_separate,Iranian-17,dft,none,7,704923095,False,0.902,5,7,0.8983,-1.6031,2,0.2921,0.5538,0.002,0.6096,0.7502,0.0195,0.4587
iran_interval_separate,Iranian-17,dft,none,7,704923095,False,0.902,6,9,0.7786,2.533,9,0.6307,0.414,0.03348,0.6121,0.7622,0.0518,0.4963
iran_interval_separate,Iranian-17,dft,input_shuffled,7,704923095,False,0.9085,0,12,0.9894,3.1416,12,0.9894,0.6098,0.001,0.61,0.7434,0.1276,0.4672
iran_interval_separate,Iranian-17,dft,input_shuffled,7,704923095,False,0.9085,1,1,0.9173,-2.0841,1,0.4853,0.5813,0.002,0.6148,0.7714,0.8031,0.4561
iran_interval_separate,Iranian-17,dft,input_shuffled,7,704923095,False,0.9085,2,1,0.8804,-1.259,3,0.2708,0.5336,0.0025,0.613,0.7613,0.5881,0.494
iran_interval_separate,Iranian-17,dft,input_shuffled,7,704923095,False,0.9085,3,5,0.9604,-2.5544,5,0.8014,0.6117,0.0005,0.6086,0.744,0.2142,0.4809
iran_interval_separate,Iranian-17,dft,input_shuffled,7,704923095,False,0.9085,4,6,0.9448,3.0101,6,0.9414,0.8364,0.0005,0.6101,0.7523,0.0964,0.5062
iran_interval_separate,Iranian-17,dft,input_shuffled,7,704923095,False,0.9085,5,9,0.7038,2.7329,9,0.6434,0.3422,0.15042,0.6176,0.7646,0.0566,0.4942
iran_interval_separate,Iranian-17,dft,input_shuffled,7,704923095,False,0.9085,6,4,0.9141,-1.8778,1,0.336,0.6004,0.001,0.6168,0.7654,0.2047,0.4486
iran_interval_separate,Iranian-17,dft,label_shuffled,7,704923095,False,0.6601,0,6,0.7083,-1.709,11,0.495,0.3093,0.13143,0.6127,0.762,0.0519,0.4677
iran_interval_separate,Iranian-17,dft,label_shuffled,7,704923095,False,0.6601,1,6,0.5113,1.4106,11,0.4189,0.17,0.91104,0.5973,0.7224,0.2304,0.4746
iran_interval_separate,Iranian-17,dft,label_shuffled,7,704923095,False,0.6601,2,11,0.5635,-0.6783,11,0.4469,0.2298,0.55622,0.5779,0.6967,0.3592,0.4734
iran_interval_separate,Iranian-17,dft,label_shuffled,7,704923095,False,0.6601,3,3,0.6198,0.0082,3,0.6198,0.2667,0.38381,0.6042,0.7381,0.1289,0.4856
iran_interval_separate,Iranian-17,dft,label_shuffled,7,704923095,False,0.6601,4,2,0.6186,2.8287,2,0.5918,0.2643,0.37731,0.6021,0.7375,0.0167,0.4852
iran_interval_separate,Iranian-17,dft,label_shuffled,7,704923095,False,0.6601,5,7,0.6118,-2.1973,8,0.3794,0.2468,0.41779,0.6052,0.7424,0.0295,0.5121
iran_interval_separate,Iranian-17,dft,label_shuffled,7,704923095,False,0.6601,6,4,0.5266,2.5753,4,0.4361,0.1816,0.86757,0.6097,0.7444,0.1218,0.4552
iran_interval_separate,Iranian-17,dft,none,7,1064398671,False,0.9412,0,4,0.5795,-0.0001,4,0.5795,0.2287,0.58621,0.6074,0.7604,0.0625,0.423
iran_interval_separate,Iranian-17,dft,none,7,1064398671,False,0.9412,1,6,0.8518,-0.0441,6,0.8514,0.6469,0.0065,0.6103,0.7608,0.0882,0.481
iran_interval_separate,Iranian-17,dft,none,7,1064398671,False,0.9412,2,10,0.9244,-0.3274,10,0.8807,0.6137,0.001,0.611,0.758,0.2022,0.4365
iran_interval_separate,Iranian-17,dft,none,7,1064398671,False,0.9412,3,12,0.9538,3.1416,12,0.9538,0.5695,0.0005,0.608,0.7477,0.1799,0.5206
iran_interval_separate,Iranian-17,dft,none,7,1064398671,False,0.9412,4,1,0.8466,-2.2457,1,0.5521,0.5014,0.009,0.6146,0.766,0.7425,0.4691
iran_interval_separate,Iranian-17,dft,none,7,1064398671,False,0.9412,5,4,0.651,1.4339,3,0.5728,0.3048,0.26087,0.6068,0.7529,0.0156,0.4588
iran_interval_separate,Iranian-17,dft,none,7,1064398671,False,0.9412,6,7,0.9222,2.6586,7,0.8178,0.5752,0.0005,0.608,0.746,0.1843,0.4882
iran_interval_separate,Iranian-17,dft,input_shuffled,7,1064398671,False,0.8562,0,9,0.9202,0.7408,9,0.6946,0.6186,0.0005,0.6126,0.7628,0.1388,0.4585
iran_interval_separate,Iranian-17,dft,input_shuffled,7,1064398671,False,0.8562,1,6,0.9794,2.4117,6,0.8494,0.7953,0.0005,0.6167,0.7728,0.2057,0.5261
iran_interval_separate,Iranian-17,dft,input_shuffled,7,1064398671,False,0.8562,2,1,0.9667,1.4478,8,0.2212,0.655,0.0005,0.6135,0.761,0.7953,0.4566
iran_interval_separate,Iranian-17,dft,input_shuffled,7,1064398671,False,0.8562,3,8,0.7426,-1.3032,7,0.2926,0.3931,0.06597,0.6099,0.7554,0.0933,0.488
iran_interval_separate,Iranian-17,dft,input_shuffled,7,1064398671,False,0.8562,4,12,0.964,-0.0,12,0.964,0.579,0.001,0.6069,0.7419,0.081,0.4436
iran_interval_separate,Iranian-17,dft,input_shuffled,7,1064398671,False,0.8562,5,2,0.7347,2.7159,2,0.676,0.3787,0.07896,0.6124,0.7586,0.0644,0.4589
iran_interval_separate,Iranian-17,dft,input_shuffled,7,1064398671,False,0.8562,6,5,0.9463,0.542,5,0.8121,0.5981,0.0005,0.6115,0.7631,0.1614,0.4425
iran_interval_separate,Iranian-17,dft,label_shuffled,7,1064398671,False,0.6536,0,4,0.5436,1.9684,3,0.3893,0.1963,0.76712,0.5989,0.7282,0.1927,0.5128
iran_interval_separate,Iranian-17,dft,label_shuffled,7,1064398671,False,0.6536,1,1,0.6777,-2.0684,12,0.4037,0.2929,0.17491,0.6056,0.7434,0.4176,0.4963
iran_interval_separate,Iranian-17,dft,label_shuffled,7,1064398671,False,0.6536,2,2,0.5801,2.1229,11,0.3698,0.2337,0.58421,0.6042,0.7344,0.0156,0.47
iran_interval_separate,Iranian-17,dft,label_shuffled,7,1064398671,False,0.6536,3,1,0.553,-0.2119,1,0.5403,0.2162,0.73963,0.6067,0.7453,0.0392,0.4446
iran_interval_separate,Iranian-17,dft,label_shuffled,7,1064398671,False,0.6536,4,8,0.5953,-0.6516,8,0.4621,0.2462,0.54973,0.6129,0.7546,0.3854,0.4243
iran_interval_separate,Iranian-17,dft,label_shuffled,7,1064398671,False,0.6536,5,9,0.7147,-0.0746,9,0.7127,0.3472,0.10445,0.6075,0.7524,0.3245,0.4741
iran_interval_separate,Iranian-17,dft,label_shuffled,7,1064398671,False,0.6536,6,8,0.5929,-2.3317,9,0.4491,0.2455,0.51524,0.6034,0.7428,0.2076,0.4368
iran_interval_collapsed,Iranian-17,dft,none,7,449480147,False,0.8562,0,8,0.791,-0.0132,8,0.7909,0.4065,0.01549,0.6046,0.7402,0.3732,0.4951
iran_interval_collapsed,Iranian-17,dft,none,7,449480147,False,0.8562,1,10,0.9501,0.0049,10,0.9501,0.6792,0.001,0.6177,0.7716,0.1807,0.4603
iran_interval_collapsed,Iranian-17,dft,none,7,449480147,False,0.8562,2,4,0.9195,3.1374,4,0.9195,0.5659,0.0005,0.6125,0.7591,0.0141,0.5119
iran_interval_collapsed,Iranian-17,dft,none,7,449480147,False,0.8562,3,11,0.9599,-0.782,11,0.7004,0.5892,0.0005,0.6127,0.7608,0.3297,0.5052
iran_interval_collapsed,Iranian-17,dft,none,7,449480147,False,0.8562,4,5,0.9811,0.7799,5,0.7013,0.6358,0.0005,0.6094,0.7508,0.1261,0.4992
iran_interval_collapsed,Iranian-17,dft,none,7,449480147,False,0.8562,5,2,0.9929,-1.5763,9,0.2038,0.6571,0.0005,0.6146,0.7625,0.3635,0.4695
iran_interval_collapsed,Iranian-17,dft,none,7,449480147,False,0.8562,6,12,0.9973,-0.0,12,0.9973,0.6178,0.0015,0.6046,0.7441,0.1102,0.5298
iran_interval_collapsed,Iranian-17,dft,input_shuffled,7,449480147,False,0.9346,0,2,0.9509,2.844,2,0.9137,0.6697,0.0005,0.6136,0.7625,0.0061,0.4911
iran_interval_collapsed,Iranian-17,dft,input_shuffled,7,449480147,False,0.9346,1,7,0.9692,2.3259,7,0.6684,0.6304,0.0005,0.6073,0.7488,0.1207,0.5015
iran_interval_collapsed,Iranian-17,dft,input_shuffled,7,449480147,False,0.9346,2,5,0.8969,1.0861,5,0.4248,0.5459,0.0005,0.5993,0.7279,0.0071,0.4976
iran_interval_collapsed,Iranian-17,dft,input_shuffled,7,449480147,False,0.9346,3,12,0.9681,3.1416,12,0.9681,0.5816,0.001,0.6117,0.7525,0.0593,0.4539
iran_interval_collapsed,Iranian-17,dft,input_shuffled,7,449480147,False,0.9346,4,3,0.9563,2.2258,3,0.6086,0.666,0.0005,0.615,0.7648,0.1796,0.469
iran_interval_collapsed,Iranian-17,dft,input_shuffled,7,449480147,False,0.9346,5,11,0.8348,0.1268,11,0.828,0.4825,0.004,0.6081,0.7446,0.1817,0.4996
iran_interval_collapsed,Iranian-17,dft,input_shuffled,7,449480147,False,0.9346,6,9,0.8091,-1.4365,11,0.224,0.4584,0.01549,0.6112,0.7584,0.118,0.487
iran_interval_collapsed,Iranian-17,dft,label_shuffled,7,449480147,False,0.6536,0,1,0.619,2.0494,5,0.3058,0.2731,0.2069,0.5688,0.6833,0.3173,0.5088
iran_interval_collapsed,Iranian-17,dft,label_shuffled,7,449480147,False,0.6536,1,7,0.5672,0.6215,12,0.5231,0.2155,0.62169,0.5955,0.7278,0.1651,0.4483
iran_interval_collapsed,Iranian-17,dft,label_shuffled,7,449480147,False,0.6536,2,9,0.5746,1.8011,3,0.3964,0.221,0.62119,0.6093,0.7581,0.0237,0.4862
iran_interval_collapsed,Iranian-17,dft,label_shuffled,7,449480147,False,0.6536,3,7,0.5397,1.6976,4,0.3755,0.2031,0.8006,0.6068,0.75,0.2227,0.4641
iran_interval_collapsed,Iranian-17,dft,label_shuffled,7,449480147,False,0.6536,4,10,0.639,-1.0849,11,0.4229,0.2891,0.2084,0.5866,0.7035,0.0664,0.5283
iran_interval_collapsed,Iranian-17,dft,label_shuffled,7,449480147,False,0.6536,5,7,0.5227,-0.4979,7,0.4599,0.1899,0.87256,0.6053,0.745,0.2878,0.49
iran_interval_collapsed,Iranian-17,dft,label_shuffled,7,449480147,False,0.6536,6,7,0.5541,0.8601,9,0.3946,0.2207,0.55672,0.5697,0.6824,0.0201,0.4995
iran_interval_collapsed,Iranian-17,dft,none,7,1568791131,False,0.9281,0,7,0.9897,-1.3278,12,0.3777,0.6573,0.0005,0.6088,0.752,0.046,0.4592
iran_interval_collapsed,Iranian-17,dft,none,7,1568791131,False,0.9281,1,2,0.8792,0.7186,2,0.6793,0.5462,0.0025,0.6116,0.7529,0.3429,0.4197
iran_interval_collapsed,Iranian-17,dft,none,7,1568791131,False,0.9281,2,9,0.9597,-1.6085,4,0.2732,0.6457,0.0005,0.6112,0.7604,0.0556,0.4858
iran_interval_collapsed,Iranian-17,dft,none,7,1568791131,False,0.9281,3,11,0.979,2.1398,11,0.5611,0.6597,0.0005,0.6131,0.7554,0.4238,0.4784
iran_interval_collapsed,Iranian-17,dft,none,7,1568791131,False,0.9281,4,12,0.9709,-0.0,12,0.9709,0.5862,0.001,0.6107,0.7482,0.1824,0.479
iran_interval_collapsed,Iranian-17,dft,none,7,1568791131,False,0.9281,5,5,0.768,-3.0835,5,0.7667,0.4047,0.03198,0.6084,0.7409,0.0385,0.4276
iran_interval_collapsed,Iranian-17,dft,none,7,1568791131,False,0.9281,6,10,0.5648,0.4133,10,0.5222,0.234,0.62119,0.5951,0.7298,0.4048,0.4828
iran_interval_collapsed,Iranian-17,dft,input_shuffled,7,1568791131,False,0.9346,0,1,0.9244,1.6167,8,0.2639,0.5765,0.001,0.612,0.7575,0.7107,0.4681
iran_interval_collapsed,Iranian-17,dft,input_shuffled,7,1568791131,False,0.9346,1,2,0.961,2.1461,2,0.546,0.6369,0.0005,0.6092,0.7582,0.2318,0.5095
iran_interval_collapsed,Iranian-17,dft,input_shuffled,7,1568791131,False,0.9346,2,3,0.9662,-1.0345,3,0.5271,0.6779,0.0005,0.6119,0.7642,0.1884,0.4211
iran_interval_collapsed,Iranian-17,dft,input_shuffled,7,1568791131,False,0.9346,3,7,0.8802,0.2964,7,0.8416,0.5223,0.0025,0.6124,0.7555,0.341,0.5368
iran_interval_collapsed,Iranian-17,dft,input_shuffled,7,1568791131,False,0.9346,4,12,0.9643,-0.0,12,0.9643,0.5812,0.0005,0.6081,0.7442,0.1609,0.4753
iran_interval_collapsed,Iranian-17,dft,input_shuffled,7,1568791131,False,0.9346,5,7,0.782,-1.3321,6,0.2715,0.4287,0.01299,0.6021,0.7328,0.3071,0.4991
iran_interval_collapsed,Iranian-17,dft,input_shuffled,7,1568791131,False,0.9346,6,8,0.659,-2.0971,11,0.4672,0.3159,0.24238,0.6078,0.7509,0.3047,0.4688
iran_interval_collapsed,Iranian-17,dft,label_shuffled,7,1568791131,False,0.719,0,6,0.662,-1.9474,12,0.5466,0.2846,0.1944,0.6001,0.7297,0.0467,0.4927
iran_interval_collapsed,Iranian-17,dft,label_shuffled,7,1568791131,False,0.719,1,5,0.6831,-2.6806,5,0.6125,0.3037,0.11344,0.5942,0.722,0.2201,0.4828
iran_interval_collapsed,Iranian-17,dft,label_shuffled,7,1568791131,False,0.719,2,7,0.6655,-0.7684,7,0.481,0.3058,0.21239,0.6075,0.7524,0.1005,0.4254
iran_interval_collapsed,Iranian-17,dft,label_shuffled,7,1568791131,False,0.719,3,1,0.6957,-0.7686,1,0.4862,0.3375,0.14393,0.6107,0.7583,0.3149,0.4863
iran_interval_collapsed,Iranian-17,dft,label_shuffled,7,1568791131,False,0.719,4,6,0.5159,1.1769,7,0.4646,0.183,0.89255,0.6052,0.7423,0.243,0.5024
iran_interval_collapsed,Iranian-17,dft,label_shuffled,7,1568791131,False,0.719,5,9,0.5259,0.2392,9,0.5114,0.1859,0.85307,0.602,0.736,0.4006,0.4519
iran_interval_collapsed,Iranian-17,dft,label_shuffled,7,1568791131,False,0.719,6,5,0.5216,-3.0283,5,0.5183,0.1856,0.86057,0.6008,0.7342,0.0466,0.4732
iran_interval_collapsed,Iranian-17,dft,none,7,1210503123,False,0.9869,0,10,0.9439,-2.9224,10,0.9239,0.6633,0.0005,0.6156,0.7692,0.1227,0.4869
iran_interval_collapsed,Iranian-17,dft,none,7,1210503123,False,0.9869,1,11,0.9358,2.3592,11,0.6826,0.551,0.0005,0.6095,0.7487,0.2705,0.4866
iran_interval_collapsed,Iranian-17,dft,none,7,1210503123,False,0.9869,2,6,0.9783,-0.0676,6,0.9774,0.9338,0.0005,0.6119,0.7613,0.0904,0.5316
iran_interval_collapsed,Iranian-17,dft,none,7,1210503123,False,0.9869,3,7,0.9792,2.3497,7,0.6918,0.64,0.0005,0.6097,0.7571,0.1265,0.4933
iran_interval_collapsed,Iranian-17,dft,none,7,1210503123,False,0.9869,4,3,0.9895,-0.7907,3,0.7154,0.7143,0.0005,0.6169,0.7615,0.1703,0.4835
iran_interval_collapsed,Iranian-17,dft,none,7,1210503123,False,0.9869,5,8,0.9759,1.7687,1,0.2604,0.6925,0.0005,0.616,0.7649,0.0327,0.496
iran_interval_collapsed,Iranian-17,dft,none,7,1210503123,False,0.9869,6,12,0.9888,3.1416,12,0.9888,0.6098,0.001,0.6082,0.7506,0.1538,0.4264
iran_interval_collapsed,Iranian-17,dft,input_shuffled,7,1210503123,False,0.8954,0,7,0.8908,-1.6976,2,0.2744,0.5424,0.003,0.6131,0.7584,0.164,0.4766
iran_interval_collapsed,Iranian-17,dft,input_shuffled,7,1210503123,False,0.8954,1,1,0.905,0.4984,1,0.8008,0.5398,0.001,0.614,0.7626,0.351,0.4841
iran_interval_collapsed,Iranian-17,dft,input_shuffled,7,1210503123,False,0.8954,2,7,0.9065,-3.1067,7,0.9059,0.5616,0.002,0.617,0.7759,0.1367,0.4602
iran_interval_collapsed,Iranian-17,dft,input_shuffled,7,1210503123,False,0.8954,3,5,0.929,-2.1787,5,0.5363,0.5773,0.0005,0.6052,0.7364,0.0489,0.4641
iran_interval_collapsed,Iranian-17,dft,input_shuffled,7,1210503123,False,0.8954,4,12,0.6025,3.1416,12,0.6025,0.2406,0.48076,0.6069,0.7492,0.0408,0.4645
iran_interval_collapsed,Iranian-17,dft,input_shuffled,7,1210503123,False,0.8954,5,3,0.8641,3.0788,3,0.8624,0.5254,0.004,0.6113,0.7619,0.1086,0.4544
iran_interval_collapsed,Iranian-17,dft,input_shuffled,7,1210503123,False,0.8954,6,12,0.9825,3.1416,12,0.9825,0.6024,0.001,0.6087,0.747,0.1234,0.4504
iran_interval_collapsed,Iranian-17,dft,label_shuffled,7,1210503123,False,0.6863,0,8,0.6536,1.6028,3,0.326,0.3027,0.22689,0.6005,0.7286,0.1338,0.4553
iran_interval_collapsed,Iranian-17,dft,label_shuffled,7,1210503123,False,0.6863,1,2,0.8029,-1.498,4,0.2759,0.4349,0.009,0.6047,0.7427,0.189,0.4624
iran_interval_collapsed,Iranian-17,dft,label_shuffled,7,1210503123,False,0.6863,2,9,0.5617,-2.9762,9,0.5542,0.2254,0.68666,0.6023,0.7288,0.3487,0.4699
iran_interval_collapsed,Iranian-17,dft,label_shuffled,7,1210503123,False,0.6863,3,1,0.6104,2.5325,11,0.5718,0.2663,0.31034,0.5823,0.6987,0.0409,0.4605
iran_interval_collapsed,Iranian-17,dft,label_shuffled,7,1210503123,False,0.6863,4,2,0.6627,2.7572,2,0.6194,0.3007,0.21289,0.6032,0.7362,0.1046,0.5255
iran_interval_collapsed,Iranian-17,dft,label_shuffled,7,1210503123,False,0.6863,5,5,0.5089,-0.1661,5,0.5019,0.1757,0.89455,0.5908,0.7163,0.2332,0.4235
iran_interval_collapsed,Iranian-17,dft,label_shuffled,7,1210503123,False,0.6863,6,1,0.6498,-1.8515,4,0.451,0.2729,0.27736,0.6077,0.7524,0.5813,0.5192
iran_interval_collapsed,Iranian-17,dft,none,7,1428735545,False,0.9542,0,5,0.9795,1.0234,12,0.5334,0.6377,0.0005,0.6092,0.7491,0.2394,0.4914
iran_interval_collapsed,Iranian-17,dft,none,7,1428735545,False,0.9542,1,6,0.9382,2.3698,6,0.7958,0.7044,0.001,0.6128,0.7563,0.1975,0.5014
iran_interval_collapsed,Iranian-17,dft,none,7,1428735545,False,0.9542,2,1,0.9176,-0.7846,1,0.6301,0.5742,0.0005,0.6093,0.7566,0.3934,0.4884
iran_interval_collapsed,Iranian-17,dft,none,7,1428735545,False,0.9542,3,7,0.9085,-2.6899,7,0.8166,0.5592,0.001,0.6137,0.7581,0.2719,0.4759
iran_interval_collapsed,Iranian-17,dft,none,7,1428735545,False,0.9542,4,12,0.9711,3.1416,12,0.9711,0.5909,0.001,0.607,0.746,0.0866,0.497
iran_interval_collapsed,Iranian-17,dft,none,7,1428735545,False,0.9542,5,5,0.7507,-2.676,5,0.6715,0.389,0.04248,0.6086,0.7423,0.2882,0.496
iran_interval_collapsed,Iranian-17,dft,none,7,1428735545,False,0.9542,6,9,0.9494,0.6069,9,0.7896,0.6532,0.0005,0.6156,0.7714,0.1628,0.5457
iran_interval_collapsed,Iranian-17,dft,input_shuffled,7,1428735545,False,0.9412,0,12,0.9802,3.1416,12,0.9802,0.5967,0.0015,0.6037,0.7459,0.0539,0.4883
iran_interval_collapsed,Iranian-17,dft,input_shuffled,7,1428735545,False,0.9412,1,6,0.985,-2.42,6,0.8577,0.8074,0.0005,0.6194,0.7762,0.1004,0.4828
iran_interval_collapsed,Iranian-17,dft,input_shuffled,7,1428735545,False,0.9412,2,7,0.8636,-2.0572,7,0.3971,0.5088,0.0045,0.6122,0.7591,0.0157,0.5124
iran_interval_collapsed,Iranian-17,dft,input_shuffled,7,1428735545,False,0.9412,3,7,0.9631,2.6562,7,0.853,0.6223,0.0005,0.6117,0.7531,0.0392,0.4521
iran_interval_collapsed,Iranian-17,dft,input_shuffled,7,1428735545,False,0.9412,4,5,0.947,-2.4684,5,0.743,0.604,0.0005,0.6089,0.75,0.1607,0.5301
iran_interval_collapsed,Iranian-17,dft,input_shuffled,7,1428735545,False,0.9412,5,9,0.9483,0.98,9,0.5578,0.6529,0.0005,0.6131,0.7589,0.0816,0.4924
iran_interval_collapsed,Iranian-17,dft,input_shuffled,7,1428735545,False,0.9412,6,5,0.6711,0.9434,5,0.3979,0.3051,0.10245,0.5881,0.7041,0.045,0.452
iran_interval_collapsed,Iranian-17,dft,label_shuffled,7,1428735545,False,0.6863,0,9,0.6614,-2.7011,9,0.6012,0.3025,0.16392,0.5915,0.7179,0.2537,0.5574
iran_interval_collapsed,Iranian-17,dft,label_shuffled,7,1428735545,False,0.6863,1,5,0.4516,-3.0942,5,0.4511,0.1448,0.995,0.5903,0.7069,0.1437,0.5097
iran_interval_collapsed,Iranian-17,dft,label_shuffled,7,1428735545,False,0.6863,2,12,0.667,-0.0,12,0.667,0.2994,0.21889,0.6087,0.7446,0.0083,0.4861
iran_interval_collapsed,Iranian-17,dft,label_shuffled,7,1428735545,False,0.6863,3,6,0.6275,-2.5259,6,0.5714,0.2949,0.35932,0.6077,0.7501,0.0397,0.5369
iran_interval_collapsed,Iranian-17,dft,label_shuffled,7,1428735545,False,0.6863,4,5,0.5685,-0.496,5,0.4993,0.226,0.64618,0.6057,0.7442,0.0323,0.4333
iran_interval_collapsed,Iranian-17,dft,label_shuffled,7,1428735545,False,0.6863,5,2,0.6698,2.3034,2,0.4633,0.3118,0.21289,0.6088,0.7472,0.1245,0.4575
iran_interval_collapsed,Iranian-17,dft,label_shuffled,7,1428735545,False,0.6863,6,6,0.7084,1.5615,11,0.6226,0.311,0.05147,0.5885,0.7087,0.375,0.4752
iran_interval_collapsed,Iranian-17,dft,none,7,99546602,False,0.9085,0,12,0.9968,-0.0,12,0.9968,0.6148,0.001,0.6099,0.744,0.1337,0.4189
iran_interval_collapsed,Iranian-17,dft,none,7,99546602,False,0.9085,1,9,0.9597,0.7111,9,0.7418,0.6697,0.0005,0.6151,0.7659,0.1121,0.4946
iran_interval_collapsed,Iranian-17,dft,none,7,99546602,False,0.9085,2,6,0.9686,-0.5987,6,0.8873,0.8154,0.0005,0.6119,0.7611,0.1296,0.4914
iran_interval_collapsed,Iranian-17,dft,none,7,99546602,False,0.9085,3,5,0.9952,0.7963,5,0.7,0.6597,0.0005,0.611,0.7575,0.1251,0.4898
iran_interval_collapsed,Iranian-17,dft,none,7,99546602,False,0.9085,4,10,0.9867,0.0433,10,0.9858,0.7165,0.0005,0.6125,0.7579,0.2221,0.5088
iran_interval_collapsed,Iranian-17,dft,none,7,99546602,False,0.9085,5,12,0.9896,3.1416,12,0.9896,0.6079,0.0005,0.6083,0.7485,0.1765,0.5005
iran_interval_collapsed,Iranian-17,dft,none,7,99546602,False,0.9085,6,2,0.9865,1.5183,3,0.2436,0.6504,0.0005,0.6091,0.7623,0.4085,0.4143
iran_interval_collapsed,Iranian-17,dft,input_shuffled,7,99546602,False,0.9346,0,12,0.8996,-0.0,12,0.8996,0.5059,0.0005,0.5808,0.6961,0.2951,0.494
iran_interval_collapsed,Iranian-17,dft,input_shuffled,7,99546602,False,0.9346,1,9,0.9883,0.0303,9,0.9878,0.6818,0.0005,0.614,0.7571,0.3224,0.4564
iran_interval_collapsed,Iranian-17,dft,input_shuffled,7,99546602,False,0.9346,2,7,0.9676,-0.5472,7,0.8279,0.6198,0.0005,0.6115,0.7555,0.1108,0.484
iran_interval_collapsed,Iranian-17,dft,input_shuffled,7,99546602,False,0.9346,3,10,0.9856,2.6378,10,0.8752,0.6977,0.0005,0.6098,0.7596,0.3591,0.5132
iran_interval_collapsed,Iranian-17,dft,input_shuffled,7,99546602,False,0.9346,4,10,0.8284,-2.098,6,0.5362,0.515,0.01049,0.6131,0.7632,0.0546,0.5054
iran_interval_collapsed,Iranian-17,dft,input_shuffled,7,99546602,False,0.9346,5,12,0.9881,3.1416,12,0.9881,0.6081,0.0015,0.6076,0.7519,0.0763,0.4749
iran_interval_collapsed,Iranian-17,dft,input_shuffled,7,99546602,False,0.9346,6,1,0.9601,1.1886,1,0.4022,0.6263,0.0005,0.6131,0.7602,0.6898,0.4955
iran_interval_collapsed,Iranian-17,dft,label_shuffled,7,99546602,False,0.6993,0,11,0.6036,2.5159,8,0.5096,0.2435,0.43028,0.5974,0.7213,0.3597,0.426
iran_interval_collapsed,Iranian-17,dft,label_shuffled,7,99546602,False,0.6993,1,7,0.6341,-2.517,7,0.513,0.2815,0.34883,0.6093,0.7508,0.2115,0.4678
iran_interval_collapsed,Iranian-17,dft,label_shuffled,7,99546602,False,0.6993,2,6,0.7682,1.4558,1,0.4336,0.3579,0.02599,0.6032,0.7396,0.0024,0.438
iran_interval_collapsed,Iranian-17,dft,label_shuffled,7,99546602,False,0.6993,3,1,0.6396,0.8604,1,0.4331,0.2863,0.30135,0.6072,0.7479,0.6366,0.4273
iran_interval_collapsed,Iranian-17,dft,label_shuffled,7,99546602,False,0.6993,4,1,0.5356,2.5785,1,0.4481,0.2066,0.76912,0.5888,0.7113,0.1821,0.4487
iran_interval_collapsed,Iranian-17,dft,label_shuffled,7,99546602,False,0.6993,5,12,0.5271,-0.0,12,0.5271,0.1894,0.84758,0.6026,0.7398,0.0499,0.4949
iran_interval_collapsed,Iranian-17,dft,label_shuffled,7,99546602,False,0.6993,6,4,0.6422,-2.003,10,0.556,0.3001,0.29985,0.6081,0.7456,0.1596,0.4806
iran_interval_collapsed,Iranian-17,dft,none,7,1391017645,False,0.8693,0,4,0.9281,0.0643,4,0.926,0.5764,0.001,0.6122,0.7596,0.0483,0.4807
iran_interval_collapsed,Iranian-17,dft,none,7,1391017645,False,0.8693,1,12,0.9771,-0.0,12,0.9771,0.5941,0.002,0.6084,0.7477,0.104,0.444
iran_interval_collapsed,Iranian-17,dft,none,7,1391017645,False,0.8693,2,3,0.9675,0.807,3,0.6486,0.6356,0.0005,0.6103,0.7557,0.1129,0.4665
iran_interval_collapsed,Iranian-17,dft,none,7,1391017645,False,0.8693,3,1,0.9807,2.322,1,0.6466,0.6509,0.0005,0.6111,0.7549,0.484,0.4217
iran_interval_collapsed,Iranian-17,dft,none,7,1391017645,False,0.8693,4,3,0.9723,2.3345,3,0.6925,0.6822,0.0005,0.6177,0.7712,0.1313,0.4511
iran_interval_collapsed,Iranian-17,dft,none,7,1391017645,False,0.8693,5,7,0.7929,2.0768,12,0.5919,0.4171,0.02199,0.6077,0.7541,0.066,0.518
iran_interval_collapsed,Iranian-17,dft,none,7,1391017645,False,0.8693,6,5,0.8876,-2.3572,5,0.6317,0.5348,0.001,0.6079,0.7443,0.0638,0.4672
iran_interval_collapsed,Iranian-17,dft,input_shuffled,7,1391017645,False,0.9346,0,11,0.6513,-2.9078,11,0.6332,0.3126,0.26737,0.6103,0.7527,0.3843,0.459
iran_interval_collapsed,Iranian-17,dft,input_shuffled,7,1391017645,False,0.9346,1,5,0.7994,-2.869,5,0.7701,0.436,0.01449,0.6054,0.7448,0.2214,0.5238
iran_interval_collapsed,Iranian-17,dft,input_shuffled,7,1391017645,False,0.9346,2,3,0.9321,-1.306,9,0.3444,0.6278,0.0005,0.6136,0.7645,0.1209,0.4365
iran_interval_collapsed,Iranian-17,dft,input_shuffled,7,1391017645,False,0.9346,3,10,0.9424,-0.4855,10,0.8444,0.6388,0.001,0.6146,0.7675,0.3353,0.5177
iran_interval_collapsed,Iranian-17,dft,input_shuffled,7,1391017645,False,0.9346,4,7,0.7409,-0.1283,7,0.7348,0.3756,0.05447,0.6025,0.7444,0.0442,0.4867
iran_interval_collapsed,Iranian-17,dft,input_shuffled,7,1391017645,False,0.9346,5,7,0.8853,-0.7405,7,0.6565,0.5187,0.0005,0.6076,0.7445,0.2607,0.4746
iran_interval_collapsed,Iranian-17,dft,input_shuffled,7,1391017645,False,0.9346,6,12,0.9824,-0.0,12,0.9824,0.6003,0.0015,0.6047,0.7464,0.0319,0.5277
iran_interval_collapsed,Iranian-17,dft,label_shuffled,7,1391017645,False,0.5948,0,9,0.7001,-1.4767,7,0.3529,0.3387,0.12444,0.6059,0.7445,0.1861,0.4774
iran_interval_collapsed,Iranian-17,dft,label_shuffled,7,1391017645,False,0.5948,1,9,0.5037,0.978,2,0.4832,0.1792,0.92804,0.6046,0.741,0.0834,0.4863
iran_interval_collapsed,Iranian-17,dft,label_shuffled,7,1391017645,False,0.5948,2,5,0.5274,0.4141,5,0.4832,0.1877,0.77011,0.5787,0.6922,0.1028,0.4626
iran_interval_collapsed,Iranian-17,dft,label_shuffled,7,1391017645,False,0.5948,3,4,0.5421,0.7127,11,0.4198,0.2074,0.77761,0.605,0.7445,0.0513,0.4727
iran_interval_collapsed,Iranian-17,dft,label_shuffled,7,1391017645,False,0.5948,4,1,0.5321,-1.3894,7,0.3686,0.1913,0.81809,0.5972,0.73,0.2065,0.4988
iran_interval_collapsed,Iranian-17,dft,label_shuffled,7,1391017645,False,0.5948,5,2,0.476,-2.2037,6,0.4157,0.1663,0.98251,0.6101,0.7598,0.0456,0.5171
iran_interval_collapsed,Iranian-17,dft,label_shuffled,7,1391017645,False,0.5948,6,7,0.5164,0.6037,7,0.4241,0.1839,0.85857,0.5927,0.7148,0.1368,0.4893
iran_interval_collapsed,Iranian-17,dft,none,7,652791867,False,0.9281,0,12,0.9709,-0.0,12,0.9709,0.594,0.0005,0.6093,0.7451,0.2075,0.4801
iran_interval_collapsed,Iranian-17,dft,none,7,652791867,False,0.9281,1,7,0.9606,2.3872,7,0.7034,0.6137,0.0005,0.6131,0.7649,0.1398,0.4657
iran_interval_collapsed,Iranian-17,dft,none,7,652791867,False,0.9281,2,2,0.9363,-0.1804,2,0.9229,0.6524,0.001,0.6176,0.774,0.0012,0.4941
iran_interval_collapsed,Iranian-17,dft,none,7,652791867,False,0.9281,3,3,0.9705,-0.8135,3,0.6871,0.6781,0.0005,0.6145,0.766,0.2038,0.4684
iran_interval_collapsed,Iranian-17,dft,none,7,652791867,False,0.9281,4,5,0.8321,0.9965,5,0.4575,0.4743,0.0005,0.5873,0.6931,0.002,0.4362
iran_interval_collapsed,Iranian-17,dft,none,7,652791867,False,0.9281,5,8,0.7918,-1.5883,9,0.3837,0.4593,0.02349,0.6108,0.7534,0.0567,0.481
iran_interval_collapsed,Iranian-17,dft,none,7,652791867,False,0.9281,6,6,0.9623,-0.51,6,0.9057,0.8265,0.0005,0.6146,0.7638,0.1654,0.4833
iran_interval_collapsed,Iranian-17,dft,input_shuffled,7,652791867,False,0.915,0,12,0.9789,-0.0,12,0.9789,0.5971,0.0015,0.6103,0.751,0.1512,0.5547
iran_interval_collapsed,Iranian-17,dft,input_shuffled,7,652791867,False,0.915,1,7,0.8842,2.2081,12,0.5776,0.5139,0.0015,0.6114,0.7524,0.107,0.4922
iran_interval_collapsed,Iranian-17,dft,input_shuffled,7,652791867,False,0.915,2,5,0.8046,0.8574,5,0.5304,0.4417,0.007,0.6059,0.738,0.1577,0.4901
iran_interval_collapsed,Iranian-17,dft,input_shuffled,7,652791867,False,0.915,3,7,0.5305,0.8729,3,0.4435,0.1851,0.78261,0.581,0.6936,0.0547,0.4365
iran_interval_collapsed,Iranian-17,dft,input_shuffled,7,652791867,False,0.915,4,6,0.9458,-0.742,6,0.8152,0.7271,0.0005,0.6163,0.7655,0.1467,0.4711
iran_interval_collapsed,Iranian-17,dft,input_shuffled,7,652791867,False,0.915,5,3,0.9921,1.8992,3,0.366,0.7028,0.0005,0.6113,0.7541,0.2672,0.4588
iran_interval_collapsed,Iranian-17,dft,input_shuffled,7,652791867,False,0.915,6,10,0.9426,-2.8176,10,0.8989,0.6578,0.0005,0.6122,0.7545,0.1007,0.5057
iran_interval_collapsed,Iranian-17,dft,label_shuffled,7,652791867,False,0.6471,0,6,0.6497,-1.6325,11,0.5548,0.2683,0.25187,0.6018,0.7352,0.1442,0.4751
iran_interval_collapsed,Iranian-17,dft,label_shuffled,7,652791867,False,0.6471,1,3,0.543,-1.8225,12,0.4096,0.2051,0.73963,0.5918,0.718,0.112,0.4899
iran_interval_collapsed,Iranian-17,dft,label_shuffled,7,652791867,False,0.6471,2,3,0.5165,2.8199,3,0.4909,0.1956,0.89255,0.6068,0.7538,0.0316,0.4932
iran_interval_collapsed,Iranian-17,dft,label_shuffled,7,652791867,False,0.6471,3,9,0.629,-2.5546,1,0.5831,0.2798,0.27186,0.5916,0.7177,0.0995,0.4968
iran_interval_collapsed,Iranian-17,dft,label_shuffled,7,652791867,False,0.6471,4,8,0.5965,-0.129,8,0.5909,0.2463,0.48826,0.6015,0.7334,0.4512,0.4664
iran_interval_collapsed,Iranian-17,dft,label_shuffled,7,652791867,False,0.6471,5,9,0.6414,2.9925,9,0.6342,0.281,0.27586,0.5994,0.7272,0.4093,0.5237
iran_interval_collapsed,Iranian-17,dft,label_shuffled,7,652791867,False,0.6471,6,6,0.7072,-1.0591,11,0.6273,0.3457,0.11494,0.6066,0.75,0.1432,0.5027
iran_interval_collapsed,Iranian-17,dft,none,7,1154673685,False,0.9346,0,12,0.9869,3.1416,12,0.9869,0.6071,0.001,0.6127,0.7504,0.0256,0.436
iran_interval_collapsed,Iranian-17,dft,none,7,1154673685,False,0.9346,1,3,0.97,3.0637,3,0.9671,0.6615,0.0005,0.6101,0.7572,0.1519,0.4943
iran_interval_collapsed,Iranian-17,dft,none,7,1154673685,False,0.9346,2,3,0.9126,-1.8518,9,0.3903,0.5703,0.0005,0.6166,0.7727,0.2091,0.5059
iran_interval_collapsed,Iranian-17,dft,none,7,1154673685,False,0.9346,3,5,0.9199,-2.4573,5,0.7154,0.5596,0.0005,0.6057,0.7469,0.0346,0.4271
iran_interval_collapsed,Iranian-17,dft,none,7,1154673685,False,0.9346,4,1,0.8011,-2.5105,1,0.6565,0.4424,0.009,0.6044,0.7447,0.186,0.5108
iran_interval_collapsed,Iranian-17,dft,none,7,1154673685,False,0.9346,5,7,0.9264,2.6587,7,0.8215,0.578,0.0005,0.6134,0.7661,0.3279,0.4642
iran_interval_collapsed,Iranian-17,dft,none,7,1154673685,False,0.9346,6,10,0.9166,-0.4567,10,0.8323,0.6002,0.0015,0.6099,0.7559,0.3438,0.5167
iran_interval_collapsed,Iranian-17,dft,input_shuffled,7,1154673685,False,0.902,0,4,0.7215,2.7742,4,0.6676,0.3656,0.09295,0.6079,0.7521,0.1269,0.4898
iran_interval_collapsed,Iranian-17,dft,input_shuffled,7,1154673685,False,0.902,1,2,0.9451,-2.943,2,0.9287,0.6649,0.0005,0.6158,0.761,0.0693,0.5173
iran_interval_collapsed,Iranian-17,dft,input_shuffled,7,1154673685,False,0.902,2,5,0.7644,0.5807,5,0.6405,0.404,0.01649,0.5937,0.7252,0.2603,0.5203
iran_interval_collapsed,Iranian-17,dft,input_shuffled,7,1154673685,False,0.902,3,12,0.9831,3.1416,12,0.9831,0.5997,0.0005,0.609,0.7459,0.1076,0.4628
iran_interval_collapsed,Iranian-17,dft,input_shuffled,7,1154673685,False,0.902,4,8,0.9295,-0.106,8,0.9236,0.5628,0.0005,0.6084,0.7533,0.3607,0.4537
iran_interval_collapsed,Iranian-17,dft,input_shuffled,7,1154673685,False,0.902,5,7,0.8353,2.5044,7,0.6733,0.4793,0.0005,0.5907,0.7217,0.1785,0.5299
iran_interval_collapsed,Iranian-17,dft,input_shuffled,7,1154673685,False,0.902,6,7,0.9063,-2.2394,7,0.5569,0.56,0.0015,0.6125,0.7638,0.079,0.4631
iran_interval_collapsed,Iranian-17,dft,label_shuffled,7,1154673685,False,0.6536,0,12,0.4822,3.1416,12,0.4822,0.1669,0.97501,0.6106,0.7563,0.0869,0.4472
iran_interval_collapsed,Iranian-17,dft,label_shuffled,7,1154673685,False,0.6536,1,2,0.5454,-2.7888,2,0.5155,0.2098,0.76362,0.5996,0.732,0.106,0.4484
iran_interval_collapsed,Iranian-17,dft,label_shuffled,7,1154673685,False,0.6536,2,2,0.6408,0.8489,8,0.512,0.2868,0.27986,0.6022,0.7385,0.4016,0.4432
iran_interval_collapsed,Iranian-17,dft,label_shuffled,7,1154673685,False,0.6536,3,11,0.4793,-2.3474,6,0.411,0.1662,0.97351,0.5946,0.7234,0.3567,0.4631
iran_interval_collapsed,Iranian-17,dft,label_shuffled,7,1154673685,False,0.6536,4,4,0.5851,1.2214,12,0.2908,0.2446,0.55322,0.604,0.7401,0.1167,0.4775
iran_interval_collapsed,Iranian-17,dft,label_shuffled,7,1154673685,False,0.6536,5,7,0.5674,2.0195,12,0.4602,0.2276,0.67066,0.6104,0.7584,0.3628,0.4833
iran_interval_collapsed,Iranian-17,dft,label_shuffled,7,1154673685,False,0.6536,6,2,0.5738,-1.1098,11,0.3348,0.2316,0.63568,0.6057,0.7402,0.4314,0.4701
iran_interval_collapsed,Iranian-17,dft,none,7,2005336760,False,0.9216,0,12,0.9624,3.1416,12,0.9624,0.5805,0.0015,0.6085,0.7445,0.1495,0.4354
iran_interval_collapsed,Iranian-17,dft,none,7,2005336760,False,0.9216,1,5,0.9457,-2.9763,5,0.9329,0.5989,0.0005,0.6093,0.7544,0.1526,0.4771
iran_interval_collapsed,Iranian-17,dft,none,7,2005336760,False,0.9216,2,11,0.9163,0.0394,11,0.9156,0.5793,0.001,0.6131,0.7642,0.1492,0.4297
iran_interval_collapsed,Iranian-17,dft,none,7,2005336760,False,0.9216,3,5,0.5576,-0.9179,4,0.4564,0.2198,0.68916,0.5992,0.7291,0.3565,0.4811
iran_interval_collapsed,Iranian-17,dft,none,7,2005336760,False,0.9216,4,7,0.8683,-1.2233,2,0.3527,0.5194,0.0015,0.607,0.7521,0.1928,0.5125
iran_interval_collapsed,Iranian-17,dft,none,7,2005336760,False,0.9216,5,9,0.9492,0.5533,9,0.8153,0.6557,0.0005,0.6112,0.7613,0.2224,0.4882
iran_interval_collapsed,Iranian-17,dft,none,7,2005336760,False,0.9216,6,6,0.9103,-3.1314,6,0.9103,0.7644,0.001,0.6148,0.7607,0.1625,0.4704
iran_interval_collapsed,Iranian-17,dft,input_shuffled,7,2005336760,False,0.902,0,12,0.8547,3.1416,12,0.8547,0.4677,0.0045,0.6109,0.7598,0.1532,0.4826
iran_interval_collapsed,Iranian-17,dft,input_shuffled,7,2005336760,False,0.902,1,5,0.9645,-2.9921,5,0.9538,0.6251,0.0005,0.6075,0.7546,0.0955,0.4614
iran_interval_collapsed,Iranian-17,dft,input_shuffled,7,2005336760,False,0.902,2,11,0.9404,2.2774,11,0.6343,0.6038,0.001,0.612,0.7606,0.3906,0.5098
iran_interval_collapsed,Iranian-17,dft,input_shuffled,7,2005336760,False,0.902,3,12,0.9778,-0.0,12,0.9778,0.5991,0.0025,0.6075,0.7495,0.1393,0.5039
iran_interval_collapsed,Iranian-17,dft,input_shuffled,7,2005336760,False,0.902,4,7,0.9129,-1.3466,12,0.3791,0.5595,0.0015,0.6101,0.7518,0.0141,0.4922
iran_interval_collapsed,Iranian-17,dft,input_shuffled,7,2005336760,False,0.902,5,9,0.9812,-1.6671,4,0.2345,0.6769,0.0005,0.6125,0.7594,0.0516,0.4658
iran_interval_collapsed,Iranian-17,dft,input_shuffled,7,2005336760,False,0.902,6,1,0.9712,-0.5756,1,0.8056,0.64,0.0005,0.6135,0.7541,0.2565,0.4894
iran_interval_collapsed,Iranian-17,dft,label_shuffled,7,2005336760,False,0.7059,0,2,0.6189,2.3293,2,0.4395,0.2763,0.3908,0.606,0.74,0.5617,0.4807
iran_interval_collapsed,Iranian-17,dft,label_shuffled,7,2005336760,False,0.7059,1,1,0.5743,1.7235,11,0.2997,0.2211,0.5917,0.5974,0.7239,0.1162,0.4623
iran_interval_collapsed,Iranian-17,dft,label_shuffled,7,2005336760,False,0.7059,2,5,0.526,1.4104,6,0.4392,0.1986,0.84908,0.6057,0.7452,0.0754,0.4507
iran_interval_collapsed,Iranian-17,dft,label_shuffled,7,2005336760,False,0.7059,3,11,0.7039,2.7319,11,0.6483,0.3432,0.10845,0.6079,0.7423,0.2764,0.4956
iran_interval_collapsed,Iranian-17,dft,label_shuffled,7,2005336760,False,0.7059,4,9,0.6223,-3.0572,9,0.6202,0.2739,0.32484,0.5952,0.7215,0.2333,0.4811
iran_interval_collapsed,Iranian-17,dft,label_shuffled,7,2005336760,False,0.7059,5,3,0.5933,-1.4787,10,0.4787,0.2434,0.52724,0.6048,0.748,0.2322,0.5077
iran_interval_collapsed,Iranian-17,dft,label_shuffled,7,2005336760,False,0.7059,6,8,0.5779,-1.3101,6,0.4181,0.2481,0.61069,0.6087,0.7493,0.0088,0.4795
iran_interval_collapsed,Iranian-17,dft,none,7,1028834700,False,0.8693,0,5,0.8999,-2.9503,5,0.8836,0.5441,0.0015,0.6117,0.7601,0.1137,0.4631
iran_interval_collapsed,Iranian-17,dft,none,7,1028834700,False,0.8693,1,3,0.9547,2.1152,3,0.527,0.6618,0.0005,0.6128,0.7598,0.154,0.4325
iran_interval_collapsed,Iranian-17,dft,none,7,1028834700,False,0.8693,2,7,0.9162,1.8653,12,0.3894,0.5719,0.0005,0.6072,0.7454,0.0045,0.4313
iran_interval_collapsed,Iranian-17,dft,none,7,1028834700,False,0.8693,3,12,0.9447,3.1416,12,0.9447,0.5646,0.0005,0.6034,0.74,0.1562,0.48
iran_interval_collapsed,Iranian-17,dft,none,7,1028834700,False,0.8693,4,4,0.99,1.6076,11,0.2272,0.7164,0.0005,0.6123,0.7588,0.2631,0.4766
iran_interval_collapsed,Iranian-17,dft,none,7,1028834700,False,0.8693,5,12,0.9317,3.1416,12,0.9317,0.5361,0.001,0.6016,0.7365,0.076,0.5155
iran_interval_collapsed,Iranian-17,dft,none,7,1028834700,False,0.8693,6,11,0.9646,-0.2541,11,0.9346,0.6297,0.0005,0.6107,0.7604,0.1871,0.5021
iran_interval_collapsed,Iranian-17,dft,input_shuffled,7,1028834700,False,0.8954,0,7,0.9095,-0.6296,7,0.7372,0.558,0.0005,0.61,0.7545,0.2741,0.5452
iran_interval_collapsed,Iranian-17,dft,input_shuffled,7,1028834700,False,0.8954,1,6,0.9851,2.7185,6,0.9464,0.9057,0.0005,0.6126,0.7733,0.0147,0.5003
iran_interval_collapsed,Iranian-17,dft,input_shuffled,7,1028834700,False,0.8954,2,9,0.9481,0.6746,9,0.7532,0.656,0.0005,0.6142,0.7613,0.1739,0.4978
iran_interval_collapsed,Iranian-17,dft,input_shuffled,7,1028834700,False,0.8954,3,12,0.9799,3.1416,12,0.9799,0.5923,0.001,0.6071,0.75,0.0604,0.4842
iran_interval_collapsed,Iranian-17,dft,input_shuffled,7,1028834700,False,0.8954,4,11,0.9246,-1.5181,7,0.3109,0.5882,0.0005,0.6123,0.7593,0.314,0.4966
iran_interval_collapsed,Iranian-17,dft,input_shuffled,7,1028834700,False,0.8954,5,12,0.9032,3.1416,12,0.9032,0.5145,0.001,0.6061,0.7424,0.0962,0.4703
iran_interval_collapsed,Iranian-17,dft,input_shuffled,7,1028834700,False,0.8954,6,5,0.7696,-2.6345,5,0.6737,0.404,0.02149,0.6052,0.74,0.3724,0.4907
iran_interval_collapsed,Iranian-17,dft,label_shuffled,7,1028834700,False,0.6797,0,2,0.5406,2.6428,2,0.4812,0.2138,0.78161,0.602,0.738,0.1774,0.4554
iran_interval_collapsed,Iranian-17,dft,label_shuffled,7,1028834700,False,0.6797,1,9,0.5727,0.034,9,0.5724,0.2314,0.54273,0.5869,0.7074,0.0912,0.4735
iran_interval_collapsed,Iranian-17,dft,label_shuffled,7,1028834700,False,0.6797,2,8,0.6605,-2.7541,8,0.6058,0.3016,0.08296,0.5699,0.6763,0.5079,0.499
iran_interval_collapsed,Iranian-17,dft,label_shuffled,7,1028834700,False,0.6797,3,3,0.5231,-1.4912,6,0.381,0.1971,0.86907,0.6021,0.7348,0.1611,0.5032
iran_interval_collapsed,Iranian-17,dft,label_shuffled,7,1028834700,False,0.6797,4,7,0.7628,-2.7898,7,0.7157,0.4064,0.02499,0.5998,0.7344,0.2556,0.4395
iran_interval_collapsed,Iranian-17,dft,label_shuffled,7,1028834700,False,0.6797,5,3,0.5136,1.451,1,0.3595,0.1868,0.88556,0.5957,0.7197,0.4197,0.4531
iran_interval_collapsed,Iranian-17,dft,label_shuffled,7,1028834700,False,0.6797,6,9,0.5795,0.071,9,0.578,0.2325,0.56972,0.5968,0.7221,0.3293,0.4337
iran_interval_collapsed,Iranian-17,dft,none,7,507523677,False,0.8562,0,5,0.9404,-2.3889,5,0.6897,0.5985,0.0005,0.6075,0.7527,0.0052,0.4436
iran_interval_collapsed,Iranian-17,dft,none,7,507523677,False,0.8562,1,12,0.9688,3.1416,12,0.9688,0.5869,0.0005,0.6077,0.7415,0.0534,0.4482
iran_interval_collapsed,Iranian-17,dft,none,7,507523677,False,0.8562,2,1,0.9641,2.3641,1,0.6673,0.6294,0.0005,0.6098,0.754,0.4954,0.4646
iran_interval_collapsed,Iranian-17,dft,none,7,507523677,False,0.8562,3,7,0.5982,2.3542,7,0.4245,0.2519,0.46577,0.5964,0.7169,0.2057,0.5281
iran_interval_collapsed,Iranian-17,dft,none,7,507523677,False,0.8562,4,3,0.9526,-2.3671,3,0.6626,0.6123,0.0005,0.6111,0.7647,0.1706,0.5024
iran_interval_collapsed,Iranian-17,dft,none,7,507523677,False,0.8562,5,10,0.8775,2.93,10,0.8602,0.5589,0.002,0.6162,0.7762,0.1563,0.4657
iran_interval_collapsed,Iranian-17,dft,none,7,507523677,False,0.8562,6,3,0.9492,-0.7917,3,0.6857,0.6638,0.0005,0.6137,0.7597,0.2036,0.5103
iran_interval_collapsed,Iranian-17,dft,input_shuffled,7,507523677,False,0.9281,0,3,0.9698,-0.7717,3,0.7131,0.6881,0.0005,0.6119,0.7645,0.16,0.4224
iran_interval_collapsed,Iranian-17,dft,input_shuffled,7,507523677,False,0.9281,1,10,0.9185,1.6341,4,0.3756,0.5666,0.002,0.6182,0.772,0.2647,0.4696
iran_interval_collapsed,Iranian-17,dft,input_shuffled,7,507523677,False,0.9281,2,5,0.967,2.3574,5,0.6807,0.6335,0.0005,0.6121,0.7607,0.0163,0.4036
iran_interval_collapsed,Iranian-17,dft,input_shuffled,7,507523677,False,0.9281,3,7,0.9743,2.3264,7,0.6722,0.6352,0.0005,0.6094,0.757,0.1082,0.489
iran_interval_collapsed,Iranian-17,dft,input_shuffled,7,507523677,False,0.9281,4,11,0.889,-1.9472,9,0.378,0.5322,0.002,0.613,0.7617,0.0046,0.4798
iran_interval_collapsed,Iranian-17,dft,input_shuffled,7,507523677,False,0.9281,5,4,0.9939,-0.5117,4,0.8531,0.675,0.0005,0.6089,0.748,0.1344,0.4962
iran_interval_collapsed,Iranian-17,dft,input_shuffled,7,507523677,False,0.9281,6,12,0.9543,-0.0,12,0.9543,0.5727,0.0005,0.6078,0.7471,0.1865,0.4924
iran_interval_collapsed,Iranian-17,dft,label_shuffled,7,507523677,False,0.6732,0,9,0.5665,-0.875,12,0.3795,0.2176,0.69915,0.6124,0.756,0.4294,0.4627
iran_interval_collapsed,Iranian-17,dft,label_shuffled,7,507523677,False,0.6732,1,11,0.5693,0.7776,4,0.4334,0.2217,0.63068,0.6036,0.7415,0.1038,0.5068
iran_interval_collapsed,Iranian-17,dft,label_shuffled,7,507523677,False,0.6732,2,3,0.5786,2.9057,3,0.5631,0.2327,0.5912,0.603,0.7356,0.1269,0.4799
iran_interval_collapsed,Iranian-17,dft,label_shuffled,7,507523677,False,0.6732,3,4,0.5672,-1.997,2,0.4029,0.2249,0.68466,0.6081,0.7444,0.1665,0.4355
iran_interval_collapsed,Iranian-17,dft,label_shuffled,7,507523677,False,0.6732,4,9,0.5393,1.0309,7,0.4064,0.1934,0.7936,0.6022,0.7407,0.3874,0.5198
iran_interval_collapsed,Iranian-17,dft,label_shuffled,7,507523677,False,0.6732,5,6,0.5773,-1.2442,11,0.376,0.2195,0.61069,0.6085,0.7498,0.281,0.447
iran_interval_collapsed,Iranian-17,dft,label_shuffled,7,507523677,False,0.6732,6,9,0.6177,1.3242,3,0.3726,0.269,0.41429,0.6093,0.7489,0.259,0.4963
iran_interval_collapsed,Iranian-17,dft,none,7,1968052986,False,0.9542,0,3,0.9892,-0.8823,3,0.6534,0.7125,0.0005,0.6126,0.7552,0.1383,0.4576
iran_interval_collapsed,Iranian-17,dft,none,7,1968052986,False,0.9542,1,12,0.9856,3.1416,12,0.9856,0.6011,0.0005,0.6056,0.748,0.0554,0.4977
iran_interval_collapsed,Iranian-17,dft,none,7,1968052986,False,0.9542,2,11,0.9068,-2.0935,11,0.4174,0.5617,0.002,0.6141,0.7659,0.1824,0.5057
iran_interval_collapsed,Iranian-17,dft,none,7,1968052986,False,0.9542,3,5,0.7257,-2.4192,5,0.5468,0.3625,0.09395,0.6105,0.7668,0.5432,0.4411
iran_interval_collapsed,Iranian-17,dft,none,7,1968052986,False,0.9542,4,9,0.9099,-0.6509,9,0.7126,0.5586,0.001,0.6127,0.7627,0.3721,0.4432
iran_interval_collapsed,Iranian-17,dft,none,7,1968052986,False,0.9542,5,6,0.8672,-0.6965,6,0.7641,0.6114,0.004,0.6074,0.7499,0.3358,0.4695
iran_interval_collapsed,Iranian-17,dft,none,7,1968052986,False,0.9542,6,5,0.9133,-2.3096,5,0.6192,0.5594,0.001,0.6066,0.7459,0.3105,0.4733
iran_interval_collapsed,Iranian-17,dft,input_shuffled,7,1968052986,False,0.9542,0,8,0.9105,3.1086,8,0.9099,0.5718,0.0005,0.6069,0.7384,0.364,0.4655
iran_interval_collapsed,Iranian-17,dft,input_shuffled,7,1968052986,False,0.9542,1,12,0.9723,3.1416,12,0.9723,0.5877,0.001,0.6071,0.7427,0.0113,0.4914
iran_interval_collapsed,Iranian-17,dft,input_shuffled,7,1968052986,False,0.9542,2,11,0.9066,2.5213,11,0.7481,0.5693,0.001,0.6119,0.7563,0.3025,0.5228
iran_interval_collapsed,Iranian-17,dft,input_shuffled,7,1968052986,False,0.9542,3,6,0.9192,0.8061,6,0.764,0.6626,0.001,0.6101,0.7635,0.1818,0.4764
iran_interval_collapsed,Iranian-17,dft,input_shuffled,7,1968052986,False,0.9542,4,7,0.7987,-1.4627,2,0.3113,0.4333,0.01149,0.604,0.7406,0.0724,0.4551
iran_interval_collapsed,Iranian-17,dft,input_shuffled,7,1968052986,False,0.9542,5,9,0.9507,1.5547,2,0.2422,0.6402,0.0005,0.608,0.7505,0.0791,0.4476
iran_interval_collapsed,Iranian-17,dft,input_shuffled,7,1968052986,False,0.9542,6,5,0.8403,-2.5389,5,0.694,0.4666,0.003,0.6078,0.7541,0.2346,0.4605
iran_interval_collapsed,Iranian-17,dft,label_shuffled,7,1968052986,False,0.6863,0,10,0.5885,-1.578,7,0.5682,0.2273,0.43978,0.5842,0.7006,0.1492,0.4845
iran_interval_collapsed,Iranian-17,dft,label_shuffled,7,1968052986,False,0.6863,1,2,0.629,2.8968,2,0.6124,0.2737,0.37731,0.6122,0.7595,0.1185,0.4567
iran_interval_collapsed,Iranian-17,dft,label_shuffled,7,1968052986,False,0.6863,2,10,0.4758,1.8429,8,0.4538,0.1629,0.98351,0.6101,0.7521,0.1329,0.4977
iran_interval_collapsed,Iranian-17,dft,label_shuffled,7,1968052986,False,0.6863,3,6,0.6026,1.8527,11,0.5997,0.2341,0.47376,0.6029,0.7362,0.0235,0.483
iran_interval_collapsed,Iranian-17,dft,label_shuffled,7,1968052986,False,0.6863,4,8,0.742,1.3768,2,0.3092,0.3897,0.04148,0.5993,0.7342,0.1888,0.4551
iran_interval_collapsed,Iranian-17,dft,label_shuffled,7,1968052986,False,0.6863,5,1,0.5737,1.0609,6,0.3899,0.2335,0.56122,0.5891,0.7088,0.2647,0.481
iran_interval_collapsed,Iranian-17,dft,label_shuffled,7,1968052986,False,0.6863,6,4,0.5022,-2.4746,4,0.3849,0.181,0.93303,0.6061,0.7463,0.0145,0.4769
iran_interval_collapsed,Iranian-17,dft,none,7,971649208,False,0.915,0,1,0.9838,-0.5188,1,0.8474,0.6604,0.0005,0.6095,0.7571,0.2882,0.483
iran_interval_collapsed,Iranian-17,dft,none,7,971649208,False,0.915,1,2,0.6089,-1.5616,6,0.3379,0.257,0.45077,0.6076,0.7465,0.1058,0.4663
iran_interval_collapsed,Iranian-17,dft,none,7,971649208,False,0.915,2,3,0.9279,-2.3342,3,0.6218,0.5915,0.0005,0.607,0.7467,0.0506,0.4446
iran_interval_collapsed,Iranian-17,dft,none,7,971649208,False,0.915,3,9,0.9639,-2.1605,9,0.5662,0.6787,0.0005,0.6148,0.7613,0.0655,0.4459
iran_interval_collapsed,Iranian-17,dft,none,7,971649208,False,0.915,4,7,0.8855,-0.3579,7,0.8298,0.533,0.0005,0.6099,0.7483,0.2214,0.5294
iran_interval_collapsed,Iranian-17,dft,none,7,971649208,False,0.915,5,12,0.9759,-0.0,12,0.9759,0.5955,0.001,0.6107,0.7571,0.1069,0.4521
iran_interval_collapsed,Iranian-17,dft,none,7,971649208,False,0.915,6,5,0.9523,-1.7174,12,0.5024,0.6041,0.0005,0.6104,0.7594,0.2028,0.4879
iran_interval_collapsed,Iranian-17,dft,input_shuffled,7,971649208,False,0.8693,0,10,0.9369,2.9525,10,0.9221,0.6535,0.0005,0.6143,0.7667,0.322,0.5109
iran_interval_collapsed,Iranian-17,dft,input_shuffled,7,971649208,False,0.8693,1,7,0.9509,-0.824,7,0.6501,0.6088,0.0005,0.606,0.7497,0.201,0.4771
iran_interval_collapsed,Iranian-17,dft,input_shuffled,7,971649208,False,0.8693,2,5,0.9109,-2.3127,5,0.6196,0.559,0.0005,0.6026,0.7293,0.0859,0.4611
iran_interval_collapsed,Iranian-17,dft,input_shuffled,7,971649208,False,0.8693,3,1,0.9162,-0.7583,1,0.6475,0.5672,0.001,0.614,0.7657,0.3584,0.4805
iran_interval_collapsed,Iranian-17,dft,input_shuffled,7,971649208,False,0.8693,4,12,0.9662,-0.0,12,0.9662,0.5844,0.0005,0.6038,0.736,0.0756,0.483
iran_interval_collapsed,Iranian-17,dft,input_shuffled,7,971649208,False,0.8693,5,5,0.6877,-2.4705,5,0.5404,0.3176,0.16242,0.6087,0.7499,0.1273,0.4763
iran_interval_collapsed,Iranian-17,dft,input_shuffled,7,971649208,False,0.8693,6,12,0.653,3.1416,12,0.653,0.2864,0.22889,0.6,0.7374,0.0621,0.4827
iran_interval_collapsed,Iranian-17,dft,label_shuffled,7,971649208,False,0.6993,0,10,0.5391,-0.1248,10,0.5354,0.2041,0.77061,0.5912,0.7123,0.276,0.4427
iran_interval_collapsed,Iranian-17,dft,label_shuffled,7,971649208,False,0.6993,1,9,0.522,-0.6394,9,0.4127,0.1882,0.84158,0.5845,0.6966,0.0429,0.4486
iran_interval_collapsed,Iranian-17,dft,label_shuffled,7,971649208,False,0.6993,2,9,0.6531,0.8789,4,0.5356,0.299,0.24088,0.602,0.7359,0.1413,0.4743
iran_interval_collapsed,Iranian-17,dft,label_shuffled,7,971649208,False,0.6993,3,4,0.5888,2.0249,9,0.5408,0.2522,0.56322,0.6117,0.7545,0.3398,0.469
iran_interval_collapsed,Iranian-17,dft,label_shuffled,7,971649208,False,0.6993,4,10,0.598,2.2884,10,0.407,0.2562,0.47076,0.6,0.7338,0.3485,0.5036
iran_interval_collapsed,Iranian-17,dft,label_shuffled,7,971649208,False,0.6993,5,10,0.6123,-1.0464,4,0.4014,0.2621,0.36732,0.5948,0.7266,0.1646,0.4844
iran_interval_collapsed,Iranian-17,dft,label_shuffled,7,971649208,False,0.6993,6,8,0.5489,0.7707,3,0.4599,0.2133,0.75112,0.6045,0.7474,0.3775,0.49
iran_interval_collapsed,Iranian-17,dft,none,7,1499028800,False,0.902,0,12,0.9148,3.1416,12,0.9148,0.5322,0.0005,0.6025,0.7405,0.1193,0.4487
iran_interval_collapsed,Iranian-17,dft,none,7,1499028800,False,0.902,1,7,0.9731,2.2935,7,0.6482,0.6333,0.0005,0.6075,0.7511,0.076,0.3998
iran_interval_collapsed,Iranian-17,dft,none,7,1499028800,False,0.902,2,6,0.9811,-0.1953,6,0.9732,0.9351,0.0005,0.6113,0.7655,0.1889,0.48
iran_interval_collapsed,Iranian-17,dft,none,7,1499028800,False,0.902,3,10,0.9344,-2.681,10,0.847,0.6414,0.0015,0.6125,0.7603,0.2168,0.4381
iran_interval_collapsed,Iranian-17,dft,none,7,1499028800,False,0.902,4,12,0.9077,-0.0,12,0.9077,0.5162,0.0005,0.5997,0.73,0.2281,0.4396
iran_interval_collapsed,Iranian-17,dft,none,7,1499028800,False,0.902,5,9,0.8668,2.545,9,0.7086,0.5142,0.003,0.6105,0.7572,0.3178,0.4555
iran_interval_collapsed,Iranian-17,dft,none,7,1499028800,False,0.902,6,11,0.5915,-1.1727,1,0.4022,0.2474,0.4083,0.584,0.688,0.1551,0.4768
iran_interval_collapsed,Iranian-17,dft,input_shuffled,7,1499028800,False,0.9412,0,12,0.9826,3.1416,12,0.9826,0.5994,0.001,0.6054,0.7415,0.0845,0.4239
iran_interval_collapsed,Iranian-17,dft,input_shuffled,7,1499028800,False,0.9412,1,12,0.7106,-0.0,12,0.7106,0.3257,0.09145,0.6042,0.7407,0.0173,0.4983
iran_interval_collapsed,Iranian-17,dft,input_shuffled,7,1499028800,False,0.9412,2,5,0.911,0.6582,5,0.7231,0.5562,0.001,0.6119,0.76,0.1323,0.5106
iran_interval_collapsed,Iranian-17,dft,input_shuffled,7,1499028800,False,0.9412,3,1,0.9116,0.4795,1,0.8141,0.5768,0.0015,0.6157,0.7641,0.3807,0.4941
iran_interval_collapsed,Iranian-17,dft,input_shuffled,7,1499028800,False,0.9412,4,10,0.9068,-0.291,10,0.8729,0.6082,0.001,0.6087,0.7554,0.2347,0.4607
iran_interval_collapsed,Iranian-17,dft,input_shuffled,7,1499028800,False,0.9412,5,9,0.9707,-3.0821,9,0.969,0.6679,0.0005,0.6123,0.7552,0.2029,0.4538
iran_interval_collapsed,Iranian-17,dft,input_shuffled,7,1499028800,False,0.9412,6,5,0.6979,1.118,7,0.3989,0.3348,0.10245,0.6015,0.7301,0.3294,0.5156
iran_interval_collapsed,Iranian-17,dft,label_shuffled,7,1499028800,False,0.6797,0,2,0.6486,-2.937,2,0.6366,0.299,0.26437,0.6045,0.7376,0.0517,0.4849
iran_interval_collapsed,Iranian-17,dft,label_shuffled,7,1499028800,False,0.6797,1,3,0.6087,-1.2945,10,0.3889,0.2586,0.41679,0.6006,0.7369,0.3371,0.5049
iran_interval_collapsed,Iranian-17,dft,label_shuffled,7,1499028800,False,0.6797,2,6,0.6865,-1.7763,11,0.3496,0.2974,0.12744,0.602,0.7325,0.0504,0.5065
iran_interval_collapsed,Iranian-17,dft,label_shuffled,7,1499028800,False,0.6797,3,11,0.6619,1.1574,8,0.4127,0.2923,0.2074,0.6016,0.7371,0.035,0.5172
iran_interval_collapsed,Iranian-17,dft,label_shuffled,7,1499028800,False,0.6797,4,10,0.6033,-0.4956,10,0.5379,0.2589,0.41229,0.5939,0.7223,0.025,0.4625
iran_interval_collapsed,Iranian-17,dft,label_shuffled,7,1499028800,False,0.6797,5,11,0.6252,-0.2894,11,0.6002,0.2591,0.29135,0.5944,0.7238,0.0923,0.4593
iran_interval_collapsed,Iranian-17,dft,label_shuffled,7,1499028800,False,0.6797,6,2,0.5674,-2.0643,6,0.5408,0.2392,0.64718,0.6038,0.7352,0.4374,0.4973
iran_interval_collapsed,Iranian-17,dft,none,7,229112135,False,0.915,0,3,0.9629,-0.7752,3,0.7059,0.6801,0.0005,0.6131,0.7614,0.1097,0.5255
iran_interval_collapsed,Iranian-17,dft,none,7,229112135,False,0.915,1,12,0.8183,3.1416,12,0.8183,0.4373,0.005,0.6016,0.7325,0.2457,0.4535
iran_interval_collapsed,Iranian-17,dft,none,7,229112135,False,0.915,2,5,0.9003,-3.0487,5,0.8964,0.5411,0.001,0.6099,0.7495,0.121,0.4927
iran_interval_collapsed,Iranian-17,dft,none,7,229112135,False,0.915,3,9,0.9887,2.3584,9,0.6811,0.6611,0.0005,0.613,0.7597,0.1989,0.4739
iran_interval_collapsed,Iranian-17,dft,none,7,229112135,False,0.915,4,7,0.758,-1.4299,2,0.3833,0.3944,0.04398,0.6076,0.7521,0.1792,0.4999
iran_interval_collapsed,Iranian-17,dft,none,7,229112135,False,0.915,5,11,0.9841,-1.3172,11,0.2985,0.655,0.0005,0.6119,0.7574,0.3269,0.485
iran_interval_collapsed,Iranian-17,dft,none,7,229112135,False,0.915,6,12,0.9841,3.1416,12,0.9841,0.5996,0.001,0.6083,0.75,0.0848,0.4477
iran_interval_collapsed,Iranian-17,dft,input_shuffled,7,229112135,False,0.9739,0,9,0.9588,-2.5176,9,0.7887,0.6695,0.0005,0.6139,0.7716,0.1634,0.4631
iran_interval_collapsed,Iranian-17,dft,input_shuffled,7,229112135,False,0.9739,1,4,0.7546,2.3952,8,0.6029,0.3954,0.06347,0.6138,0.766,0.1339,0.5009
iran_interval_collapsed,Iranian-17,dft,input_shuffled,7,229112135,False,0.9739,2,12,0.9746,-0.0,12,0.9746,0.5916,0.0005,0.6093,0.7506,0.1698,0.4638
iran_interval_collapsed,Iranian-17,dft,input_shuffled,7,229112135,False,0.9739,3,7,0.7294,1.7987,2,0.4005,0.3615,0.08896,0.6108,0.7531,0.1084,0.5036
iran_interval_collapsed,Iranian-17,dft,input_shuffled,7,229112135,False,0.9739,4,1,0.9264,-1.9322,1,0.3712,0.5811,0.001,0.6128,0.7544,0.6538,0.4577
iran_interval_collapsed,Iranian-17,dft,input_shuffled,7,229112135,False,0.9739,5,10,0.9721,-2.6631,10,0.8739,0.6822,0.0005,0.6142,0.7622,0.1683,0.4459
iran_interval_collapsed,Iranian-17,dft,input_shuffled,7,229112135,False,0.9739,6,5,0.9857,0.7732,5,0.7091,0.6508,0.0005,0.6068,0.7444,0.1817,0.4637
iran_interval_collapsed,Iranian-17,dft,label_shuffled,7,229112135,False,0.6797,0,3,0.61,0.9262,4,0.4221,0.2534,0.42029,0.6037,0.7371,0.1679,0.435
iran_interval_collapsed,Iranian-17,dft,label_shuffled,7,229112135,False,0.6797,1,4,0.6337,0.0827,4,0.6312,0.2774,0.29035,0.5979,0.7322,0.0371,0.4529
iran_interval_collapsed,Iranian-17,dft,label_shuffled,7,229112135,False,0.6797,2,10,0.5255,2.8385,10,0.5042,0.1892,0.82359,0.5884,0.7081,0.0173,0.5169
iran_interval_collapsed,Iranian-17,dft,label_shuffled,7,229112135,False,0.6797,3,11,0.5106,1.9723,12,0.3991,0.1811,0.91804,0.6065,0.7443,0.2792,0.4926
iran_interval_collapsed,Iranian-17,dft,label_shuffled,7,229112135,False,0.6797,4,3,0.5252,2.288,11,0.4048,0.194,0.85657,0.6049,0.7442,0.136,0.5063
iran_interval_collapsed,Iranian-17,dft,label_shuffled,7,229112135,False,0.6797,5,5,0.5006,-1.5333,6,0.4402,0.183,0.95102,0.6007,0.7303,0.2482,0.4497
iran_interval_collapsed,Iranian-17,dft,label_shuffled,7,229112135,False,0.6797,6,11,0.5063,0.4806,11,0.4461,0.1776,0.88756,0.5828,0.6997,0.3448,0.5124
iran_interval_collapsed,Iranian-17,dft,none,7,168182524,False,0.9608,0,12,0.9817,3.1416,12,0.9817,0.5959,0.0005,0.6093,0.7453,0.0066,0.4279
iran_interval_collapsed,Iranian-17,dft,none,7,168182524,False,0.9608,1,8,0.9392,-1.2146,8,0.3099,0.6387,0.0005,0.61,0.7495,0.0009,0.4556
iran_interval_collapsed,Iranian-17,dft,none,7,168182524,False,0.9608,2,1,0.9119,0.5018,1,0.8055,0.5942,0.0005,0.6113,0.7555,0.4369,0.4694
iran_interval_collapsed,Iranian-17,dft,none,7,168182524,False,0.9608,3,10,0.9565,-2.8716,10,0.9257,0.6747,0.0005,0.614,0.7705,0.1095,0.4524
iran_interval_collapsed,Iranian-17,dft,none,7,168182524,False,0.9608,4,5,0.6823,-1.6908,2,0.3517,0.3196,0.15742,0.6044,0.7497,0.2943,0.4727
iran_interval_collapsed,Iranian-17,dft,none,7,168182524,False,0.9608,5,3,0.9639,-0.9122,3,0.6159,0.6763,0.0005,0.6131,0.772,0.1983,0.4809
iran_interval_collapsed,Iranian-17,dft,none,7,168182524,False,0.9608,6,7,0.8925,2.3501,7,0.6308,0.5164,0.0025,0.6114,0.7505,0.2104,0.5039
iran_interval_collapsed,Iranian-17,dft,input_shuffled,7,168182524,False,0.9869,0,7,0.9777,2.1792,7,0.5648,0.6413,0.0005,0.6055,0.7523,0.0775,0.506
iran_interval_collapsed,Iranian-17,dft,input_shuffled,7,168182524,False,0.9869,1,10,0.9469,-2.87,10,0.9161,0.6618,0.0005,0.616,0.7614,0.1061,0.4946
iran_interval_collapsed,Iranian-17,dft,input_shuffled,7,168182524,False,0.9869,2,12,0.9815,-0.0,12,0.9815,0.6017,0.001,0.6045,0.7401,0.1574,0.5061
iran_interval_collapsed,Iranian-17,dft,input_shuffled,7,168182524,False,0.9869,3,6,0.9627,2.6454,6,0.9094,0.8278,0.0005,0.6145,0.7663,0.2229,0.4882
iran_interval_collapsed,Iranian-17,dft,input_shuffled,7,168182524,False,0.9869,4,5,0.8999,-2.0997,12,0.4724,0.5457,0.0005,0.6126,0.7619,0.2082,0.4664
iran_interval_collapsed,Iranian-17,dft,input_shuffled,7,168182524,False,0.9869,5,3,0.9296,-0.1784,3,0.9152,0.6203,0.0005,0.6127,0.7617,0.1134,0.4725
iran_interval_collapsed,Iranian-17,dft,input_shuffled,7,168182524,False,0.9869,6,11,0.9702,2.5382,11,0.8092,0.6281,0.0005,0.6123,0.7618,0.357,0.4349
iran_interval_collapsed,Iranian-17,dft,label_shuffled,7,168182524,False,0.6993,0,1,0.4996,-3.0371,1,0.4969,0.1708,0.93203,0.5963,0.7236,0.3275,0.4569
iran_interval_collapsed,Iranian-17,dft,label_shuffled,7,168182524,False,0.6993,1,1,0.5273,-0.3696,1,0.4903,0.1891,0.82459,0.5952,0.7221,0.0412,0.4292
iran_interval_collapsed,Iranian-17,dft,label_shuffled,7,168182524,False,0.6993,2,3,0.7147,-2.3883,3,0.5084,0.3581,0.09445,0.6033,0.745,0.0751,0.5076
iran_interval_collapsed,Iranian-17,dft,label_shuffled,7,168182524,False,0.6993,3,10,0.7452,3.0271,10,0.7409,0.3912,0.06197,0.6101,0.7537,0.1346,0.487
iran_interval_collapsed,Iranian-17,dft,label_shuffled,7,168182524,False,0.6993,4,8,0.4956,-2.9506,8,0.4854,0.1645,0.91904,0.575,0.6834,0.6146,0.5038
iran_interval_collapsed,Iranian-17,dft,label_shuffled,7,168182524,False,0.6993,5,5,0.5208,-2.6608,5,0.4624,0.1967,0.87056,0.6043,0.7396,0.0885,0.492
iran_interval_collapsed,Iranian-17,dft,label_shuffled,7,168182524,False,0.6993,6,11,0.5504,-1.2706,2,0.4346,0.2106,0.74013,0.6019,0.7395,0.0625,0.4819
iran_interval_collapsed,Iranian-17,dft,none,7,1004555441,False,0.902,0,7,0.9144,-1.7533,2,0.3306,0.5705,0.0005,0.6136,0.7541,0.0521,0.4987
iran_interval_collapsed,Iranian-17,dft,none,7,1004555441,False,0.902,1,5,0.9011,0.2562,5,0.8719,0.5507,0.0005,0.6036,0.7359,0.0924,0.4834
iran_interval_collapsed,Iranian-17,dft,none,7,1004555441,False,0.902,2,11,0.9258,2.2896,11,0.6323,0.5769,0.001,0.6145,0.7711,0.2649,0.4715
iran_interval_collapsed,Iranian-17,dft,none,7,1004555441,False,0.902,3,6,0.9838,-0.805,6,0.8183,0.7728,0.0005,0.6133,0.7668,0.117,0.509
iran_interval_collapsed,Iranian-17,dft,none,7,1004555441,False,0.902,4,7,0.8461,2.9997,7,0.8376,0.4847,0.0035,0.6023,0.7429,0.0385,0.4496
iran_interval_collapsed,Iranian-17,dft,none,7,1004555441,False,0.902,5,3,0.9465,3.1265,3,0.9464,0.6366,0.0005,0.6092,0.7577,0.0663,0.4178
iran_interval_collapsed,Iranian-17,dft,none,7,1004555441,False,0.902,6,12,0.9709,3.1416,12,0.9709,0.5855,0.0005,0.6032,0.7403,0.1352,0.5078
iran_interval_collapsed,Iranian-17,dft,input_shuffled,7,1004555441,False,0.8954,0,5,0.9191,-3.0841,5,0.9176,0.5735,0.001,0.6132,0.755,0.1728,0.4533
iran_interval_collapsed,Iranian-17,dft,input_shuffled,7,1004555441,False,0.8954,1,2,0.9633,-0.2538,2,0.9359,0.6732,0.0005,0.6095,0.7546,0.0463,0.4599
iran_interval_collapsed,Iranian-17,dft,input_shuffled,7,1004555441,False,0.8954,2,1,0.9148,-2.4296,1,0.7073,0.5547,0.0005,0.6108,0.7514,0.523,0.4678
iran_interval_collapsed,Iranian-17,dft,input_shuffled,7,1004555441,False,0.8954,3,12,0.8781,-0.0,12,0.8781,0.4888,0.0005,0.5956,0.7128,0.1904,0.4868
iran_interval_collapsed,Iranian-17,dft,input_shuffled,7,1004555441,False,0.8954,4,7,0.9781,2.019,7,0.4318,0.6408,0.0005,0.6069,0.7453,0.0829,0.488
iran_interval_collapsed,Iranian-17,dft,input_shuffled,7,1004555441,False,0.8954,5,9,0.9905,1.5699,8,0.1901,0.6895,0.0005,0.6068,0.7558,0.0229,0.4686
iran_interval_collapsed,Iranian-17,dft,input_shuffled,7,1004555441,False,0.8954,6,12,0.9751,3.1416,12,0.9751,0.597,0.001,0.613,0.7537,0.0719,0.5055
iran_interval_collapsed,Iranian-17,dft,label_shuffled,7,1004555441,False,0.6275,0,12,0.5276,3.1416,12,0.5276,0.1919,0.84408,0.6019,0.7374,0.0116,0.5348
iran_interval_collapsed,Iranian-17,dft,label_shuffled,7,1004555441,False,0.6275,1,10,0.7019,-0.7791,10,0.5146,0.3478,0.07546,0.5964,0.7193,0.4319,0.4762
iran_interval_collapsed,Iranian-17,dft,label_shuffled,7,1004555441,False,0.6275,2,11,0.6978,2.8846,11,0.6756,0.3557,0.11894,0.6049,0.742,0.1833,0.4588
iran_interval_collapsed,Iranian-17,dft,label_shuffled,7,1004555441,False,0.6275,3,11,0.5336,-1.3017,12,0.3947,0.191,0.83608,0.6077,0.7484,0.2851,0.4609
iran_interval_collapsed,Iranian-17,dft,label_shuffled,7,1004555441,False,0.6275,4,10,0.5773,-1.2329,7,0.3846,0.219,0.5957,0.6066,0.7495,0.2463,0.4702
iran_interval_collapsed,Iranian-17,dft,label_shuffled,7,1004555441,False,0.6275,5,2,0.4689,-0.9791,11,0.4111,0.1525,0.98701,0.6039,0.7451,0.2451,0.5063
iran_interval_collapsed,Iranian-17,dft,label_shuffled,7,1004555441,False,0.6275,6,1,0.7661,-0.6939,1,0.5771,0.4115,0.03498,0.607,0.7481,0.4293,0.4588
iran_interval_collapsed,Iranian-17,dft,none,7,184954205,False,0.9739,0,10,0.8649,-3.107,10,0.8644,0.5519,0.0025,0.6114,0.7531,0.096,0.4577
iran_interval_collapsed,Iranian-17,dft,none,7,184954205,False,0.9739,1,11,0.9264,1.8946,11,0.3403,0.5817,0.0005,0.6127,0.7584,0.3086,0.4843
iran_interval_collapsed,Iranian-17,dft,none,7,184954205,False,0.9739,2,9,0.9589,-2.1832,9,0.5799,0.668,0.0005,0.6114,0.7591,0.1269,0.4654
iran_interval_collapsed,Iranian-17,dft,none,7,184954205,False,0.9739,3,7,0.9014,2.3618,7,0.6444,0.5519,0.0005,0.6153,0.7658,0.0651,0.5189
iran_interval_collapsed,Iranian-17,dft,none,7,184954205,False,0.9739,4,12,0.9839,3.1416,12,0.9839,0.6038,0.0005,0.6081,0.7451,0.0554,0.5144
iran_interval_collapsed,Iranian-17,dft,none,7,184954205,False,0.9739,5,2,0.9653,-1.296,2,0.2775,0.6194,0.0005,0.608,0.7518,0.293,0.4807
iran_interval_collapsed,Iranian-17,dft,none,7,184954205,False,0.9739,6,11,0.6255,0.2192,11,0.6102,0.2714,0.3908,0.6114,0.7528,0.1973,0.475
iran_interval_collapsed,Iranian-17,dft,input_shuffled,7,184954205,False,0.9346,0,7,0.8154,1.9413,7,0.3026,0.4606,0.01299,0.6101,0.7563,0.2225,0.4969
iran_interval_collapsed,Iranian-17,dft,input_shuffled,7,184954205,False,0.9346,1,2,0.9449,-0.441,2,0.8638,0.6346,0.0005,0.6109,0.7617,0.1639,0.4692
iran_interval_collapsed,Iranian-17,dft,input_shuffled,7,184954205,False,0.9346,2,12,0.9719,-0.0,12,0.9719,0.5887,0.001,0.6081,0.7497,0.1075,0.5047
iran_interval_collapsed,Iranian-17,dft,input_shuffled,7,184954205,False,0.9346,3,5,0.9221,0.4903,5,0.8146,0.578,0.001,0.6074,0.7398,0.2222,0.5114
iran_interval_collapsed,Iranian-17,dft,input_shuffled,7,184954205,False,0.9346,4,4,0.9451,-2.3866,4,0.6677,0.6144,0.0005,0.6125,0.7605,0.146,0.4763
iran_interval_collapsed,Iranian-17,dft,input_shuffled,7,184954205,False,0.9346,5,9,0.9481,-2.1436,9,0.5445,0.6523,0.0005,0.6121,0.7576,0.101,0.4774
iran_interval_collapsed,Iranian-17,dft,input_shuffled,7,184954205,False,0.9346,6,2,0.7969,1.9917,2,0.3428,0.4413,0.02599,0.6122,0.7699,0.0388,0.4613
iran_interval_collapsed,Iranian-17,dft,label_shuffled,7,184954205,False,0.6405,0,5,0.6026,0.3012,5,0.5756,0.2531,0.38731,0.5914,0.7206,0.3481,0.5661
iran_interval_collapsed,Iranian-17,dft,label_shuffled,7,184954205,False,0.6405,1,1,0.5333,-2.6232,1,0.4671,0.2023,0.82809,0.6117,0.7663,0.0182,0.4767
iran_interval_collapsed,Iranian-17,dft,label_shuffled,7,184954205,False,0.6405,2,1,0.5922,1.0994,3,0.3898,0.2393,0.53673,0.6067,0.7417,0.3305,0.5002
iran_interval_collapsed,Iranian-17,dft,label_shuffled,7,184954205,False,0.6405,3,1,0.543,-0.9896,12,0.3772,0.1992,0.77161,0.6062,0.7491,0.267,0.4996
iran_interval_collapsed,Iranian-17,dft,label_shuffled,7,184954205,False,0.6405,4,9,0.6179,0.6715,9,0.492,0.2693,0.37631,0.6027,0.7366,0.4322,0.4924
iran_interval_collapsed,Iranian-17,dft,label_shuffled,7,184954205,False,0.6405,5,11,0.7036,-0.1167,11,0.6989,0.3301,0.10845,0.6054,0.7381,0.0601,0.4624
iran_interval_collapsed,Iranian-17,dft,label_shuffled,7,184954205,False,0.6405,6,1,0.6318,-1.4712,8,0.5781,0.2618,0.35632,0.6083,0.7407,0.5768,0.468
iran_interval_collapsed,Iranian-17,dft,none,7,1145271176,False,0.9477,0,7,0.9623,-1.0022,7,0.5245,0.6199,0.0005,0.6047,0.7449,0.1747,0.489
iran_interval_collapsed,Iranian-17,dft,none,7,1145271176,False,0.9477,1,12,0.9766,3.1416,12,0.9766,0.5942,0.0015,0.6061,0.7406,0.0755,0.4705
iran_interval_collapsed,Iranian-17,dft,none,7,1145271176,False,0.9477,2,5,0.9565,-2.1284,5,0.5126,0.6151,0.0005,0.6057,0.7422,0.1637,0.5205
iran_interval_collapsed,Iranian-17,dft,none,7,1145271176,False,0.9477,3,9,0.9791,0.7852,9,0.7115,0.7001,0.0005,0.6132,0.759,0.2185,0.4876
iran_interval_collapsed,Iranian-17,dft,none,7,1145271176,False,0.9477,4,10,0.9866,0.3316,10,0.9387,0.7062,0.0005,0.6097,0.7587,0.2609,0.4571
iran_interval_collapsed,Iranian-17,dft,none,7,1145271176,False,0.9477,5,6,0.9909,0.7653,6,0.8435,0.8008,0.0005,0.6186,0.7729,0.0578,0.4766
iran_interval_collapsed,Iranian-17,dft,none,7,1145271176,False,0.9477,6,11,0.9307,-0.0299,11,0.9303,0.6041,0.0005,0.6131,0.758,0.1949,0.4395
iran_interval_collapsed,Iranian-17,dft,input_shuffled,7,1145271176,False,0.9608,0,7,0.9871,-0.7829,7,0.7036,0.6526,0.0005,0.6084,0.7507,0.1915,0.5525
iran_interval_collapsed,Iranian-17,dft,input_shuffled,7,1145271176,False,0.9608,1,9,0.9785,0.9802,9,0.5754,0.6988,0.0005,0.6147,0.771,0.0744,0.4695
iran_interval_collapsed,Iranian-17,dft,input_shuffled,7,1145271176,False,0.9608,2,4,0.9842,1.4444,8,0.2027,0.7079,0.0005,0.6153,0.7671,0.3352,0.4706
iran_interval_collapsed,Iranian-17,dft,input_shuffled,7,1145271176,False,0.9608,3,1,0.9841,-2.355,1,0.7152,0.6476,0.0005,0.6154,0.7649,0.5555,0.4666
iran_interval_collapsed,Iranian-17,dft,input_shuffled,7,1145271176,False,0.9608,4,10,0.9173,3.0753,10,0.9155,0.6217,0.0005,0.6141,0.7674,0.3104,0.4896
iran_interval_collapsed,Iranian-17,dft,input_shuffled,7,1145271176,False,0.9608,5,12,0.9714,3.1416,12,0.9714,0.5877,0.0005,0.6079,0.7456,0.1538,0.4971
iran_interval_collapsed,Iranian-17,dft,input_shuffled,7,1145271176,False,0.9608,6,10,0.7121,1.5308,4,0.4404,0.336,0.06997,0.5988,0.7281,0.1649,0.5248
iran_interval_collapsed,Iranian-17,dft,label_shuffled,7,1145271176,False,0.6405,0,1,0.778,0.0049,1,0.778,0.4061,0.01749,0.6011,0.7368,0.2174,0.4583
iran_interval_collapsed,Iranian-17,dft,label_shuffled,7,1145271176,False,0.6405,1,9,0.5288,1.8575,10,0.4709,0.2043,0.78511,0.5805,0.6977,0.1912,0.5177
iran_interval_collapsed,Iranian-17,dft,label_shuffled,7,1145271176,False,0.6405,2,5,0.6085,-2.9761,5,0.6002,0.26,0.31434,0.5815,0.6994,0.2004,0.4822
iran_interval_collapsed,Iranian-17,dft,label_shuffled,7,1145271176,False,0.6405,3,11,0.5487,2.542,5,0.5015,0.204,0.76312,0.6062,0.7427,0.0404,0.4203
iran_interval_collapsed,Iranian-17,dft,label_shuffled,7,1145271176,False,0.6405,4,3,0.5624,0.5588,9,0.5011,0.218,0.63968,0.59,0.7051,0.2212,0.5068
iran_interval_collapsed,Iranian-17,dft,label_shuffled,7,1145271176,False,0.6405,5,4,0.5085,2.2468,2,0.4531,0.1796,0.90955,0.6019,0.734,0.1476,0.4517
iran_interval_collapsed,Iranian-17,dft,label_shuffled,7,1145271176,False,0.6405,6,4,0.5327,1.0376,6,0.4801,0.2101,0.8036,0.592,0.7086,0.0568,0.4954
iran_interval_collapsed,Iranian-17,dft,none,7,1957396849,False,0.9477,0,12,0.9131,-0.0,12,0.9131,0.5255,0.001,0.606,0.7539,0.0305,0.4438
iran_interval_collapsed,Iranian-17,dft,none,7,1957396849,False,0.9477,1,10,0.9371,-0.4434,10,0.8558,0.6293,0.0005,0.6121,0.7569,0.3463,0.5188
iran_interval_collapsed,Iranian-17,dft,none,7,1957396849,False,0.9477,2,1,0.8179,-0.9535,3,0.4711,0.4706,0.01449,0.6086,0.7601,0.4615,0.4994
iran_interval_collapsed,Iranian-17,dft,none,7,1957396849,False,0.9477,3,9,0.955,-2.0917,9,0.5092,0.6617,0.0005,0.6126,0.7606,0.066,0.5014
iran_interval_collapsed,Iranian-17,dft,none,7,1957396849,False,0.9477,4,12,0.9742,-0.0,12,0.9742,0.5904,0.0015,0.61,0.7481,0.1189,0.4544
iran_interval_collapsed,Iranian-17,dft,none,7,1957396849,False,0.9477,5,5,0.9095,-2.1371,5,0.494,0.5581,0.001,0.6126,0.7668,0.33,0.4705
iran_interval_collapsed,Iranian-17,dft,none,7,1957396849,False,0.9477,6,7,0.6266,-0.379,7,0.5825,0.27,0.36482,0.6064,0.7451,0.1328,0.45
iran_interval_collapsed,Iranian-17,dft,input_shuffled,7,1957396849,False,0.8627,0,7,0.9769,-0.797,7,0.6867,0.6378,0.0005,0.6111,0.7601,0.2292,0.459
iran_interval_collapsed,Iranian-17,dft,input_shuffled,7,1957396849,False,0.8627,1,5,0.9157,2.5945,5,0.7806,0.5663,0.0015,0.6092,0.76,0.1314,0.5047
iran_interval_collapsed,Iranian-17,dft,input_shuffled,7,1957396849,False,0.8627,2,9,0.8965,-0.7258,9,0.6559,0.5389,0.0015,0.6066,0.7436,0.1778,0.4958
iran_interval_collapsed,Iranian-17,dft,input_shuffled,7,1957396849,False,0.8627,3,12,0.8905,-0.0,12,0.8905,0.4943,0.001,0.6034,0.7303,0.0041,0.5022
iran_interval_collapsed,Iranian-17,dft,input_shuffled,7,1957396849,False,0.8627,4,12,0.983,-0.0,12,0.983,0.5993,0.0005,0.6088,0.7499,0.0293,0.4547
iran_interval_collapsed,Iranian-17,dft,input_shuffled,7,1957396849,False,0.8627,5,4,0.9983,-1.5793,1,0.2107,0.7314,0.0005,0.6132,0.7564,0.2892,0.4694
iran_interval_collapsed,Iranian-17,dft,input_shuffled,7,1957396849,False,0.8627,6,11,0.9936,2.3615,11,0.7262,0.6543,0.0005,0.6118,0.7556,0.3015,0.4776
iran_interval_collapsed,Iranian-17,dft,label_shuffled,7,1957396849,False,0.6863,0,6,0.5332,-1.7271,9,0.4984,0.1829,0.78511,0.5909,0.7218,0.2471,0.4687
iran_interval_collapsed,Iranian-17,dft,label_shuffled,7,1957396849,False,0.6863,1,3,0.6123,0.392,3,0.5641,0.2564,0.42229,0.6047,0.7353,0.3376,0.4338
iran_interval_collapsed,Iranian-17,dft,label_shuffled,7,1957396849,False,0.6863,2,7,0.6251,0.2512,7,0.6054,0.2585,0.36532,0.6068,0.748,0.1892,0.4788
iran_interval_collapsed,Iranian-17,dft,label_shuffled,7,1957396849,False,0.6863,3,6,0.5575,-2.3664,6,0.4719,0.2281,0.68566,0.5988,0.7337,0.015,0.4642
iran_interval_collapsed,Iranian-17,dft,label_shuffled,7,1957396849,False,0.6863,4,5,0.6837,0.829,12,0.5752,0.3199,0.14993,0.6027,0.7369,0.4336,0.501
iran_interval_collapsed,Iranian-17,dft,label_shuffled,7,1957396849,False,0.6863,5,5,0.5565,2.2889,5,0.3635,0.2121,0.70565,0.6081,0.7551,0.1277,0.5216
iran_interval_collapsed,Iranian-17,dft,label_shuffled,7,1957396849,False,0.6863,6,6,0.5966,2.2482,6,0.4663,0.2518,0.49075,0.604,0.7443,0.406,0.4948
iran_interval_collapsed,Iranian-17,dft,none,7,1929708178,False,0.9216,0,4,0.7396,-0.9811,4,0.3936,0.3859,0.05847,0.6035,0.7488,0.0381,0.4823
iran_interval_collapsed,Iranian-17,dft,none,7,1929708178,False,0.9216,1,12,0.9706,-0.0,12,0.9706,0.5872,0.001,0.61,0.754,0.0001,0.4865
iran_interval_collapsed,Iranian-17,dft,none,7,1929708178,False,0.9216,2,5,0.9047,-2.3184,5,0.6191,0.5454,0.0005,0.6119,0.763,0.2901,0.4661
iran_interval_collapsed,Iranian-17,dft,none,7,1929708178,False,0.9216,3,10,0.9551,-2.5604,10,0.8129,0.6632,0.0005,0.6146,0.7568,0.2199,0.4777
iran_interval_collapsed,Iranian-17,dft,none,7,1929708178,False,0.9216,4,5,0.7985,-1.8303,12,0.4985,0.4267,0.01799,0.6145,0.761,0.1828,0.4678
iran_interval_collapsed,Iranian-17,dft,none,7,1929708178,False,0.9216,5,9,0.9435,2.3914,9,0.6734,0.6031,0.0005,0.6134,0.7663,0.3575,0.4715
iran_interval_collapsed,Iranian-17,dft,none,7,1929708178,False,0.9216,6,7,0.7618,-0.8374,7,0.5134,0.3951,0.03948,0.6107,0.7512,0.0039,0.4584
iran_interval_collapsed,Iranian-17,dft,input_shuffled,7,1929708178,False,0.9542,0,5,0.8981,0.359,5,0.8413,0.5442,0.001,0.6059,0.7407,0.0032,0.4707
iran_interval_collapsed,Iranian-17,dft,input_shuffled,7,1929708178,False,0.9542,1,3,0.9395,-0.0399,3,0.9388,0.6208,0.0005,0.6095,0.7513,0.1641,0.5031
iran_interval_collapsed,Iranian-17,dft,input_shuffled,7,1929708178,False,0.9542,2,2,0.9819,-0.5786,2,0.8369,0.693,0.0005,0.613,0.7535,0.1489,0.4412
iran_interval_collapsed,Iranian-17,dft,input_shuffled,7,1929708178,False,0.9542,3,10,0.9916,-0.9953,10,0.5634,0.6732,0.0005,0.6111,0.7594,0.2628,0.4563
iran_interval_collapsed,Iranian-17,dft,input_shuffled,7,1929708178,False,0.9542,4,10,0.5875,1.3933,3,0.3789,0.2395,0.58021,0.6099,0.7514,0.0195,0.5031
iran_interval_collapsed,Iranian-17,dft,input_shuffled,7,1929708178,False,0.9542,5,11,0.9355,-0.3157,11,0.891,0.5867,0.0005,0.6093,0.7599,0.1824,0.4482
iran_interval_collapsed,Iranian-17,dft,input_shuffled,7,1929708178,False,0.9542,6,12,0.9647,3.1416,12,0.9647,0.5835,0.0005,0.6072,0.7544,0.1448,0.4293
iran_interval_collapsed,Iranian-17,dft,label_shuffled,7,1929708178,False,0.6863,0,10,0.6261,-0.5257,11,0.5641,0.2611,0.32734,0.599,0.7336,0.195,0.4699
iran_interval_collapsed,Iranian-17,dft,label_shuffled,7,1929708178,False,0.6863,1,3,0.5753,1.3902,7,0.3951,0.2273,0.55722,0.5919,0.7102,0.28,0.4565
iran_interval_collapsed,Iranian-17,dft,label_shuffled,7,1929708178,False,0.6863,2,4,0.751,2.9479,4,0.7351,0.379,0.01149,0.584,0.7079,0.0609,0.4365
iran_interval_collapsed,Iranian-17,dft,label_shuffled,7,1929708178,False,0.6863,3,4,0.4907,3.0168,4,0.4864,0.1754,0.95602,0.5987,0.7293,0.0267,0.4727
iran_interval_collapsed,Iranian-17,dft,label_shuffled,7,1929708178,False,0.6863,4,4,0.5367,-2.4029,6,0.4265,0.2113,0.81709,0.6066,0.7443,0.2022,0.4763
iran_interval_collapsed,Iranian-17,dft,label_shuffled,7,1929708178,False,0.6863,5,3,0.5275,-0.4439,3,0.4788,0.1879,0.78061,0.5859,0.7163,0.2905,0.4583
iran_interval_collapsed,Iranian-17,dft,label_shuffled,7,1929708178,False,0.6863,6,10,0.5141,-2.8711,10,0.4975,0.1811,0.90705,0.6079,0.7538,0.0914,0.4498
iran_interval_collapsed,Iranian-17,dft,none,7,421315352,False,0.9346,0,5,0.9192,2.0685,5,0.4318,0.571,0.0005,0.6114,0.761,0.0272,0.4899
iran_interval_collapsed,Iranian-17,dft,none,7,421315352,False,0.9346,1,5,0.7576,-2.4682,5,0.5943,0.3839,0.05147,0.6093,0.758,0.2752,0.5027
iran_interval_collapsed,Iranian-17,dft,none,7,421315352,False,0.9346,2,6,0.9957,-0.7492,6,0.855,0.8172,0.0005,0.618,0.7709,0.1975,0.4301
iran_interval_collapsed,Iranian-17,dft,none,7,421315352,False,0.9346,3,9,0.9896,-2.5656,9,0.8388,0.712,0.0005,0.6127,0.7669,0.226,0.4716
iran_interval_collapsed,Iranian-17,dft,none,7,421315352,False,0.9346,4,5,0.7818,0.8365,5,0.5274,0.4188,0.02049,0.6096,0.7404,0.2094,0.4751
iran_interval_collapsed,Iranian-17,dft,none,7,421315352,False,0.9346,5,12,0.9722,3.1416,12,0.9722,0.5905,0.0005,0.609,0.7444,0.1968,0.5047
iran_interval_collapsed,Iranian-17,dft,none,7,421315352,False,0.9346,6,9,0.5548,-1.7936,5,0.5415,0.2153,0.70465,0.6029,0.7397,0.0644,0.5624
iran_interval_collapsed,Iranian-17,dft,input_shuffled,7,421315352,False,0.9346,0,5,0.8032,-0.6507,5,0.6371,0.4373,0.01649,0.611,0.7551,0.0361,0.4926
iran_interval_collapsed,Iranian-17,dft,input_shuffled,7,421315352,False,0.9346,1,7,0.963,-1.2565,12,0.4891,0.6148,0.0005,0.6075,0.7426,0.0493,0.4534
iran_interval_collapsed,Iranian-17,dft,input_shuffled,7,421315352,False,0.9346,2,12,0.9918,-0.0,12,0.9918,0.6122,0.0015,0.6078,0.7471,0.0795,0.471
iran_interval_collapsed,Iranian-17,dft,input_shuffled,7,421315352,False,0.9346,3,3,0.9337,2.9047,3,0.9083,0.6293,0.0005,0.6105,0.7581,0.0841,0.4499
iran_interval_collapsed,Iranian-17,dft,input_shuffled,7,421315352,False,0.9346,4,12,0.5595,-0.0,12,0.5595,0.2047,0.04998,0.4867,0.5587,0.1418,0.4951
iran_interval_collapsed,Iranian-17,dft,input_shuffled,7,421315352,False,0.9346,5,1,0.9393,-2.4573,1,0.7416,0.5906,0.0005,0.6113,0.7646,0.3639,0.4735
iran_interval_collapsed,Iranian-17,dft,input_shuffled,7,421315352,False,0.9346,6,5,0.7091,1.1098,5,0.3211,0.3447,0.06397,0.5969,0.7203,0.3104,0.4461
iran_interval_collapsed,Iranian-17,dft,label_shuffled,7,421315352,False,0.6993,0,9,0.4306,0.0301,9,0.4304,0.1262,0.999,0.5968,0.7216,0.5297,0.4632
iran_interval_collapsed,Iranian-17,dft,label_shuffled,7,421315352,False,0.6993,1,1,0.4957,0.7164,11,0.4437,0.1786,0.93853,0.5913,0.7178,0.3416,0.4902
iran_interval_collapsed,Iranian-17,dft,label_shuffled,7,421315352,False,0.6993,2,10,0.5897,-0.8796,12,0.4667,0.2383,0.50525,0.5984,0.7259,0.1386,0.4533
iran_interval_collapsed,Iranian-17,dft,label_shuffled,7,421315352,False,0.6993,3,11,0.5618,-1.5309,10,0.4204,0.2133,0.69065,0.6096,0.7569,0.4907,0.4845
iran_interval_collapsed,Iranian-17,dft,label_shuffled,7,421315352,False,0.6993,4,5,0.6526,-1.6769,12,0.516,0.2847,0.22139,0.5993,0.7176,0.1361,0.5181
iran_interval_collapsed,Iranian-17,dft,label_shuffled,7,421315352,False,0.6993,5,3,0.5193,0.8328,11,0.3816,0.1866,0.88656,0.6057,0.747,0.2501,0.4438
iran_interval_collapsed,Iranian-17,dft,label_shuffled,7,421315352,False,0.6993,6,10,0.5217,-2.1429,2,0.3855,0.1937,0.86257,0.6045,0.751,0.383,0.4482
iran_interval_collapsed,Iranian-17,dft,none,7,783187551,False,0.9281,0,3,0.9552,1.5715,10,0.2636,0.6471,0.0005,0.61,0.7539,0.1563,0.4747
iran_interval_collapsed,Iranian-17,dft,none,7,783187551,False,0.9281,1,6,0.9438,0.6753,6,0.8394,0.7449,0.0005,0.6121,0.7572,0.1256,0.4502
iran_interval_collapsed,Iranian-17,dft,none,7,783187551,False,0.9281,2,7,0.7395,-0.8058,7,0.5152,0.3734,0.07096,0.6079,0.7531,0.1606,0.5051
iran_interval_collapsed,Iranian-17,dft,none,7,783187551,False,0.9281,3,5,0.9256,-2.1233,5,0.4921,0.5822,0.0005,0.6022,0.7372,0.0288,0.4619
iran_interval_collapsed,Iranian-17,dft,none,7,783187551,False,0.9281,4,11,0.944,2.7736,11,0.8835,0.602,0.0005,0.6134,0.7667,0.2814,0.4908
iran_interval_collapsed,Iranian-17,dft,none,7,783187551,False,0.9281,5,12,0.981,-0.0,12,0.981,0.5991,0.0005,0.6069,0.7455,0.1203,0.4438
iran_interval_collapsed,Iranian-17,dft,none,7,783187551,False,0.9281,6,1,0.9265,-1.1949,1,0.2956,0.5892,0.0005,0.6131,0.7609,0.7757,0.445
iran_interval_collapsed,Iranian-17,dft,input_shuffled,7,783187551,False,0.9412,0,11,0.9696,-0.4549,11,0.8759,0.626,0.0005,0.613,0.763,0.1871,0.4859
iran_interval_collapsed,Iranian-17,dft,input_shuffled,7,783187551,False,0.9412,1,5,0.9678,-2.6328,5,0.8464,0.6282,0.0005,0.6086,0.7548,0.0303,0.492
iran_interval_collapsed,Iranian-17,dft,input_shuffled,7,783187551,False,0.9412,2,7,0.9711,-2.0755,7,0.4623,0.6347,0.0005,0.6136,0.7628,0.1932,0.4881
iran_interval_collapsed,Iranian-17,dft,input_shuffled,7,783187551,False,0.9412,3,8,0.76,-3.0822,8,0.7585,0.3873,0.03498,0.6041,0.7409,0.3419,0.4888
iran_interval_collapsed,Iranian-17,dft,input_shuffled,7,783187551,False,0.9412,4,12,0.9785,3.1416,12,0.9785,0.5988,0.0005,0.6072,0.7434,0.143,0.5095
iran_interval_collapsed,Iranian-17,dft,input_shuffled,7,783187551,False,0.9412,5,2,0.9507,0.4476,2,0.8667,0.6436,0.0005,0.6141,0.7586,0.1832,0.4485
iran_interval_collapsed,Iranian-17,dft,input_shuffled,7,783187551,False,0.9412,6,1,0.9867,1.8938,1,0.2631,0.6666,0.0005,0.6116,0.754,0.7503,0.4736
iran_interval_collapsed,Iranian-17,dft,label_shuffled,7,783187551,False,0.6405,0,2,0.5574,1.0498,11,0.4401,0.2171,0.72214,0.6045,0.7325,0.5267,0.4466
iran_interval_collapsed,Iranian-17,dft,label_shuffled,7,783187551,False,0.6405,1,1,0.5611,2.1912,10,0.545,0.2146,0.69965,0.6079,0.7475,0.206,0.4671
iran_interval_collapsed,Iranian-17,dft,label_shuffled,7,783187551,False,0.6405,2,8,0.6289,-2.5669,4,0.5553,0.2727,0.26987,0.5888,0.7022,0.1866,0.447
iran_interval_collapsed,Iranian-17,dft,label_shuffled,7,783187551,False,0.6405,3,11,0.579,-2.6536,2,0.5367,0.2323,0.6067,0.6109,0.7569,0.2445,0.5015
iran_interval_collapsed,Iranian-17,dft,label_shuffled,7,783187551,False,0.6405,4,11,0.5247,-2.8288,11,0.4984,0.1862,0.78211,0.5737,0.6839,0.1898,0.5007
iran_interval_collapsed,Iranian-17,dft,label_shuffled,7,783187551,False,0.6405,5,7,0.6485,2.494,7,0.5188,0.2859,0.28086,0.6073,0.749,0.0205,0.4671
iran_interval_collapsed,Iranian-17,dft,label_shuffled,7,783187551,False,0.6405,6,4,0.6452,2.8707,4,0.6188,0.2928,0.28186,0.6068,0.7547,0.145,0.4568
iran_interval_collapsed,Iranian-17,dft,none,7,1154567956,False,0.9608,0,9,0.9661,0.75,9,0.7237,0.6812,0.0005,0.6131,0.7679,0.1996,0.4568
iran_interval_collapsed,Iranian-17,dft,none,7,1154567956,False,0.9608,1,10,0.9471,0.2688,10,0.9169,0.6664,0.0005,0.6136,0.7574,0.1226,0.4883
iran_interval_collapsed,Iranian-17,dft,none,7,1154567956,False,0.9608,2,1,0.6581,-2.1264,7,0.4145,0.2914,0.26087,0.6127,0.7616,0.4664,0.4933
iran_interval_collapsed,Iranian-17,dft,none,7,1154567956,False,0.9608,3,5,0.8888,-2.4547,5,0.6897,0.5263,0.0005,0.6103,0.7519,0.3412,0.4384
iran_interval_collapsed,Iranian-17,dft,none,7,1154567956,False,0.9608,4,12,0.9796,3.1416,12,0.9796,0.5966,0.0005,0.6081,0.7488,0.1111,0.4909
iran_interval_collapsed,Iranian-17,dft,none,7,1154567956,False,0.9608,5,8,0.8627,1.0088,8,0.4392,0.5257,0.002,0.6077,0.7478,0.2929,0.4921
iran_interval_collapsed,Iranian-17,dft,none,7,1154567956,False,0.9608,6,6,0.945,2.3821,6,0.807,0.7128,0.0005,0.6112,0.7603,0.1144,0.4383
iran_interval_collapsed,Iranian-17,dft,input_shuffled,7,1154567956,False,0.9869,0,7,0.7075,2.4048,7,0.5263,0.3408,0.09695,0.6025,0.7388,0.239,0.4848
iran_interval_collapsed,Iranian-17,dft,input_shuffled,7,1154567956,False,0.9869,1,8,0.8658,2.0235,8,0.3598,0.5362,0.0005,0.6047,0.7431,0.1944,0.4343
iran_interval_collapsed,Iranian-17,dft,input_shuffled,7,1154567956,False,0.9869,2,5,0.9408,-2.0134,12,0.4258,0.5968,0.0005,0.6118,0.7625,0.1138,0.48
iran_interval_collapsed,Iranian-17,dft,input_shuffled,7,1154567956,False,0.9869,3,12,0.9676,3.1416,12,0.9676,0.5876,0.001,0.6104,0.7495,0.1422,0.4544
iran_interval_collapsed,Iranian-17,dft,input_shuffled,7,1154567956,False,0.9869,4,2,0.5632,-3.0256,2,0.5599,0.222,0.71464,0.6169,0.7752,0.2244,0.537
iran_interval_collapsed,Iranian-17,dft,input_shuffled,7,1154567956,False,0.9869,5,1,0.8628,-0.1361,1,0.8547,0.4901,0.0065,0.6141,0.7623,0.0096,0.4721
iran_interval_collapsed,Iranian-17,dft,input_shuffled,7,1154567956,False,0.9869,6,10,0.941,-2.8596,10,0.908,0.6515,0.0005,0.612,0.7621,0.0868,0.5109
iran_interval_collapsed,Iranian-17,dft,label_shuffled,7,1154567956,False,0.732,0,3,0.5903,-0.6353,3,0.4819,0.2431,0.48376,0.5926,0.715,0.1174,0.4566
iran_interval_collapsed,Iranian-17,dft,label_shuffled,7,1154567956,False,0.732,1,2,0.7488,-2.8367,2,0.718,0.3953,0.04048,0.6052,0.74,0.0872,0.4753
iran_interval_collapsed,Iranian-17,dft,label_shuffled,7,1154567956,False,0.732,2,7,0.55,-3.131,7,0.55,0.2095,0.73113,0.6015,0.7384,0.0594,0.4637
iran_interval_collapsed,Iranian-17,dft,label_shuffled,7,1154567956,False,0.732,3,2,0.5942,-1.7641,3,0.547,0.2401,0.50825,0.6058,0.7429,0.1258,0.4902
iran_interval_collapsed,Iranian-17,dft,label_shuffled,7,1154567956,False,0.732,4,6,0.5357,-0.5279,6,0.5017,0.2174,0.81059,0.6038,0.7408,0.5015,0.4399
iran_interval_collapsed,Iranian-17,dft,label_shuffled,7,1154567956,False,0.732,5,6,0.5074,0.8953,11,0.4476,0.1847,0.90755,0.5977,0.7316,0.0366,0.4507
iran_interval_collapsed,Iranian-17,dft,label_shuffled,7,1154567956,False,0.732,6,7,0.5616,1.7316,12,0.3068,0.2102,0.66767,0.6012,0.7364,0.5389,0.5309
iran_interval_collapsed,Iranian-17,dft,none,7,317038264,False,0.915,0,2,0.9469,-2.0495,2,0.4579,0.6068,0.0005,0.6093,0.7515,0.1931,0.4861
iran_interval_collapsed,Iranian-17,dft,none,7,317038264,False,0.915,1,3,0.9824,0.004,3,0.9824,0.6744,0.0005,0.613,0.7671,0.0394,0.5067
iran_interval_collapsed,Iranian-17,dft,none,7,317038264,False,0.915,2,12,0.962,-0.0,12,0.962,0.5812,0.001,0.6076,0.7513,0.0834,0.4572
iran_interval_collapsed,Iranian-17,dft,none,7,317038264,False,0.915,3,6,0.8036,2.8458,6,0.7886,0.5461,0.009,0.6054,0.7391,0.3198,0.492
iran_interval_collapsed,Iranian-17,dft,none,7,317038264,False,0.915,4,7,0.8688,2.0052,7,0.3729,0.5144,0.0015,0.6133,0.7547,0.2048,0.4527
iran_interval_collapsed,Iranian-17,dft,none,7,317038264,False,0.915,5,11,0.9295,-1.2889,11,0.3061,0.5882,0.0005,0.6106,0.7501,0.3407,0.4542
iran_interval_collapsed,Iranian-17,dft,none,7,317038264,False,0.915,6,5,0.9249,0.5031,5,0.8114,0.5801,0.001,0.6082,0.7531,0.1875,0.4423
iran_interval_collapsed,Iranian-17,dft,input_shuffled,7,317038264,False,0.9085,0,5,0.964,-0.2379,5,0.9367,0.6259,0.0005,0.6094,0.7605,0.048,0.4959
iran_interval_collapsed,Iranian-17,dft,input_shuffled,7,317038264,False,0.9085,1,11,0.8927,-0.1599,11,0.8816,0.5321,0.002,0.6131,0.761,0.0608,0.4966
iran_interval_collapsed,Iranian-17,dft,input_shuffled,7,317038264,False,0.9085,2,7,0.8879,2.1588,12,0.6875,0.5132,0.0005,0.6013,0.7381,0.0041,0.4834
iran_interval_collapsed,Iranian-17,dft,input_shuffled,7,317038264,False,0.9085,3,4,0.9635,-1.1029,4,0.4132,0.6667,0.0005,0.6108,0.7591,0.1524,0.4445
iran_interval_collapsed,Iranian-17,dft,input_shuffled,7,317038264,False,0.9085,4,12,0.9556,-0.0,12,0.9556,0.5816,0.0005,0.6088,0.7507,0.1895,0.444
iran_interval_collapsed,Iranian-17,dft,input_shuffled,7,317038264,False,0.9085,5,10,0.9309,-2.8833,10,0.9035,0.6436,0.001,0.6132,0.7623,0.1115,0.4632
iran_interval_collapsed,Iranian-17,dft,input_shuffled,7,317038264,False,0.9085,6,5,0.8264,0.6988,5,0.6351,0.4563,0.0045,0.6047,0.7456,0.1323,0.4979
iran_interval_collapsed,Iranian-17,dft,label_shuffled,7,317038264,False,0.6732,0,6,0.6282,1.904,8,0.4195,0.2618,0.31834,0.5995,0.7346,0.1376,0.4771
iran_interval_collapsed,Iranian-17,dft,label_shuffled,7,317038264,False,0.6732,1,4,0.6064,-2.2248,3,0.4384,0.2594,0.46927,0.6076,0.7503,0.1655,0.4748
iran_interval_collapsed,Iranian-17,dft,label_shuffled,7,317038264,False,0.6732,2,10,0.6352,-2.9539,10,0.6253,0.2883,0.31434,0.6036,0.742,0.5645,0.425
iran_interval_collapsed,Iranian-17,dft,label_shuffled,7,317038264,False,0.6732,3,3,0.7036,-1.3838,9,0.322,0.3479,0.06197,0.5878,0.7133,0.3229,0.5116
iran_interval_collapsed,Iranian-17,dft,label_shuffled,7,317038264,False,0.6732,4,2,0.6012,-2.0535,8,0.4163,0.2476,0.44878,0.6005,0.7386,0.5162,0.5035
iran_interval_collapsed,Iranian-17,dft,label_shuffled,7,317038264,False,0.6732,5,12,0.676,-0.0,12,0.676,0.2913,0.15092,0.599,0.7337,0.2547,0.5074
iran_interval_collapsed,Iranian-17,dft,label_shuffled,7,317038264,False,0.6732,6,1,0.7587,1.208,8,0.3369,0.4115,0.01,0.588,0.7081,0.4789,0.4727
iran_dang1_all36,Iranian-17,dft,none,11,1856373298,False,0.7358,0,3,0.7855,1.0823,2,0.3779,0.4338,0.01199,0.5969,0.7285,0.0893,0.4612
iran_dang1_all36,Iranian-17,dft,none,11,1856373298,False,0.7358,1,7,0.7369,2.6069,7,0.6352,0.366,0.05047,0.6057,0.7359,0.1828,0.4691
iran_dang1_all36,Iranian-17,dft,none,11,1856373298,False,0.7358,2,7,0.7755,1.6701,12,0.7065,0.3902,0.01999,0.6063,0.7372,0.0073,0.4705
iran_dang1_all36,Iranian-17,dft,none,11,1856373298,False,0.7358,3,2,0.6628,-0.436,2,0.6072,0.3032,0.18141,0.5969,0.7206,0.0291,0.4911
iran_dang1_all36,Iranian-17,dft,none,11,1856373298,False,0.7358,4,12,0.9706,3.1416,12,0.9706,0.5878,0.001,0.6084,0.7423,0.1257,0.4817
iran_dang1_all36,Iranian-17,dft,none,11,1856373298,False,0.7358,5,9,0.9464,3.0312,9,0.9405,0.6314,0.0005,0.6087,0.7515,0.2002,0.4662
iran_dang1_all36,Iranian-17,dft,none,11,1856373298,False,0.7358,6,12,0.7753,-0.0,12,0.7753,0.383,0.02199,0.6007,0.7374,0.0052,0.4615
iran_dang1_all36,Iranian-17,dft,none,11,1856373298,False,0.7358,7,7,0.6227,2.0821,9,0.3566,0.2679,0.26637,0.5849,0.7034,0.0869,0.504
iran_dang1_all36,Iranian-17,dft,none,11,1856373298,False,0.7358,8,5,0.9112,-1.2325,5,0.2939,0.5578,0.001,0.6072,0.7497,0.0423,0.4322
iran_dang1_all36,Iranian-17,dft,none,11,1856373298,False,0.7358,9,5,0.7047,0.1472,5,0.6971,0.3469,0.09645,0.6019,0.7426,0.0506,0.4586
iran_dang1_all36,Iranian-17,dft,none,11,1856373298,False,0.7358,10,9,0.9236,-1.5111,10,0.4361,0.6018,0.0005,0.608,0.7495,0.0503,0.4841
iran_dang1_all36,Iranian-17,dft,input_shuffled,11,1856373298,False,0.7602,0,3,0.9464,1.4022,1,0.194,0.6262,0.0005,0.6078,0.7445,0.1229,0.5392
iran_dang1_all36,Iranian-17,dft,input_shuffled,11,1856373298,False,0.7602,1,7,0.8609,2.6578,7,0.763,0.5003,0.002,0.6109,0.7573,0.1021,0.48
iran_dang1_all36,Iranian-17,dft,input_shuffled,11,1856373298,False,0.7602,2,10,0.6817,0.4852,10,0.6109,0.3201,0.15392,0.6033,0.7517,0.2595,0.4293
iran_dang1_all36,Iranian-17,dft,input_shuffled,11,1856373298,False,0.7602,3,2,0.6258,-0.0044,2,0.6258,0.2813,0.32884,0.5961,0.7247,0.1529,0.4888
iran_dang1_all36,Iranian-17,dft,input_shuffled,11,1856373298,False,0.7602,4,12,0.7114,3.1416,12,0.7114,0.3127,0.08446,0.605,0.7338,0.0642,0.5319
iran_dang1_all36,Iranian-17,dft,input_shuffled,11,1856373298,False,0.7602,5,9,0.9396,-2.9778,9,0.9273,0.6063,0.0005,0.6062,0.7479,0.2942,0.461
iran_dang1_all36,Iranian-17,dft,input_shuffled,11,1856373298,False,0.7602,6,4,0.5301,-0.1339,12,0.5268,0.1826,0.82309,0.5951,0.7197,0.3242,0.4417
iran_dang1_all36,Iranian-17,dft,input_shuffled,11,1856373298,False,0.7602,7,8,0.6183,1.0988,10,0.343,0.2508,0.29935,0.5863,0.7049,0.4528,0.517
iran_dang1_all36,Iranian-17,dft,input_shuffled,11,1856373298,False,0.7602,8,5,0.8408,-0.8276,5,0.5651,0.4706,0.004,0.6065,0.7505,0.0493,0.4886
iran_dang1_all36,Iranian-17,dft,input_shuffled,11,1856373298,False,0.7602,9,5,0.7597,-2.1566,5,0.4249,0.4152,0.02549,0.6,0.7358,0.1351,0.4975
iran_dang1_all36,Iranian-17,dft,input_shuffled,11,1856373298,False,0.7602,10,12,0.9592,3.1416,12,0.9592,0.5732,0.001,0.607,0.7489,0.1415,0.4372
iran_dang1_all36,Iranian-17,dft,label_shuffled,11,1856373298,False,0.5894,0,10,0.6495,2.9413,10,0.638,0.2872,0.25237,0.6043,0.7383,0.1053,0.4425
iran_dang1_all36,Iranian-17,dft,label_shuffled,11,1856373298,False,0.5894,1,6,0.649,2.3082,6,0.5301,0.3052,0.28786,0.6116,0.7539,0.151,0.4604
iran_dang1_all36,Iranian-17,dft,label_shuffled,11,1856373298,False,0.5894,2,2,0.587,-0.2308,2,0.5732,0.2457,0.58921,0.6105,0.751,0.0485,0.4858
iran_dang1_all36,Iranian-17,dft,label_shuffled,11,1856373298,False,0.5894,3,4,0.6891,0.0913,4,0.6859,0.3226,0.13643,0.6031,0.7406,0.2668,0.4758
iran_dang1_all36,Iranian-17,dft,label_shuffled,11,1856373298,False,0.5894,4,8,0.5398,-0.1354,8,0.5342,0.2021,0.8016,0.6065,0.7504,0.4276,0.4932
iran_dang1_all36,Iranian-17,dft,label_shuffled,11,1856373298,False,0.5894,5,4,0.5484,2.2088,10,0.4373,0.2203,0.74663,0.6044,0.7476,0.1677,0.4788
iran_dang1_all36,Iranian-17,dft,label_shuffled,11,1856373298,False,0.5894,6,8,0.6425,-0.7547,4,0.5364,0.2828,0.26787,0.6021,0.7326,0.1862,0.4467
iran_dang1_all36,Iranian-17,dft,label_shuffled,11,1856373298,False,0.5894,7,11,0.7432,-1.97,8,0.5645,0.3743,0.03648,0.601,0.7307,0.1205,0.4848
iran_dang1_all36,Iranian-17,dft,label_shuffled,11,1856373298,False,0.5894,8,2,0.7403,0.7889,2,0.5378,0.3815,0.05147,0.6033,0.7408,0.0494,0.4543
iran_dang1_all36,Iranian-17,dft,label_shuffled,11,1856373298,False,0.5894,9,5,0.5667,1.5768,10,0.4367,0.2101,0.65817,0.6027,0.7447,0.2733,0.4698
iran_dang1_all36,Iranian-17,dft,label_shuffled,11,1856373298,False,0.5894,10,8,0.4632,-1.0927,7,0.4136,0.1552,0.98851,0.6009,0.7296,0.1518,0.4838
iran_dang1_all36,Iranian-17,dft,none,11,1630984520,False,0.7967,0,4,0.5326,-0.3465,4,0.4971,0.1935,0.82859,0.6061,0.7463,0.1737,0.476
iran_dang1_all36,Iranian-17,dft,none,11,1630984520,False,0.7967,1,12,0.9753,3.1416,12,0.9753,0.5937,0.001,0.608,0.7445,0.1848,0.5127
iran_dang1_all36,Iranian-17,dft,none,11,1630984520,False,0.7967,2,12,0.8736,-0.0,12,0.8736,0.4866,0.002,0.6116,0.7583,0.3104,0.479
iran_dang1_all36,Iranian-17,dft,none,11,1630984520,False,0.7967,3,7,0.6218,1.0325,8,0.4218,0.2656,0.32134,0.5939,0.7097,0.1501,0.5281
iran_dang1_all36,Iranian-17,dft,none,11,1630984520,False,0.7967,4,12,0.9816,3.1416,12,0.9816,0.5995,0.0015,0.6086,0.7525,0.0246,0.4743
iran_dang1_all36,Iranian-17,dft,none,11,1630984520,False,0.7967,5,5,0.8411,-1.1437,4,0.4241,0.4726,0.0025,0.6011,0.7323,0.1556,0.5654
iran_dang1_all36,Iranian-17,dft,none,11,1630984520,False,0.7967,6,2,0.5756,-1.7575,5,0.2771,0.2333,0.55822,0.5904,0.7078,0.0658,0.4365
iran_dang1_all36,Iranian-17,dft,none,11,1630984520,False,0.7967,7,7,0.6329,-0.5555,7,0.5387,0.2735,0.33133,0.6049,0.74,0.1011,0.484
iran_dang1_all36,Iranian-17,dft,none,11,1630984520,False,0.7967,8,3,0.9898,-1.558,2,0.1724,0.6898,0.0005,0.6073,0.751,0.1995,0.4304
iran_dang1_all36,Iranian-17,dft,none,11,1630984520,False,0.7967,9,5,0.5653,0.7815,2,0.4947,0.2205,0.53323,0.5758,0.6823,0.0363,0.4622
iran_dang1_all36,Iranian-17,dft,none,11,1630984520,False,0.7967,10,3,0.9641,-3.084,3,0.9625,0.6566,0.0005,0.6047,0.7386,0.1059,0.4879
iran_dang1_all36,Iranian-17,dft,input_shuffled,11,1630984520,False,0.7561,0,10,0.577,-1.0546,5,0.414,0.2383,0.63068,0.6104,0.7556,0.3306,0.4748
iran_dang1_all36,Iranian-17,dft,input_shuffled,11,1630984520,False,0.7561,1,9,0.9746,1.5101,4,0.2847,0.6698,0.0005,0.6059,0.7461,0.0222,0.4551
iran_dang1_all36,Iranian-17,dft,input_shuffled,11,1630984520,False,0.7561,2,5,0.7179,0.2209,5,0.7005,0.3688,0.01399,0.5675,0.6733,0.2364,0.4532
iran_dang1_all36,Iranian-17,dft,input_shuffled,11,1630984520,False,0.7561,3,7,0.8122,-1.523,10,0.2964,0.4548,0.0085,0.6089,0.747,0.0148,0.5082
iran_dang1_all36,Iranian-17,dft,input_shuffled,11,1630984520,False,0.7561,4,12,0.7193,-0.0,12,0.7193,0.3344,0.06697,0.5964,0.7338,0.2268,0.4435
iran_dang1_all36,Iranian-17,dft,input_shuffled,11,1630984520,False,0.7561,5,5,0.7319,-1.494,2,0.5896,0.3788,0.03548,0.5913,0.7201,0.1366,0.4952
iran_dang1_all36,Iranian-17,dft,input_shuffled,11,1630984520,False,0.7561,6,12,0.9536,-0.0,12,0.9536,0.5726,0.0005,0.604,0.7345,0.0122,0.4893
iran_dang1_all36,Iranian-17,dft,input_shuffled,11,1630984520,False,0.7561,7,7,0.7951,-2.8731,7,0.7664,0.4274,0.01149,0.6046,0.7372,0.1149,0.4465
iran_dang1_all36,Iranian-17,dft,input_shuffled,11,1630984520,False,0.7561,8,12,0.9517,3.1416,12,0.9517,0.5664,0.0005,0.608,0.7481,0.0003,0.448
iran_dang1_all36,Iranian-17,dft,input_shuffled,11,1630984520,False,0.7561,9,12,0.5718,3.1416,12,0.5718,0.2179,0.64068,0.6081,0.7538,0.1388,0.4892
iran_dang1_all36,Iranian-17,dft,input_shuffled,11,1630984520,False,0.7561,10,9,0.783,-0.0602,9,0.7816,0.4187,0.02049,0.6079,0.7415,0.0647,0.5146
iran_dang1_all36,Iranian-17,dft,label_shuffled,11,1630984520,False,0.6138,0,11,0.7231,-2.5976,11,0.6129,0.3704,0.08546,0.6083,0.7473,0.0067,0.5076
iran_dang1_all36,Iranian-17,dft,label_shuffled,11,1630984520,False,0.6138,1,10,0.6455,2.8471,10,0.6208,0.2918,0.23588,0.5957,0.7262,0.2748,0.4775
iran_dang1_all36,Iranian-17,dft,label_shuffled,11,1630984520,False,0.6138,2,7,0.5532,-1.4329,6,0.3677,0.2228,0.57071,0.5699,0.6811,0.0377,0.5014
iran_dang1_all36,Iranian-17,dft,label_shuffled,11,1630984520,False,0.6138,3,11,0.7467,1.4384,8,0.4915,0.3759,0.05497,0.6096,0.7519,0.1456,0.4938
iran_dang1_all36,Iranian-17,dft,label_shuffled,11,1630984520,False,0.6138,4,8,0.5192,-1.0425,4,0.3171,0.1842,0.87656,0.6004,0.7361,0.1248,0.4638
iran_dang1_all36,Iranian-17,dft,label_shuffled,11,1630984520,False,0.6138,5,3,0.4226,2.9511,1,0.4215,0.1256,1.0,0.5998,0.7361,0.1628,0.4911
iran_dang1_all36,Iranian-17,dft,label_shuffled,11,1630984520,False,0.6138,6,4,0.627,-1.5736,11,0.3802,0.29,0.29785,0.5945,0.7206,0.1354,0.4673
iran_dang1_all36,Iranian-17,dft,label_shuffled,11,1630984520,False,0.6138,7,8,0.6536,-1.1949,1,0.2708,0.3053,0.27836,0.6128,0.7629,0.2379,0.5166
iran_dang1_all36,Iranian-17,dft,label_shuffled,11,1630984520,False,0.6138,8,9,0.6388,1.3523,5,0.273,0.2948,0.27036,0.5991,0.7344,0.0641,0.4303
iran_dang1_all36,Iranian-17,dft,label_shuffled,11,1630984520,False,0.6138,9,6,0.6538,2.429,6,0.5718,0.3248,0.24538,0.6064,0.7379,0.0754,0.4404
iran_dang1_all36,Iranian-17,dft,label_shuffled,11,1630984520,False,0.6138,10,1,0.5771,0.4461,3,0.5389,0.242,0.61919,0.6075,0.7472,0.3544,0.4505
iran_dang1_all36,Iranian-17,dft,none,11,566825153,False,0.7927,0,6,0.9797,-2.3003,6,0.7959,0.7449,0.0005,0.617,0.7821,0.0222,0.4751
iran_dang1_all36,Iranian-17,dft,none,11,566825153,False,0.7927,1,7,0.8858,2.3692,7,0.6378,0.5324,0.002,0.6122,0.7581,0.0003,0.4783
iran_dang1_all36,Iranian-17,dft,none,11,566825153,False,0.7927,2,5,0.7638,2.5886,5,0.6487,0.3995,0.03348,0.6078,0.7491,0.1606,0.498
iran_dang1_all36,Iranian-17,dft,none,11,566825153,False,0.7927,3,5,0.6855,1.397,11,0.4492,0.3213,0.13793,0.6045,0.7419,0.1385,0.4192
iran_dang1_all36,Iranian-17,dft,none,11,566825153,False,0.7927,4,9,0.9312,1.7911,10,0.2843,0.6054,0.0005,0.6018,0.7341,0.087,0.5069
iran_dang1_all36,Iranian-17,dft,none,11,566825153,False,0.7927,5,9,0.9411,-2.9811,9,0.9293,0.6224,0.0005,0.6068,0.744,0.2914,0.4854
iran_dang1_all36,Iranian-17,dft,none,11,566825153,False,0.7927,6,10,0.7608,2.0906,10,0.3959,0.4006,0.01499,0.5919,0.7136,0.1292,0.4985
iran_dang1_all36,Iranian-17,dft,none,11,566825153,False,0.7927,7,12,0.9125,-0.0,12,0.9125,0.5249,0.0005,0.6079,0.7501,0.0711,0.4832
iran_dang1_all36,Iranian-17,dft,none,11,566825153,False,0.7927,8,12,0.9228,-0.0,12,0.9228,0.5337,0.001,0.6098,0.7542,0.1073,0.5283
iran_dang1_all36,Iranian-17,dft,none,11,566825153,False,0.7927,9,2,0.6459,-1.772,11,0.4089,0.2829,0.29435,0.6074,0.7496,0.4678,0.5025
iran_dang1_all36,Iranian-17,dft,none,11,566825153,False,0.7927,10,12,0.8403,-0.0,12,0.8403,0.4486,0.003,0.6042,0.7372,0.1668,0.532
iran_dang1_all36,Iranian-17,dft,input_shuffled,11,566825153,False,0.8049,0,7,0.6295,1.6254,6,0.3677,0.2813,0.31684,0.601,0.7375,0.0344,0.4969
iran_dang1_all36,Iranian-17,dft,input_shuffled,11,566825153,False,0.8049,1,7,0.9587,2.3547,7,0.6807,0.6151,0.0005,0.6088,0.7465,0.0433,0.5142
iran_dang1_all36,Iranian-17,dft,input_shuffled,11,566825153,False,0.8049,2,5,0.8318,-2.1771,5,0.4792,0.4765,0.009,0.6094,0.7495,0.0373,0.5593
iran_dang1_all36,Iranian-17,dft,input_shuffled,11,566825153,False,0.8049,3,12,0.9289,3.1416,12,0.9289,0.5477,0.0005,0.6083,0.7434,0.0839,0.535
iran_dang1_all36,Iranian-17,dft,input_shuffled,11,566825153,False,0.8049,4,9,0.9517,-0.7329,9,0.6913,0.6094,0.0005,0.6139,0.7681,0.2033,0.5085
iran_dang1_all36,Iranian-17,dft,input_shuffled,11,566825153,False,0.8049,5,9,0.9554,-2.244,9,0.6206,0.6742,0.0005,0.6162,0.7662,0.0784,0.5236
iran_dang1_all36,Iranian-17,dft,input_shuffled,11,566825153,False,0.8049,6,5,0.7839,-1.2148,12,0.5511,0.41,0.0075,0.5962,0.7198,0.0621,0.4818
iran_dang1_all36,Iranian-17,dft,input_shuffled,11,566825153,False,0.8049,7,5,0.8249,-0.5324,5,0.7096,0.4628,0.007,0.6065,0.7468,0.0272,0.4964
iran_dang1_all36,Iranian-17,dft,input_shuffled,11,566825153,False,0.8049,8,12,0.7218,3.1416,12,0.7218,0.3378,0.06497,0.6026,0.7298,0.0958,0.4743
iran_dang1_all36,Iranian-17,dft,input_shuffled,11,566825153,False,0.8049,9,6,0.6195,1.6127,12,0.5949,0.2364,0.22839,0.5761,0.6858,0.037,0.4733
iran_dang1_all36,Iranian-17,dft,input_shuffled,11,566825153,False,0.8049,10,8,0.6284,3.0905,8,0.6275,0.2612,0.32334,0.5996,0.7354,0.2897,0.4826
iran_dang1_all36,Iranian-17,dft,label_shuffled,11,566825153,False,0.561,0,8,0.5836,1.1332,3,0.4143,0.2296,0.57521,0.6079,0.7486,0.002,0.473
iran_dang1_all36,Iranian-17,dft,label_shuffled,11,566825153,False,0.561,1,9,0.5451,0.4713,9,0.4885,0.1931,0.75812,0.6023,0.7445,0.4027,0.4735
iran_dang1_all36,Iranian-17,dft,label_shuffled,11,566825153,False,0.561,2,4,0.5136,-1.1243,12,0.4585,0.1861,0.89155,0.5976,0.7232,0.0618,0.4655
iran_dang1_all36,Iranian-17,dft,label_shuffled,11,566825153,False,0.561,3,11,0.687,1.0912,2,0.2952,0.3284,0.13543,0.6008,0.735,0.2224,0.4723
iran_dang1_all36,Iranian-17,dft,label_shuffled,11,566825153,False,0.561,4,8,0.5493,0.2806,8,0.5251,0.2115,0.75262,0.6021,0.7401,0.2413,0.4487
iran_dang1_all36,Iranian-17,dft,label_shuffled,11,566825153,False,0.561,5,5,0.5858,-0.7419,7,0.4727,0.2307,0.55422,0.6026,0.7349,0.2297,0.5263
iran_dang1_all36,Iranian-17,dft,label_shuffled,11,566825153,False,0.561,6,5,0.5174,0.584,1,0.4624,0.1908,0.88806,0.6016,0.7361,0.285,0.4717
iran_dang1_all36,Iranian-17,dft,label_shuffled,11,566825153,False,0.561,7,12,0.5165,-0.0,12,0.5165,0.1898,0.88956,0.6019,0.7359,0.1756,0.4163
iran_dang1_all36,Iranian-17,dft,label_shuffled,11,566825153,False,0.561,8,9,0.5719,-3.1058,9,0.5716,0.2363,0.63918,0.607,0.7527,0.3552,0.4581
iran_dang1_all36,Iranian-17,dft,label_shuffled,11,566825153,False,0.561,9,4,0.6893,0.6451,4,0.538,0.3202,0.09195,0.5935,0.7121,0.0374,0.5108
iran_dang1_all36,Iranian-17,dft,label_shuffled,11,566825153,False,0.561,10,2,0.7058,-2.1695,2,0.4148,0.3371,0.08296,0.597,0.7304,0.3975,0.4867
iran_dang1_all36,Iranian-17,dft,none,11,736525348,False,0.7602,0,7,0.7887,-0.7972,7,0.5543,0.4175,0.01149,0.5949,0.718,0.2366,0.4836
iran_dang1_all36,Iranian-17,dft,none,11,736525348,False,0.7602,1,7,0.7763,-0.5579,5,0.7036,0.4148,0.03398,0.6088,0.754,0.0615,0.492
iran_dang1_all36,Iranian-17,dft,none,11,736525348,False,0.7602,2,6,0.9814,2.3523,6,0.8241,0.7745,0.0005,0.6137,0.7634,0.1926,0.4741
iran_dang1_all36,Iranian-17,dft,none,11,736525348,False,0.7602,3,4,0.7209,-1.4765,8,0.3628,0.3667,0.07696,0.6075,0.7397,0.0346,0.4932
iran_dang1_all36,Iranian-17,dft,none,11,736525348,False,0.7602,4,7,0.6598,0.4986,5,0.6268,0.3042,0.22439,0.6053,0.745,0.0281,0.4749
iran_dang1_all36,Iranian-17,dft,none,11,736525348,False,0.7602,5,3,0.9432,-2.9461,3,0.9249,0.6198,0.0005,0.6043,0.7434,0.1838,0.4712
iran_dang1_all36,Iranian-17,dft,none,11,736525348,False,0.7602,6,12,0.9101,-0.0,12,0.9101,0.5204,0.001,0.6124,0.7592,0.1369,0.5116
iran_dang1_all36,Iranian-17,dft,none,11,736525348,False,0.7602,7,2,0.7012,0.2992,2,0.6735,0.3617,0.11244,0.606,0.7428,0.0026,0.4581
iran_dang1_all36,Iranian-17,dft,none,11,736525348,False,0.7602,8,12,0.913,-0.0,12,0.913,0.524,0.0005,0.6066,0.7431,0.0812,0.4254
iran_dang1_all36,Iranian-17,dft,none,11,736525348,False,0.7602,9,10,0.5812,1.9357,8,0.411,0.2321,0.56822,0.6011,0.736,0.0437,0.4994
iran_dang1_all36,Iranian-17,dft,none,11,736525348,False,0.7602,10,12,0.6257,-0.0,12,0.6257,0.258,0.36482,0.606,0.748,0.2648,0.5531
iran_dang1_all36,Iranian-17,dft,input_shuffled,11,736525348,False,0.7724,0,12,0.9157,-0.0,12,0.9157,0.528,0.001,0.6107,0.754,0.1535,0.4374
iran_dang1_all36,Iranian-17,dft,input_shuffled,11,736525348,False,0.7724,1,7,0.6222,-0.1071,7,0.6186,0.2693,0.38631,0.6068,0.7465,0.1448,0.5576
iran_dang1_all36,Iranian-17,dft,input_shuffled,11,736525348,False,0.7724,2,5,0.777,-0.8286,5,0.5217,0.4089,0.01199,0.5995,0.7308,0.0105,0.5024
iran_dang1_all36,Iranian-17,dft,input_shuffled,11,736525348,False,0.7724,3,10,0.7411,0.9029,10,0.4766,0.3791,0.05397,0.6051,0.7445,0.0505,0.4838
iran_dang1_all36,Iranian-17,dft,input_shuffled,11,736525348,False,0.7724,4,5,0.8614,-2.1882,5,0.5039,0.4996,0.0015,0.6059,0.7479,0.0982,0.4563
iran_dang1_all36,Iranian-17,dft,input_shuffled,11,736525348,False,0.7724,5,6,0.9813,-0.8528,6,0.7908,0.7415,0.0005,0.6139,0.761,0.1431,0.4924
iran_dang1_all36,Iranian-17,dft,input_shuffled,11,736525348,False,0.7724,6,3,0.9249,0.0811,3,0.9219,0.6022,0.0005,0.6032,0.7341,0.1694,0.5262
iran_dang1_all36,Iranian-17,dft,input_shuffled,11,736525348,False,0.7724,7,2,0.6306,2.6056,2,0.5507,0.2733,0.34333,0.6059,0.7458,0.1293,0.4733
iran_dang1_all36,Iranian-17,dft,input_shuffled,11,736525348,False,0.7724,8,12,0.8508,-0.0,12,0.8508,0.4653,0.0005,0.5964,0.7278,0.0182,0.4493
iran_dang1_all36,Iranian-17,dft,input_shuffled,11,736525348,False,0.7724,9,3,0.9614,1.5613,8,0.1771,0.6417,0.0005,0.6053,0.7382,0.203,0.4772
iran_dang1_all36,Iranian-17,dft,input_shuffled,11,736525348,False,0.7724,10,12,0.7493,-0.0,12,0.7493,0.3666,0.04948,0.61,0.749,0.0589,0.4859
iran_dang1_all36,Iranian-17,dft,label_shuffled,11,736525348,False,0.5813,0,8,0.6478,-1.7701,2,0.3195,0.2983,0.25237,0.6018,0.7277,0.1024,0.4872
iran_dang1_all36,Iranian-17,dft,label_shuffled,11,736525348,False,0.5813,1,8,0.5704,0.1762,8,0.5604,0.2277,0.63168,0.6027,0.7375,0.0035,0.4532
iran_dang1_all36,Iranian-17,dft,label_shuffled,11,736525348,False,0.5813,2,8,0.5693,-0.9413,9,0.3957,0.2138,0.65417,0.6045,0.7388,0.1586,0.4992
iran_dang1_all36,Iranian-17,dft,label_shuffled,11,736525348,False,0.5813,3,10,0.6255,1.1001,8,0.5167,0.2696,0.31584,0.596,0.7154,0.3412,0.4411
iran_dang1_all36,Iranian-17,dft,label_shuffled,11,736525348,False,0.5813,4,8,0.6581,1.1024,3,0.5086,0.3085,0.2084,0.6001,0.7278,0.2414,0.5146
iran_dang1_all36,Iranian-17,dft,label_shuffled,11,736525348,False,0.5813,5,4,0.6215,-0.9844,2,0.3739,0.2754,0.3938,0.6063,0.7403,0.3035,0.5116
iran_dang1_all36,Iranian-17,dft,label_shuffled,11,736525348,False,0.5813,6,9,0.6321,2.9667,9,0.6223,0.2713,0.23838,0.5877,0.7018,0.0956,0.4727
iran_dang1_all36,Iranian-17,dft,label_shuffled,11,736525348,False,0.5813,7,4,0.5769,-0.4476,4,0.5137,0.227,0.5942,0.6029,0.7402,0.3551,0.4721
iran_dang1_all36,Iranian-17,dft,label_shuffled,11,736525348,False,0.5813,8,9,0.6057,-1.244,4,0.4354,0.2623,0.4008,0.5929,0.7189,0.04,0.4948
iran_dang1_all36,Iranian-17,dft,label_shuffled,11,736525348,False,0.5813,9,9,0.5414,-1.521,10,0.4973,0.2085,0.77611,0.6036,0.7421,0.1967,0.4384
iran_dang1_all36,Iranian-17,dft,label_shuffled,11,736525348,False,0.5813,10,10,0.5559,-0.6801,2,0.4763,0.2167,0.73413,0.6067,0.7464,0.0734,0.5189
iran_dang1_all36,Iranian-17,dft,none,11,1922785081,False,0.7967,0,12,0.9878,3.1416,12,0.9878,0.6054,0.001,0.6108,0.7469,0.1337,0.4784
iran_dang1_all36,Iranian-17,dft,none,11,1922785081,False,0.7967,1,5,0.8765,-2.7784,5,0.8197,0.5236,0.002,0.607,0.7477,0.2839,0.4972
iran_dang1_all36,Iranian-17,dft,none,11,1922785081,False,0.7967,2,3,0.635,-0.5671,3,0.5411,0.2865,0.31884,0.6043,0.7463,0.125,0.49
iran_dang1_all36,Iranian-17,dft,none,11,1922785081,False,0.7967,3,2,0.6372,-0.0533,2,0.6364,0.2838,0.30285,0.6033,0.7368,0.1656,0.4854
iran_dang1_all36,Iranian-17,dft,none,11,1922785081,False,0.7967,4,6,0.9917,-2.4978,6,0.8935,0.8507,0.0005,0.616,0.7677,0.103,0.4511
iran_dang1_all36,Iranian-17,dft,none,11,1922785081,False,0.7967,5,4,0.8608,-1.7325,3,0.3436,0.539,0.0035,0.6104,0.7594,0.0902,0.4197
iran_dang1_all36,Iranian-17,dft,none,11,1922785081,False,0.7967,6,12,0.7704,3.1416,12,0.7704,0.3836,0.01699,0.5972,0.7243,0.0662,0.4726
iran_dang1_all36,Iranian-17,dft,none,11,1922785081,False,0.7967,7,5,0.8402,0.8891,5,0.5338,0.4707,0.0005,0.5751,0.6839,0.0559,0.4785
iran_dang1_all36,Iranian-17,dft,none,11,1922785081,False,0.7967,8,9,0.5927,-1.8574,11,0.3249,0.2435,0.49925,0.5999,0.7299,0.2192,0.4872
iran_dang1_all36,Iranian-17,dft,none,11,1922785081,False,0.7967,9,8,0.9824,-0.151,8,0.9697,0.647,0.0005,0.6091,0.7474,0.34,0.4763
iran_dang1_all36,Iranian-17,dft,none,11,1922785081,False,0.7967,10,7,0.7697,-1.6929,12,0.6856,0.3857,0.03198,0.6066,0.7502,0.0635,0.5083
iran_dang1_all36,Iranian-17,dft,input_shuffled,11,1922785081,False,0.8089,0,10,0.8717,0.6993,10,0.684,0.5251,0.003,0.6055,0.7514,0.1291,0.46
iran_dang1_all36,Iranian-17,dft,input_shuffled,11,1922785081,False,0.8089,1,5,0.8363,-1.2109,5,0.2869,0.4824,0.004,0.6025,0.7386,0.1175,0.4568
iran_dang1_all36,Iranian-17,dft,input_shuffled,11,1922785081,False,0.8089,2,5,0.7312,-2.836,5,0.6975,0.3712,0.07096,0.6062,0.7479,0.1756,0.4542
iran_dang1_all36,Iranian-17,dft,input_shuffled,11,1922785081,False,0.8089,3,7,0.7883,-0.7792,7,0.5639,0.4255,0.01949,0.6077,0.7465,0.3639,0.5157
iran_dang1_all36,Iranian-17,dft,input_shuffled,11,1922785081,False,0.8089,4,12,0.8056,3.1416,12,0.8056,0.4184,0.0075,0.6042,0.7363,0.0546,0.4917
iran_dang1_all36,Iranian-17,dft,input_shuffled,11,1922785081,False,0.8089,5,3,0.867,-1.7834,4,0.274,0.5218,0.001,0.6058,0.7462,0.3542,0.526
iran_dang1_all36,Iranian-17,dft,input_shuffled,11,1922785081,False,0.8089,6,12,0.888,-0.0,12,0.888,0.4982,0.001,0.607,0.7436,0.1767,0.4742
iran_dang1_all36,Iranian-17,dft,input_shuffled,11,1922785081,False,0.8089,7,12,0.7953,-0.0,12,0.7953,0.4073,0.02849,0.613,0.766,0.0712,0.5265
iran_dang1_all36,Iranian-17,dft,input_shuffled,11,1922785081,False,0.8089,8,6,0.9985,-2.5908,6,0.929,0.899,0.0005,0.6157,0.7627,0.0979,0.4448
iran_dang1_all36,Iranian-17,dft,input_shuffled,11,1922785081,False,0.8089,9,8,0.9041,3.0521,8,0.9,0.5453,0.001,0.6088,0.7459,0.2149,0.5046
iran_dang1_all36,Iranian-17,dft,input_shuffled,11,1922785081,False,0.8089,10,3,0.9176,2.8543,3,0.8812,0.5946,0.0005,0.6097,0.7495,0.0894,0.4966
iran_dang1_all36,Iranian-17,dft,label_shuffled,11,1922785081,False,0.5894,0,4,0.6089,-0.6653,8,0.5295,0.2505,0.45977,0.6089,0.7463,0.0016,0.4779
iran_dang1_all36,Iranian-17,dft,label_shuffled,11,1922785081,False,0.5894,1,8,0.5242,1.2938,3,0.4462,0.1879,0.85307,0.5953,0.7197,0.2661,0.4527
iran_dang1_all36,Iranian-17,dft,label_shuffled,11,1922785081,False,0.5894,2,10,0.5882,-1.9589,12,0.5489,0.2363,0.56672,0.6074,0.7516,0.1748,0.4951
iran_dang1_all36,Iranian-17,dft,label_shuffled,11,1922785081,False,0.5894,3,2,0.5649,-2.0596,10,0.4216,0.2211,0.67016,0.6032,0.7363,0.4186,0.508
iran_dang1_all36,Iranian-17,dft,label_shuffled,11,1922785081,False,0.5894,4,8,0.5734,-1.5563,6,0.3461,0.2391,0.61169,0.5982,0.727,0.0414,0.532
iran_dang1_all36,Iranian-17,dft,label_shuffled,11,1922785081,False,0.5894,5,5,0.4701,3.1092,5,0.4699,0.1463,0.98551,0.5973,0.7252,0.1373,0.4665
iran_dang1_all36,Iranian-17,dft,label_shuffled,11,1922785081,False,0.5894,6,5,0.642,-0.8302,1,0.5153,0.2807,0.30435,0.6065,0.7398,0.0856,0.5038
iran_dang1_all36,Iranian-17,dft,label_shuffled,11,1922785081,False,0.5894,7,9,0.7019,0.6334,9,0.5738,0.348,0.10495,0.6021,0.7355,0.264,0.4906
iran_dang1_all36,Iranian-17,dft,label_shuffled,11,1922785081,False,0.5894,8,11,0.5328,2.2818,11,0.3611,0.1952,0.82009,0.6044,0.7456,0.0434,0.4433
iran_dang1_all36,Iranian-17,dft,label_shuffled,11,1922785081,False,0.5894,9,10,0.5527,-2.5481,10,0.4668,0.2187,0.72514,0.598,0.7252,0.086,0.5163
iran_dang1_all36,Iranian-17,dft,label_shuffled,11,1922785081,False,0.5894,10,9,0.6207,2.8676,9,0.5969,0.2589,0.35332,0.5991,0.734,0.3759,0.4403
iran_dang1_all36,Iranian-17,dft,none,11,822025355,False,0.7805,0,4,0.8083,0.2454,4,0.781,0.4493,0.0095,0.6053,0.7409,0.0055,0.445
iran_dang1_all36,Iranian-17,dft,none,11,822025355,False,0.7805,1,8,0.8246,1.7423,4,0.3612,0.4984,0.004,0.6027,0.7402,0.1429,0.5104
iran_dang1_all36,Iranian-17,dft,none,11,822025355,False,0.7805,2,2,0.7237,2.2686,2,0.4819,0.3675,0.08246,0.6062,0.7513,0.041,0.4915
iran_dang1_all36,Iranian-17,dft,none,11,822025355,False,0.7805,3,10,0.6569,0.0798,10,0.655,0.3028,0.25637,0.6126,0.7523,0.1413,0.4543
iran_dang1_all36,Iranian-17,dft,none,11,822025355,False,0.7805,4,6,0.4753,-0.3141,6,0.4653,0.1682,0.98251,0.6014,0.7337,0.2783,0.4814
iran_dang1_all36,Iranian-17,dft,none,11,822025355,False,0.7805,5,12,0.9724,-0.0,12,0.9724,0.5942,0.001,0.6067,0.7366,0.1272,0.4839
iran_dang1_all36,Iranian-17,dft,none,11,822025355,False,0.7805,6,3,0.9243,-1.7042,10,0.2735,0.6005,0.0005,0.6015,0.7349,0.2094,0.4606
iran_dang1_all36,Iranian-17,dft,none,11,822025355,False,0.7805,7,7,0.8119,2.5049,7,0.6547,0.4412,0.007,0.6061,0.7391,0.0609,0.4415
iran_dang1_all36,Iranian-17,dft,none,11,822025355,False,0.7805,8,12,0.9854,-0.0,12,0.9854,0.6039,0.0015,0.6067,0.7508,0.1195,0.4672
iran_dang1_all36,Iranian-17,dft,none,11,822025355,False,0.7805,9,7,0.7564,2.2752,7,0.4935,0.3858,0.04798,0.6091,0.7552,0.1935,0.4927
iran_dang1_all36,Iranian-17,dft,none,11,822025355,False,0.7805,10,9,0.9555,-0.0522,9,0.9541,0.6436,0.0005,0.6127,0.7572,0.2146,0.4966
iran_dang1_all36,Iranian-17,dft,input_shuffled,11,822025355,False,0.7317,0,8,0.8017,-2.8065,8,0.7517,0.4303,0.007,0.602,0.7342,0.1689,0.5058
iran_dang1_all36,Iranian-17,dft,input_shuffled,11,822025355,False,0.7317,1,5,0.5669,1.0945,12,0.4694,0.2177,0.66367,0.6039,0.7375,0.1616,0.4539
iran_dang1_all36,Iranian-17,dft,input_shuffled,11,822025355,False,0.7317,2,9,0.9403,1.4958,10,0.3701,0.6252,0.0005,0.608,0.7504,0.0427,0.4564
iran_dang1_all36,Iranian-17,dft,input_shuffled,11,822025355,False,0.7317,3,7,0.852,-2.348,7,0.5941,0.4909,0.0005,0.5907,0.7175,0.1265,0.4799
iran_dang1_all36,Iranian-17,dft,input_shuffled,11,822025355,False,0.7317,4,3,0.9697,-3.1111,3,0.9692,0.6634,0.0005,0.6034,0.739,0.028,0.4224
iran_dang1_all36,Iranian-17,dft,input_shuffled,11,822025355,False,0.7317,5,5,0.6818,1.032,7,0.5539,0.3219,0.15142,0.6019,0.7393,0.2329,0.4714
iran_dang1_all36,Iranian-17,dft,input_shuffled,11,822025355,False,0.7317,6,8,0.8238,1.766,11,0.4334,0.4751,0.003,0.5997,0.7321,0.2333,0.4573
iran_dang1_all36,Iranian-17,dft,input_shuffled,11,822025355,False,0.7317,7,12,0.8255,-0.0,12,0.8255,0.4395,0.0065,0.6043,0.7431,0.0105,0.4899
iran_dang1_all36,Iranian-17,dft,input_shuffled,11,822025355,False,0.7317,8,5,0.8051,0.7058,7,0.6397,0.4396,0.004,0.5923,0.7208,0.0359,0.4152
iran_dang1_all36,Iranian-17,dft,input_shuffled,11,822025355,False,0.7317,9,12,0.9571,3.1416,12,0.9571,0.5726,0.0005,0.6094,0.7509,0.0278,0.4773
iran_dang1_all36,Iranian-17,dft,input_shuffled,11,822025355,False,0.7317,10,12,0.9116,-0.0,12,0.9116,0.5288,0.001,0.5966,0.7249,0.1841,0.4857
iran_dang1_all36,Iranian-17,dft,label_shuffled,11,822025355,False,0.5935,0,8,0.5573,-1.4999,6,0.5289,0.238,0.71814,0.6057,0.7393,0.1439,0.4535
iran_dang1_all36,Iranian-17,dft,label_shuffled,11,822025355,False,0.5935,1,8,0.5443,0.7359,8,0.3918,0.1971,0.8011,0.6102,0.7454,0.3042,0.4852
iran_dang1_all36,Iranian-17,dft,label_shuffled,11,822025355,False,0.5935,2,9,0.6388,0.9187,9,0.4052,0.2927,0.31884,0.6071,0.7434,0.0913,0.453
iran_dang1_all36,Iranian-17,dft,label_shuffled,11,822025355,False,0.5935,3,11,0.5684,1.559,12,0.5352,0.2178,0.64268,0.602,0.738,0.4143,0.4641
iran_dang1_all36,Iranian-17,dft,label_shuffled,11,822025355,False,0.5935,4,8,0.5435,-1.6944,2,0.4463,0.2077,0.7916,0.6099,0.7553,0.1005,0.4794
iran_dang1_all36,Iranian-17,dft,label_shuffled,11,822025355,False,0.5935,5,2,0.5739,-1.2412,6,0.4305,0.239,0.61019,0.6012,0.7416,0.3148,0.5004
iran_dang1_all36,Iranian-17,dft,label_shuffled,11,822025355,False,0.5935,6,11,0.6384,-2.9488,11,0.6263,0.2703,0.30635,0.6055,0.7398,0.4309,0.5103
iran_dang1_all36,Iranian-17,dft,label_shuffled,11,822025355,False,0.5935,7,7,0.5854,2.1025,1,0.436,0.2394,0.53723,0.6009,0.7317,0.2036,0.4942
iran_dang1_all36,Iranian-17,dft,label_shuffled,11,822025355,False,0.5935,8,9,0.5328,-1.5591,10,0.4554,0.2009,0.81909,0.6039,0.7396,0.1588,0.5121
iran_dang1_all36,Iranian-17,dft,label_shuffled,11,822025355,False,0.5935,9,3,0.5504,1.5749,4,0.4052,0.2039,0.77111,0.6092,0.7508,0.1543,0.4768
iran_dang1_all36,Iranian-17,dft,label_shuffled,11,822025355,False,0.5935,10,6,0.6581,2.6429,6,0.6213,0.3307,0.22039,0.6027,0.7372,0.1493,0.4464
iran_dang1_all36,Iranian-17,dft,none,11,1165105951,False,0.7561,0,7,0.7824,-0.83,7,0.5315,0.4166,0.01499,0.6029,0.7314,0.2178,0.4688
iran_dang1_all36,Iranian-17,dft,none,11,1165105951,False,0.7561,1,12,0.923,3.1416,12,0.923,0.5372,0.001,0.6098,0.7622,0.0351,0.4985
iran_dang1_all36,Iranian-17,dft,none,11,1165105951,False,0.7561,2,3,0.9614,-1.5475,4,0.237,0.639,0.0005,0.6058,0.7452,0.2688,0.4866
iran_dang1_all36,Iranian-17,dft,none,11,1165105951,False,0.7561,3,9,0.6743,0.7296,4,0.5207,0.3268,0.15442,0.5995,0.7255,0.001,0.4886
iran_dang1_all36,Iranian-17,dft,none,11,1165105951,False,0.7561,4,5,0.809,-0.9756,5,0.4485,0.4496,0.01249,0.6082,0.7479,0.0371,0.5072
iran_dang1_all36,Iranian-17,dft,none,11,1165105951,False,0.7561,5,12,0.8645,-0.0,12,0.8645,0.476,0.0025,0.6063,0.7425,0.2707,0.4768
iran_dang1_all36,Iranian-17,dft,none,11,1165105951,False,0.7561,6,5,0.6575,-2.6112,5,0.5681,0.2979,0.25337,0.6074,0.7486,0.1975,0.4531
iran_dang1_all36,Iranian-17,dft,none,11,1165105951,False,0.7561,7,5,0.7809,-2.9012,5,0.7586,0.4106,0.02199,0.6055,0.7426,0.1781,0.4644
iran_dang1_all36,Iranian-17,dft,none,11,1165105951,False,0.7561,8,3,0.9382,0.0767,3,0.9354,0.618,0.0005,0.6081,0.7493,0.0397,0.4606
iran_dang1_all36,Iranian-17,dft,none,11,1165105951,False,0.7561,9,7,0.7996,-1.7524,12,0.3549,0.4434,0.01049,0.6013,0.7358,0.0083,0.4917
iran_dang1_all36,Iranian-17,dft,none,11,1165105951,False,0.7561,10,10,0.6912,0.6758,10,0.5521,0.3211,0.09045,0.5949,0.7138,0.1582,0.4848
iran_dang1_all36,Iranian-17,dft,input_shuffled,11,1165105951,False,0.8008,0,12,0.9457,3.1416,12,0.9457,0.5486,0.0015,0.6034,0.7357,0.0662,0.4842
iran_dang1_all36,Iranian-17,dft,input_shuffled,11,1165105951,False,0.8008,1,12,0.7006,3.1416,12,0.7006,0.3242,0.12594,0.6072,0.7455,0.1305,0.4738
iran_dang1_all36,Iranian-17,dft,input_shuffled,11,1165105951,False,0.8008,2,3,0.9805,1.5132,2,0.1751,0.6775,0.0005,0.6074,0.7578,0.2171,0.4615
iran_dang1_all36,Iranian-17,dft,input_shuffled,11,1165105951,False,0.8008,3,5,0.7092,0.78,5,0.5069,0.3409,0.12244,0.6079,0.7538,0.1743,0.4984
iran_dang1_all36,Iranian-17,dft,input_shuffled,11,1165105951,False,0.8008,4,12,0.9884,-0.0,12,0.9884,0.6054,0.0005,0.6095,0.7504,0.121,0.4325
iran_dang1_all36,Iranian-17,dft,input_shuffled,11,1165105951,False,0.8008,5,8,0.7497,1.4667,12,0.3182,0.3949,0.04348,0.6056,0.7434,0.141,0.4503
iran_dang1_all36,Iranian-17,dft,input_shuffled,11,1165105951,False,0.8008,6,5,0.6302,-2.0255,2,0.4168,0.2875,0.29935,0.5953,0.7129,0.0774,0.4446
iran_dang1_all36,Iranian-17,dft,input_shuffled,11,1165105951,False,0.8008,7,5,0.7354,-0.8247,5,0.4959,0.3635,0.05547,0.6045,0.7389,0.1824,0.4455
iran_dang1_all36,Iranian-17,dft,input_shuffled,11,1165105951,False,0.8008,8,7,0.8891,2.9978,7,0.88,0.5423,0.001,0.6018,0.7353,0.2056,0.5029
iran_dang1_all36,Iranian-17,dft,input_shuffled,11,1165105951,False,0.8008,9,2,0.7851,0.6866,2,0.6221,0.4248,0.01149,0.6004,0.7327,0.0457,0.5205
iran_dang1_all36,Iranian-17,dft,input_shuffled,11,1165105951,False,0.8008,10,3,0.9874,-0.0662,3,0.9853,0.6933,0.0005,0.6111,0.761,0.0117,0.4778
iran_dang1_all36,Iranian-17,dft,label_shuffled,11,1165105951,False,0.5935,0,9,0.6182,2.6177,6,0.5659,0.291,0.38981,0.6046,0.7422,0.0219,0.4469
iran_dang1_all36,Iranian-17,dft,label_shuffled,11,1165105951,False,0.5935,1,2,0.6532,1.6125,6,0.4531,0.3071,0.27086,0.6093,0.7479,0.3417,0.4738
iran_dang1_all36,Iranian-17,dft,label_shuffled,11,1165105951,False,0.5935,2,8,0.575,1.9881,11,0.3611,0.2298,0.65017,0.6141,0.7615,0.1335,0.4785
iran_dang1_all36,Iranian-17,dft,label_shuffled,11,1165105951,False,0.5935,3,4,0.684,2.8388,4,0.649,0.323,0.14743,0.6035,0.7358,0.0755,0.4395
iran_dang1_all36,Iranian-17,dft,label_shuffled,11,1165105951,False,0.5935,4,4,0.6904,-1.8127,10,0.2861,0.3364,0.13143,0.6021,0.7311,0.4468,0.4569
iran_dang1_all36,Iranian-17,dft,label_shuffled,11,1165105951,False,0.5935,5,6,0.5311,0.688,6,0.4697,0.207,0.82009,0.5995,0.733,0.0845,0.439
iran_dang1_all36,Iranian-17,dft,label_shuffled,11,1165105951,False,0.5935,6,3,0.6031,-0.0438,3,0.6025,0.2572,0.4068,0.5921,0.7131,0.0472,0.5073
iran_dang1_all36,Iranian-17,dft,label_shuffled,11,1165105951,False,0.5935,7,4,0.5342,-1.1971,8,0.3962,0.196,0.81859,0.6002,0.73,0.0619,0.5422
iran_dang1_all36,Iranian-17,dft,label_shuffled,11,1165105951,False,0.5935,8,12,0.5091,3.1416,12,0.5091,0.1777,0.92754,0.61,0.7488,0.4576,0.5042
iran_dang1_all36,Iranian-17,dft,label_shuffled,11,1165105951,False,0.5935,9,7,0.5233,0.2678,7,0.5045,0.1918,0.86157,0.6005,0.7355,0.1273,0.4585
iran_dang1_all36,Iranian-17,dft,label_shuffled,11,1165105951,False,0.5935,10,9,0.5965,-2.5612,9,0.5043,0.241,0.48026,0.5992,0.7236,0.1747,0.5145
iran_dang1_all36,Iranian-17,dft,none,11,484022963,False,0.752,0,2,0.8207,0.325,2,0.7825,0.4829,0.01099,0.6091,0.754,0.0981,0.4566
iran_dang1_all36,Iranian-17,dft,none,11,484022963,False,0.752,1,4,0.7133,1.9925,3,0.4334,0.3581,0.03498,0.5869,0.6998,0.4692,0.4882
iran_dang1_all36,Iranian-17,dft,none,11,484022963,False,0.752,2,2,0.8732,-0.3654,2,0.8217,0.5489,0.0015,0.6097,0.7522,0.0258,0.4104
iran_dang1_all36,Iranian-17,dft,none,11,484022963,False,0.752,3,12,0.6893,3.1416,12,0.6893,0.3103,0.09045,0.5924,0.717,0.2442,0.4845
iran_dang1_all36,Iranian-17,dft,none,11,484022963,False,0.752,4,5,0.8629,-2.5263,5,0.7066,0.4944,0.002,0.6052,0.7417,0.2153,0.5053
iran_dang1_all36,Iranian-17,dft,none,11,484022963,False,0.752,5,5,0.6458,2.151,10,0.5656,0.2876,0.15342,0.5782,0.6945,0.0703,0.4777
iran_dang1_all36,Iranian-17,dft,none,11,484022963,False,0.752,6,5,0.8774,-0.4777,5,0.7782,0.5326,0.001,0.6145,0.756,0.0845,0.4785
iran_dang1_all36,Iranian-17,dft,none,11,484022963,False,0.752,7,8,0.56,0.9521,6,0.3963,0.2354,0.65267,0.5947,0.7221,0.3959,0.4575
iran_dang1_all36,Iranian-17,dft,none,11,484022963,False,0.752,8,12,0.5838,-0.0,12,0.5838,0.2236,0.58221,0.6085,0.7516,0.2235,0.4821
iran_dang1_all36,Iranian-17,dft,none,11,484022963,False,0.752,9,5,0.7723,-1.6221,12,0.3485,0.4087,0.02999,0.6053,0.7436,0.1248,0.4644
iran_dang1_all36,Iranian-17,dft,none,11,484022963,False,0.752,10,12,0.9467,3.1416,12,0.9467,0.5611,0.0005,0.6095,0.75,0.0545,0.4568
iran_dang1_all36,Iranian-17,dft,input_shuffled,11,484022963,False,0.748,0,3,0.9739,-0.0993,3,0.9692,0.6707,0.0005,0.6107,0.7545,0.0155,0.4592
iran_dang1_all36,Iranian-17,dft,input_shuffled,11,484022963,False,0.748,1,4,0.7721,-1.8366,11,0.3098,0.4231,0.03398,0.607,0.7521,0.1318,0.4836
iran_dang1_all36,Iranian-17,dft,input_shuffled,11,484022963,False,0.748,2,8,0.7089,-1.6184,2,0.5262,0.3611,0.10045,0.605,0.7417,0.0071,0.4265
iran_dang1_all36,Iranian-17,dft,input_shuffled,11,484022963,False,0.748,3,5,0.7304,-0.7822,5,0.5152,0.3654,0.04498,0.5966,0.7271,0.0139,0.4878
iran_dang1_all36,Iranian-17,dft,input_shuffled,11,484022963,False,0.748,4,7,0.6824,1.5048,12,0.6482,0.3105,0.08896,0.587,0.7019,0.0052,0.4637
iran_dang1_all36,Iranian-17,dft,input_shuffled,11,484022963,False,0.748,5,12,0.8907,-0.0,12,0.8907,0.5007,0.0005,0.6055,0.7406,0.0793,0.4702
iran_dang1_all36,Iranian-17,dft,input_shuffled,11,484022963,False,0.748,6,5,0.8507,-2.2853,5,0.5615,0.4823,0.0005,0.5735,0.6857,0.1134,0.4831
iran_dang1_all36,Iranian-17,dft,input_shuffled,11,484022963,False,0.748,7,5,0.7954,1.7667,2,0.3016,0.4368,0.0035,0.595,0.726,0.0769,0.509
iran_dang1_all36,Iranian-17,dft,input_shuffled,11,484022963,False,0.748,8,12,0.8424,-0.0,12,0.8424,0.4531,0.006,0.6059,0.7452,0.0095,0.478
iran_dang1_all36,Iranian-17,dft,input_shuffled,11,484022963,False,0.748,9,9,0.7623,1.347,10,0.2954,0.4122,0.03048,0.6047,0.7382,0.1573,0.4423
iran_dang1_all36,Iranian-17,dft,input_shuffled,11,484022963,False,0.748,10,5,0.856,0.5194,5,0.7442,0.4955,0.004,0.608,0.7528,0.1893,0.4742
iran_dang1_all36,Iranian-17,dft,label_shuffled,11,484022963,False,0.565,0,2,0.7083,-0.2175,2,0.6935,0.3661,0.08896,0.6003,0.736,0.2075,0.4831
iran_dang1_all36,Iranian-17,dft,label_shuffled,11,484022963,False,0.565,1,4,0.6348,1.5947,10,0.5663,0.3052,0.32584,0.6061,0.7496,0.0233,0.4197
iran_dang1_all36,Iranian-17,dft,label_shuffled,11,484022963,False,0.565,2,11,0.6082,-0.5041,12,0.5437,0.2482,0.44878,0.605,0.7379,0.14,0.5144
iran_dang1_all36,Iranian-17,dft,label_shuffled,11,484022963,False,0.565,3,7,0.6333,-2.1873,2,0.3827,0.2726,0.26687,0.5922,0.7112,0.2103,0.5049
iran_dang1_all36,Iranian-17,dft,label_shuffled,11,484022963,False,0.565,4,8,0.555,-1.3496,4,0.4525,0.2057,0.65067,0.5878,0.7125,0.0916,0.4653
iran_dang1_all36,Iranian-17,dft,label_shuffled,11,484022963,False,0.565,5,9,0.5303,2.8185,9,0.502,0.1906,0.85007,0.605,0.7357,0.1789,0.5014
iran_dang1_all36,Iranian-17,dft,label_shuffled,11,484022963,False,0.565,6,4,0.6211,1.3704,2,0.3114,0.2772,0.30235,0.5927,0.7156,0.0903,0.43
iran_dang1_all36,Iranian-17,dft,label_shuffled,11,484022963,False,0.565,7,5,0.5176,1.9841,11,0.4459,0.1851,0.89955,0.6085,0.7459,0.2159,0.415
iran_dang1_all36,Iranian-17,dft,label_shuffled,11,484022963,False,0.565,8,9,0.6293,-1.4206,7,0.3249,0.2731,0.34533,0.6046,0.7371,0.1921,0.4752
iran_dang1_all36,Iranian-17,dft,label_shuffled,11,484022963,False,0.565,9,4,0.6037,-0.3727,4,0.5573,0.2545,0.42479,0.5951,0.7176,0.0457,0.5175
iran_dang1_all36,Iranian-17,dft,label_shuffled,11,484022963,False,0.565,10,7,0.5313,-1.8055,5,0.4178,0.2013,0.82859,0.6022,0.7381,0.2896,0.5139
iran_dang1_all36,Iranian-17,dft,none,11,797332065,False,0.7724,0,7,0.6835,-1.4381,12,0.6756,0.3142,0.15692,0.6047,0.7393,0.1017,0.4532
iran_dang1_all36,Iranian-17,dft,none,11,797332065,False,0.7724,1,5,0.8242,-2.5448,5,0.6833,0.467,0.0045,0.6059,0.7452,0.1889,0.5026
iran_dang1_all36,Iranian-17,dft,none,11,797332065,False,0.7724,2,3,0.8372,-1.6638,1,0.1545,0.4803,0.004,0.6032,0.7359,0.1035,0.4733
iran_dang1_all36,Iranian-17,dft,none,11,797332065,False,0.7724,3,2,0.6913,-1.886,8,0.2576,0.3302,0.07996,0.5884,0.7082,0.2688,0.4587
iran_dang1_all36,Iranian-17,dft,none,11,797332065,False,0.7724,4,5,0.8949,2.086,5,0.4343,0.5559,0.0005,0.6047,0.7402,0.071,0.4975
iran_dang1_all36,Iranian-17,dft,none,11,797332065,False,0.7724,5,3,0.7979,3.03,3,0.793,0.4428,0.01349,0.6048,0.7488,0.0515,0.4736
iran_dang1_all36,Iranian-17,dft,none,11,797332065,False,0.7724,6,2,0.6429,0.5263,2,0.5644,0.2923,0.2064,0.5875,0.7052,0.0679,0.5262
iran_dang1_all36,Iranian-17,dft,none,11,797332065,False,0.7724,7,12,0.9914,-0.0,12,0.9914,0.6124,0.0005,0.6057,0.7443,0.1119,0.4861
iran_dang1_all36,Iranian-17,dft,none,11,797332065,False,0.7724,8,7,0.5537,2.7126,7,0.5039,0.2078,0.71714,0.602,0.7309,0.3037,0.4474
iran_dang1_all36,Iranian-17,dft,none,11,797332065,False,0.7724,9,5,0.7925,0.4878,5,0.7009,0.4211,0.01749,0.5997,0.7406,0.0325,0.4807
iran_dang1_all36,Iranian-17,dft,none,11,797332065,False,0.7724,10,10,0.7243,-2.6244,10,0.6388,0.3668,0.06897,0.6024,0.7381,0.1217,0.5447
iran_dang1_all36,Iranian-17,dft,input_shuffled,11,797332065,False,0.8659,0,10,0.6231,2.0814,6,0.3737,0.2763,0.35332,0.5997,0.7292,0.1992,0.5298
iran_dang1_all36,Iranian-17,dft,input_shuffled,11,797332065,False,0.8659,1,12,0.8949,3.1416,12,0.8949,0.4908,0.0005,0.5872,0.7087,0.1099,0.4858
iran_dang1_all36,Iranian-17,dft,input_shuffled,11,797332065,False,0.8659,2,5,0.7629,1.0509,5,0.3845,0.3941,0.02099,0.5993,0.7292,0.0017,0.4529
iran_dang1_all36,Iranian-17,dft,input_shuffled,11,797332065,False,0.8659,3,5,0.7588,-0.5823,5,0.6324,0.3957,0.04098,0.6056,0.7489,0.0304,0.4735
iran_dang1_all36,Iranian-17,dft,input_shuffled,11,797332065,False,0.8659,4,12,0.6913,3.1416,12,0.6913,0.3145,0.14543,0.6055,0.751,0.0715,0.5125
iran_dang1_all36,Iranian-17,dft,input_shuffled,11,797332065,False,0.8659,5,6,0.9622,-2.348,6,0.8059,0.7291,0.0005,0.613,0.7638,0.0148,0.5251
iran_dang1_all36,Iranian-17,dft,input_shuffled,11,797332065,False,0.8659,6,7,0.7169,-1.0515,7,0.361,0.35,0.05847,0.5952,0.722,0.2855,0.4573
iran_dang1_all36,Iranian-17,dft,input_shuffled,11,797332065,False,0.8659,7,12,0.9862,-0.0,12,0.9862,0.604,0.0015,0.6083,0.7466,0.1076,0.4912
iran_dang1_all36,Iranian-17,dft,input_shuffled,11,797332065,False,0.8659,8,3,0.9801,1.6144,8,0.2308,0.673,0.0005,0.6078,0.7476,0.2567,0.4871
iran_dang1_all36,Iranian-17,dft,input_shuffled,11,797332065,False,0.8659,9,9,0.7032,-0.1022,9,0.6995,0.3383,0.10295,0.602,0.7382,0.0184,0.4453
iran_dang1_all36,Iranian-17,dft,input_shuffled,11,797332065,False,0.8659,10,3,0.9691,0.0076,3,0.9691,0.6689,0.0005,0.609,0.7505,0.055,0.4605
iran_dang1_all36,Iranian-17,dft,label_shuffled,11,797332065,False,0.5894,0,8,0.6979,-2.4184,8,0.5086,0.3451,0.08296,0.5933,0.7215,0.0461,0.5009
iran_dang1_all36,Iranian-17,dft,label_shuffled,11,797332065,False,0.5894,1,6,0.6628,-2.3155,6,0.544,0.3262,0.21589,0.6044,0.7403,0.242,0.4699
iran_dang1_all36,Iranian-17,dft,label_shuffled,11,797332065,False,0.5894,2,6,0.6484,2.5157,6,0.5882,0.3236,0.25337,0.602,0.7367,0.1543,0.5119
iran_dang1_all36,Iranian-17,dft,label_shuffled,11,797332065,False,0.5894,3,9,0.6746,1.3291,6,0.415,0.3238,0.18041,0.6059,0.7434,0.0935,0.4642
iran_dang1_all36,Iranian-17,dft,label_shuffled,11,797332065,False,0.5894,4,2,0.6062,-2.2208,11,0.4112,0.249,0.46227,0.6058,0.7509,0.4608,0.4702
iran_dang1_all36,Iranian-17,dft,label_shuffled,11,797332065,False,0.5894,5,12,0.5516,-0.0,12,0.5516,0.2114,0.76012,0.6126,0.7672,0.1472,0.4143
iran_dang1_all36,Iranian-17,dft,label_shuffled,11,797332065,False,0.5894,6,4,0.5417,1.1337,7,0.4562,0.2093,0.75762,0.5904,0.7173,0.2698,0.45
iran_dang1_all36,Iranian-17,dft,label_shuffled,11,797332065,False,0.5894,7,8,0.5969,0.3372,8,0.5592,0.2482,0.47676,0.6022,0.7374,0.1666,0.4679
iran_dang1_all36,Iranian-17,dft,label_shuffled,11,797332065,False,0.5894,8,9,0.6857,2.1438,11,0.4516,0.3164,0.14143,0.6038,0.7406,0.1768,0.4871
iran_dang1_all36,Iranian-17,dft,label_shuffled,11,797332065,False,0.5894,9,11,0.6986,2.1821,8,0.4596,0.3498,0.14343,0.6106,0.7607,0.0897,0.4705
iran_dang1_all36,Iranian-17,dft,label_shuffled,11,797332065,False,0.5894,10,8,0.5127,2.5205,11,0.431,0.1753,0.90305,0.6045,0.7381,0.3248,0.4504
iran_dang1_all36,Iranian-17,dft,none,11,411348836,False,0.7886,0,7,0.756,1.9462,12,0.401,0.3854,0.04798,0.6074,0.7499,0.1473,0.46
iran_dang1_all36,Iranian-17,dft,none,11,411348836,False,0.7886,1,7,0.609,2.3314,5,0.581,0.2512,0.35232,0.5903,0.7112,0.1757,0.4813
iran_dang1_all36,Iranian-17,dft,none,11,411348836,False,0.7886,2,5,0.7261,-2.9567,5,0.7138,0.3574,0.07746,0.6061,0.7478,0.0095,0.4506
iran_dang1_all36,Iranian-17,dft,none,11,411348836,False,0.7886,3,3,0.917,3.0909,3,0.9158,0.5898,0.0005,0.602,0.7324,0.0265,0.4419
iran_dang1_all36,Iranian-17,dft,none,11,411348836,False,0.7886,4,12,0.9835,-0.0,12,0.9835,0.6013,0.001,0.608,0.7466,0.1168,0.4904
iran_dang1_all36,Iranian-17,dft,none,11,411348836,False,0.7886,5,7,0.6728,-0.8011,7,0.471,0.3049,0.12344,0.5921,0.7149,0.1316,0.4657
iran_dang1_all36,Iranian-17,dft,none,11,411348836,False,0.7886,6,12,0.863,3.1416,12,0.863,0.4743,0.0015,0.602,0.7393,0.1872,0.4774
iran_dang1_all36,Iranian-17,dft,none,11,411348836,False,0.7886,7,10,0.5688,2.8894,10,0.5529,0.2252,0.5942,0.5934,0.7172,0.2629,0.4767
iran_dang1_all36,Iranian-17,dft,none,11,411348836,False,0.7886,8,12,0.8983,3.1416,12,0.8983,0.4955,0.0015,0.584,0.7053,0.0132,0.4551
iran_dang1_all36,Iranian-17,dft,none,11,411348836,False,0.7886,9,7,0.8379,-2.2287,7,0.5077,0.4883,0.0075,0.6096,0.7454,0.0718,0.4608
iran_dang1_all36,Iranian-17,dft,none,11,411348836,False,0.7886,10,3,0.9002,-1.7382,10,0.1549,0.5619,0.0005,0.6001,0.7264,0.2358,0.4872
iran_dang1_all36,Iranian-17,dft,input_shuffled,11,411348836,False,0.748,0,12,0.8006,-0.0,12,0.8006,0.4081,0.02049,0.6077,0.7552,0.0893,0.4627
iran_dang1_all36,Iranian-17,dft,input_shuffled,11,411348836,False,0.748,1,7,0.7861,3.0429,7,0.7822,0.4194,0.004,0.594,0.725,0.1905,0.502
iran_dang1_all36,Iranian-17,dft,input_shuffled,11,411348836,False,0.748,2,5,0.7181,2.399,5,0.5265,0.3505,0.11544,0.6135,0.7603,0.1962,0.476
iran_dang1_all36,Iranian-17,dft,input_shuffled,11,411348836,False,0.748,3,10,0.8825,-1.5944,9,0.2617,0.518,0.003,0.6102,0.7556,0.0977,0.4511
iran_dang1_all36,Iranian-17,dft,input_shuffled,11,411348836,False,0.748,4,9,0.5251,0.8053,10,0.482,0.1967,0.85157,0.6003,0.7314,0.0218,0.455
iran_dang1_all36,Iranian-17,dft,input_shuffled,11,411348836,False,0.748,5,3,0.9861,-0.0431,3,0.9852,0.6877,0.0005,0.608,0.7542,0.0086,0.5038
iran_dang1_all36,Iranian-17,dft,input_shuffled,11,411348836,False,0.748,6,3,0.9757,1.4769,10,0.2389,0.6683,0.0005,0.6107,0.7496,0.2988,0.5416
iran_dang1_all36,Iranian-17,dft,input_shuffled,11,411348836,False,0.748,7,5,0.8789,-2.4911,5,0.7015,0.5117,0.002,0.605,0.7436,0.1928,0.488
iran_dang1_all36,Iranian-17,dft,input_shuffled,11,411348836,False,0.748,8,5,0.5884,-2.3471,2,0.4348,0.2415,0.53023,0.6022,0.7356,0.119,0.4644
iran_dang1_all36,Iranian-17,dft,input_shuffled,11,411348836,False,0.748,9,7,0.8253,2.0802,7,0.4085,0.4643,0.01299,0.6115,0.7582,0.1114,0.4851
iran_dang1_all36,Iranian-17,dft,input_shuffled,11,411348836,False,0.748,10,12,0.9457,-0.0,12,0.9457,0.5603,0.001,0.6087,0.7468,0.1362,0.4939
iran_dang1_all36,Iranian-17,dft,label_shuffled,11,411348836,False,0.6098,0,11,0.6832,-0.9863,11,0.3998,0.3125,0.15542,0.6061,0.7405,0.3191,0.4792
iran_dang1_all36,Iranian-17,dft,label_shuffled,11,411348836,False,0.6098,1,2,0.507,2.8589,2,0.4891,0.1834,0.89255,0.5874,0.7135,0.0391,0.4948
iran_dang1_all36,Iranian-17,dft,label_shuffled,11,411348836,False,0.6098,2,12,0.4695,3.1416,12,0.4695,0.1443,0.98501,0.6011,0.7381,0.0099,0.4787
iran_dang1_all36,Iranian-17,dft,label_shuffled,11,411348836,False,0.6098,3,9,0.626,2.9404,9,0.6132,0.2705,0.3928,0.614,0.762,0.2027,0.4645
iran_dang1_all36,Iranian-17,dft,label_shuffled,11,411348836,False,0.6098,4,2,0.6087,-1.6068,10,0.4464,0.2582,0.41679,0.6003,0.735,0.336,0.4154
iran_dang1_all36,Iranian-17,dft,label_shuffled,11,411348836,False,0.6098,5,6,0.7145,-1.5507,3,0.3953,0.3166,0.04898,0.5923,0.7139,0.0504,0.4896
iran_dang1_all36,Iranian-17,dft,label_shuffled,11,411348836,False,0.6098,6,2,0.5246,3.0129,2,0.5208,0.1879,0.87556,0.6109,0.7577,0.2887,0.4757
iran_dang1_all36,Iranian-17,dft,label_shuffled,11,411348836,False,0.6098,7,4,0.7056,-0.4135,8,0.653,0.3377,0.09795,0.6019,0.7358,0.2402,0.5149
iran_dang1_all36,Iranian-17,dft,label_shuffled,11,411348836,False,0.6098,8,6,0.6941,-2.2045,6,0.5228,0.3479,0.13343,0.6043,0.7402,0.2302,0.5025
iran_dang1_all36,Iranian-17,dft,label_shuffled,11,411348836,False,0.6098,9,6,0.5975,-1.7,7,0.586,0.2265,0.48526,0.6013,0.7352,0.0897,0.4637
iran_dang1_all36,Iranian-17,dft,label_shuffled,11,411348836,False,0.6098,10,8,0.6616,-1.4201,10,0.3171,0.3134,0.22289,0.6066,0.7492,0.0845,0.4743
iran_dang1_all36,Iranian-17,dft,none,11,1860998274,False,0.7886,0,5,0.7306,-2.4627,5,0.5706,0.3638,0.07346,0.6097,0.7538,0.1057,0.4444
iran_dang1_all36,Iranian-17,dft,none,11,1860998274,False,0.7886,1,7,0.835,-0.7092,7,0.6363,0.4801,0.005,0.6067,0.7496,0.0121,0.4508
iran_dang1_all36,Iranian-17,dft,none,11,1860998274,False,0.7886,2,12,0.9576,-0.0,12,0.9576,0.5705,0.0005,0.6001,0.7289,0.03,0.4883
iran_dang1_all36,Iranian-17,dft,none,11,1860998274,False,0.7886,3,9,0.8404,1.5042,3,0.3315,0.4861,0.005,0.6051,0.744,0.0517,0.4637
iran_dang1_all36,Iranian-17,dft,none,11,1860998274,False,0.7886,4,9,0.7407,-1.6671,10,0.482,0.3857,0.05647,0.6075,0.7451,0.076,0.4764
iran_dang1_all36,Iranian-17,dft,none,11,1860998274,False,0.7886,5,4,0.5527,0.6475,4,0.4305,0.2061,0.74113,0.6071,0.7502,0.0434,0.4571
iran_dang1_all36,Iranian-17,dft,none,11,1860998274,False,0.7886,6,12,0.7352,-0.0,12,0.7352,0.3434,0.06547,0.6057,0.7498,0.0254,0.4856
iran_dang1_all36,Iranian-17,dft,none,11,1860998274,False,0.7886,7,5,0.8256,2.1927,5,0.476,0.4667,0.01099,0.6082,0.7449,0.0756,0.506
iran_dang1_all36,Iranian-17,dft,none,11,1860998274,False,0.7886,8,3,0.9645,2.9505,3,0.9474,0.6524,0.0005,0.6085,0.7437,0.0117,0.4516
iran_dang1_all36,Iranian-17,dft,none,11,1860998274,False,0.7886,9,2,0.651,0.4667,2,0.5884,0.2958,0.22939,0.601,0.733,0.1568,0.4362
iran_dang1_all36,Iranian-17,dft,none,11,1860998274,False,0.7886,10,12,0.9681,3.1416,12,0.9681,0.5834,0.0005,0.6113,0.7514,0.0646,0.4204
iran_dang1_all36,Iranian-17,dft,input_shuffled,11,1860998274,False,0.7317,0,5,0.9554,-2.397,5,0.7059,0.6084,0.0005,0.6082,0.7516,0.0668,0.4355
iran_dang1_all36,Iranian-17,dft,input_shuffled,11,1860998274,False,0.7317,1,5,0.6687,-1.1611,7,0.4141,0.3043,0.15292,0.5952,0.7256,0.0277,0.4873
iran_dang1_all36,Iranian-17,dft,input_shuffled,11,1860998274,False,0.7317,2,5,0.6542,1.0128,2,0.4385,0.2946,0.22839,0.6022,0.732,0.2614,0.4442
iran_dang1_all36,Iranian-17,dft,input_shuffled,11,1860998274,False,0.7317,3,7,0.7756,-2.2717,7,0.4963,0.4227,0.01949,0.603,0.7382,0.014,0.5307
iran_dang1_all36,Iranian-17,dft,input_shuffled,11,1860998274,False,0.7317,4,12,0.9465,3.1416,12,0.9465,0.5594,0.0015,0.6059,0.7429,0.1611,0.4613
iran_dang1_all36,Iranian-17,dft,input_shuffled,11,1860998274,False,0.7317,5,7,0.564,-0.8233,2,0.4082,0.2161,0.65417,0.6027,0.7428,0.2742,0.4636
iran_dang1_all36,Iranian-17,dft,input_shuffled,11,1860998274,False,0.7317,6,7,0.7934,-0.4196,7,0.7252,0.4241,0.0095,0.6018,0.7365,0.0306,0.4577
iran_dang1_all36,Iranian-17,dft,input_shuffled,11,1860998274,False,0.7317,7,10,0.6147,2.6678,10,0.5538,0.2715,0.36732,0.5974,0.7288,0.0103,0.4659
iran_dang1_all36,Iranian-17,dft,input_shuffled,11,1860998274,False,0.7317,8,9,0.7998,1.7022,2,0.2389,0.4505,0.01199,0.6056,0.7436,0.1708,0.5165
iran_dang1_all36,Iranian-17,dft,input_shuffled,11,1860998274,False,0.7317,9,9,0.8901,-2.9776,9,0.8784,0.5443,0.0005,0.6021,0.737,0.3966,0.477
iran_dang1_all36,Iranian-17,dft,input_shuffled,11,1860998274,False,0.7317,10,12,0.7276,3.1416,12,0.7276,0.3365,0.05197,0.5984,0.7299,0.0594,0.4977
iran_dang1_all36,Iranian-17,dft,label_shuffled,11,1860998274,False,0.5772,0,7,0.6044,-0.5206,7,0.5252,0.2402,0.44928,0.5992,0.7226,0.1233,0.4632
iran_dang1_all36,Iranian-17,dft,label_shuffled,11,1860998274,False,0.5772,1,2,0.584,0.8374,6,0.4263,0.2411,0.53323,0.5968,0.7219,0.1963,0.4756
iran_dang1_all36,Iranian-17,dft,label_shuffled,11,1860998274,False,0.5772,2,4,0.5518,1.3056,9,0.3053,0.2109,0.74513,0.6075,0.7481,0.3773,0.488
iran_dang1_all36,Iranian-17,dft,label_shuffled,11,1860998274,False,0.5772,3,2,0.5871,0.8946,2,0.3814,0.24,0.52974,0.6014,0.7348,0.3029,0.4755
iran_dang1_all36,Iranian-17,dft,label_shuffled,11,1860998274,False,0.5772,4,6,0.6243,0.0863,6,0.6234,0.3021,0.31084,0.5951,0.7179,0.107,0.4742
iran_dang1_all36,Iranian-17,dft,label_shuffled,11,1860998274,False,0.5772,5,4,0.6102,-0.2923,4,0.5811,0.2549,0.41979,0.6042,0.7438,0.2778,0.5231
iran_dang1_all36,Iranian-17,dft,label_shuffled,11,1860998274,False,0.5772,6,4,0.6607,-2.2597,4,0.4043,0.3109,0.24088,0.6067,0.7467,0.0441,0.5224
iran_dang1_all36,Iranian-17,dft,label_shuffled,11,1860998274,False,0.5772,7,6,0.6914,0.5051,6,0.6516,0.3821,0.13143,0.6031,0.7372,0.0619,0.4474
iran_dang1_all36,Iranian-17,dft,label_shuffled,11,1860998274,False,0.5772,8,11,0.6546,2.2122,11,0.411,0.2835,0.17841,0.5929,0.7232,0.4267,0.4215
iran_dang1_all36,Iranian-17,dft,label_shuffled,11,1860998274,False,0.5772,9,11,0.5536,-2.1343,9,0.447,0.2154,0.75512,0.613,0.765,0.019,0.4685
iran_dang1_all36,Iranian-17,dft,label_shuffled,11,1860998274,False,0.5772,10,9,0.5774,1.7748,2,0.3433,0.2328,0.55322,0.5964,0.7269,0.3397,0.4471
iran_dang1_all36,Iranian-17,dft,none,11,323601151,False,0.7602,0,9,0.93,1.6941,10,0.2668,0.6121,0.0005,0.6073,0.7435,0.1077,0.4793
iran_dang1_all36,Iranian-17,dft,none,11,323601151,False,0.7602,1,2,0.7944,1.0808,12,0.3989,0.4307,0.0025,0.5885,0.7034,0.0906,0.4742
iran_dang1_all36,Iranian-17,dft,none,11,323601151,False,0.7602,2,10,0.9457,1.9086,10,0.3313,0.6099,0.0005,0.6051,0.7336,0.1946,0.4486
iran_dang1_all36,Iranian-17,dft,none,11,323601151,False,0.7602,3,10,0.8283,-2.8549,10,0.7983,0.4864,0.0025,0.5973,0.7342,0.0719,0.4609
iran_dang1_all36,Iranian-17,dft,none,11,323601151,False,0.7602,4,5,0.8541,-1.8553,7,0.3741,0.4939,0.0035,0.6071,0.7548,0.184,0.4646
iran_dang1_all36,Iranian-17,dft,none,11,323601151,False,0.7602,5,7,0.7057,0.067,7,0.7041,0.3342,0.12694,0.6105,0.7616,0.1634,0.4548
iran_dang1_all36,Iranian-17,dft,none,11,323601151,False,0.7602,6,5,0.7367,3.0099,5,0.7303,0.3734,0.06747,0.6101,0.7586,0.2795,0.4911
iran_dang1_all36,Iranian-17,dft,none,11,323601151,False,0.7602,7,12,0.8179,3.1416,12,0.8179,0.4255,0.01549,0.6141,0.764,0.1401,0.5358
iran_dang1_all36,Iranian-17,dft,none,11,323601151,False,0.7602,8,5,0.7286,1.2938,12,0.511,0.3568,0.05897,0.6031,0.7371,0.0841,0.4534
iran_dang1_all36,Iranian-17,dft,none,11,323601151,False,0.7602,9,5,0.7115,1.4122,2,0.3972,0.3558,0.09295,0.6053,0.7425,0.1224,0.5043
iran_dang1_all36,Iranian-17,dft,none,11,323601151,False,0.7602,10,12,0.9342,3.1416,12,0.9342,0.5503,0.0005,0.6094,0.7508,0.1074,0.4918
iran_dang1_all36,Iranian-17,dft,input_shuffled,11,323601151,False,0.8211,0,12,0.956,3.1416,12,0.956,0.5713,0.0005,0.607,0.7462,0.1075,0.4679
iran_dang1_all36,Iranian-17,dft,input_shuffled,11,323601151,False,0.8211,1,5,0.6571,0.2021,5,0.6438,0.2994,0.15992,0.5901,0.7007,0.1337,0.5071
iran_dang1_all36,Iranian-17,dft,input_shuffled,11,323601151,False,0.8211,2,9,0.9236,-2.9941,9,0.9138,0.6025,0.0005,0.6012,0.7323,0.256,0.4401
iran_dang1_all36,Iranian-17,dft,input_shuffled,11,323601151,False,0.8211,3,9,0.9489,-1.4651,2,0.2611,0.6285,0.0005,0.6081,0.7505,0.0331,0.4652
iran_dang1_all36,Iranian-17,dft,input_shuffled,11,323601151,False,0.8211,4,7,0.8312,-2.9577,7,0.8171,0.4695,0.0055,0.6036,0.7448,0.1074,0.4751
iran_dang1_all36,Iranian-17,dft,input_shuffled,11,323601151,False,0.8211,5,7,0.6551,1.198,5,0.3975,0.2842,0.21889,0.5987,0.7335,0.1887,0.4637
iran_dang1_all36,Iranian-17,dft,input_shuffled,11,323601151,False,0.8211,6,12,0.8766,3.1416,12,0.8766,0.4907,0.0005,0.6103,0.7565,0.1703,0.514
iran_dang1_all36,Iranian-17,dft,input_shuffled,11,323601151,False,0.8211,7,6,0.9646,2.308,6,0.7877,0.7173,0.0005,0.6139,0.7703,0.1051,0.5005
iran_dang1_all36,Iranian-17,dft,input_shuffled,11,323601151,False,0.8211,8,5,0.6632,-1.7615,2,0.5045,0.3068,0.2004,0.605,0.7422,0.1179,0.4425
iran_dang1_all36,Iranian-17,dft,input_shuffled,11,323601151,False,0.8211,9,5,0.6617,1.8136,9,0.3791,0.3083,0.21289,0.6046,0.7447,0.0447,0.4677
iran_dang1_all36,Iranian-17,dft,input_shuffled,11,323601151,False,0.8211,10,7,0.6893,2.0723,2,0.5116,0.3235,0.11044,0.5948,0.7296,0.0337,0.4576
iran_dang1_all36,Iranian-17,dft,label_shuffled,11,323601151,False,0.6179,0,4,0.5513,1.7921,6,0.4295,0.2216,0.71914,0.6043,0.7526,0.192,0.4678
iran_dang1_all36,Iranian-17,dft,label_shuffled,11,323601151,False,0.6179,1,7,0.5413,1.0114,10,0.2927,0.2029,0.76362,0.5964,0.7324,0.0678,0.5053
iran_dang1_all36,Iranian-17,dft,label_shuffled,11,323601151,False,0.6179,2,2,0.4948,2.105,3,0.379,0.1742,0.95302,0.6068,0.7437,0.1115,0.4617
iran_dang1_all36,Iranian-17,dft,label_shuffled,11,323601151,False,0.6179,3,4,0.6759,1.5904,10,0.4241,0.3201,0.15492,0.6014,0.7386,0.08,0.513
iran_dang1_all36,Iranian-17,dft,label_shuffled,11,323601151,False,0.6179,4,9,0.5313,2.3464,4,0.3853,0.1929,0.8096,0.5951,0.7192,0.1042,0.4766
iran_dang1_all36,Iranian-17,dft,label_shuffled,11,323601151,False,0.6179,5,2,0.5153,1.779,6,0.4458,0.1966,0.89355,0.6036,0.7424,0.2834,0.4659
iran_dang1_all36,Iranian-17,dft,label_shuffled,11,323601151,False,0.6179,6,3,0.7218,-0.6233,3,0.5941,0.3698,0.08196,0.6061,0.7464,0.5316,0.5239
iran_dang1_all36,Iranian-17,dft,label_shuffled,11,323601151,False,0.6179,7,6,0.6303,3.0369,6,0.6289,0.3114,0.31784,0.5996,0.7298,0.0955,0.4711
iran_dang1_all36,Iranian-17,dft,label_shuffled,11,323601151,False,0.6179,8,9,0.5674,-0.987,10,0.4644,0.2197,0.64418,0.5988,0.7223,0.0186,0.4585
iran_dang1_all36,Iranian-17,dft,label_shuffled,11,323601151,False,0.6179,9,3,0.8124,1.7723,6,0.386,0.4936,0.002,0.5959,0.723,0.005,0.4726
iran_dang1_all36,Iranian-17,dft,label_shuffled,11,323601151,False,0.6179,10,4,0.5705,0.247,4,0.551,0.2242,0.63518,0.6069,0.757,0.2448,0.494
iran_dang1_all36,Iranian-17,dft,none,11,1225174799,False,0.7561,0,12,0.874,3.1416,12,0.874,0.4832,0.0015,0.6085,0.75,0.1257,0.439
iran_dang1_all36,Iranian-17,dft,none,11,1225174799,False,0.7561,1,7,0.6804,0.4642,7,0.6077,0.317,0.15742,0.606,0.7458,0.3389,0.4658
iran_dang1_all36,Iranian-17,dft,none,11,1225174799,False,0.7561,2,12,0.8912,-0.0,12,0.8912,0.5023,0.002,0.6093,0.7617,0.0999,0.4629
iran_dang1_all36,Iranian-17,dft,none,11,1225174799,False,0.7561,3,5,0.7961,-1.6598,2,0.4759,0.4354,0.02149,0.6111,0.7568,0.1251,0.4513
iran_dang1_all36,Iranian-17,dft,none,11,1225174799,False,0.7561,4,3,0.9807,3.0674,3,0.978,0.6738,0.0005,0.606,0.7365,0.0416,0.5044
iran_dang1_all36,Iranian-17,dft,none,11,1225174799,False,0.7561,5,5,0.7933,-2.9218,5,0.7743,0.4293,0.008,0.6028,0.7351,0.0007,0.5111
iran_dang1_all36,Iranian-17,dft,none,11,1225174799,False,0.7561,6,7,0.9171,-0.6041,7,0.7567,0.5699,0.0005,0.6089,0.7487,0.0931,0.5143
iran_dang1_all36,Iranian-17,dft,none,11,1225174799,False,0.7561,7,9,0.713,-2.826,9,0.679,0.344,0.07946,0.5986,0.7342,0.0554,0.4667
iran_dang1_all36,Iranian-17,dft,none,11,1225174799,False,0.7561,8,3,0.9568,-1.6237,4,0.1511,0.6407,0.0005,0.6051,0.736,0.1085,0.4408
iran_dang1_all36,Iranian-17,dft,none,11,1225174799,False,0.7561,9,2,0.8058,1.1738,3,0.4571,0.4397,0.003,0.5946,0.7218,0.0819,0.4623
iran_dang1_all36,Iranian-17,dft,none,11,1225174799,False,0.7561,10,7,0.6807,1.7456,10,0.3063,0.3138,0.13043,0.5969,0.7309,0.0309,0.4572
iran_dang1_all36,Iranian-17,dft,input_shuffled,11,1225174799,False,0.7154,0,5,0.7502,-0.0876,5,0.7473,0.3905,0.05547,0.6088,0.7531,0.0273,0.4833
iran_dang1_all36,Iranian-17,dft,input_shuffled,11,1225174799,False,0.7154,1,7,0.7636,0.8372,7,0.5078,0.3916,0.02899,0.6045,0.7381,0.269,0.4862
iran_dang1_all36,Iranian-17,dft,input_shuffled,11,1225174799,False,0.7154,2,12,0.8234,-0.0,12,0.8234,0.4328,0.0025,0.6065,0.7417,0.0235,0.4803
iran_dang1_all36,Iranian-17,dft,input_shuffled,11,1225174799,False,0.7154,3,10,0.9089,-0.1889,10,0.8946,0.5975,0.002,0.6128,0.7603,0.1682,0.4595
iran_dang1_all36,Iranian-17,dft,input_shuffled,11,1225174799,False,0.7154,4,2,0.8682,1.346,3,0.4305,0.5067,0.002,0.6075,0.7459,0.3396,0.5042
iran_dang1_all36,Iranian-17,dft,input_shuffled,11,1225174799,False,0.7154,5,3,0.8122,-1.3834,2,0.2374,0.4654,0.0055,0.6047,0.7383,0.163,0.4505
iran_dang1_all36,Iranian-17,dft,input_shuffled,11,1225174799,False,0.7154,6,5,0.8405,-1.8615,10,0.3736,0.4841,0.002,0.6059,0.7401,0.3335,0.4879
iran_dang1_all36,Iranian-17,dft,input_shuffled,11,1225174799,False,0.7154,7,11,0.6431,1.3724,1,0.1971,0.2648,0.23238,0.5924,0.7165,0.2634,0.4835
iran_dang1_all36,Iranian-17,dft,input_shuffled,11,1225174799,False,0.7154,8,9,0.9319,-3.004,9,0.9233,0.6062,0.0005,0.6082,0.7434,0.2225,0.4726
iran_dang1_all36,Iranian-17,dft,input_shuffled,11,1225174799,False,0.7154,9,12,0.8324,-0.0,12,0.8324,0.4408,0.004,0.608,0.7494,0.1135,0.4541
iran_dang1_all36,Iranian-17,dft,input_shuffled,11,1225174799,False,0.7154,10,5,0.6517,0.57,5,0.5498,0.3114,0.16392,0.5868,0.711,0.0155,0.4924
iran_dang1_all36,Iranian-17,dft,label_shuffled,11,1225174799,False,0.5976,0,6,0.4919,2.87,6,0.4842,0.1772,0.95452,0.5983,0.7316,0.129,0.4732
iran_dang1_all36,Iranian-17,dft,label_shuffled,11,1225174799,False,0.5976,1,8,0.6496,-1.342,9,0.3705,0.3043,0.25637,0.603,0.737,0.0429,0.4547
iran_dang1_all36,Iranian-17,dft,label_shuffled,11,1225174799,False,0.5976,2,7,0.4892,1.5155,11,0.4746,0.1576,0.96602,0.6119,0.7532,0.0402,0.4381
iran_dang1_all36,Iranian-17,dft,label_shuffled,11,1225174799,False,0.5976,3,9,0.6536,-2.325,9,0.4613,0.3003,0.23688,0.603,0.7321,0.2737,0.4918
iran_dang1_all36,Iranian-17,dft,label_shuffled,11,1225174799,False,0.5976,4,1,0.5462,-1.637,7,0.4282,0.196,0.74563,0.6001,0.7329,0.4918,0.4548
iran_dang1_all36,Iranian-17,dft,label_shuffled,11,1225174799,False,0.5976,5,11,0.7548,-1.8027,7,0.3648,0.4053,0.03098,0.6012,0.7298,0.0309,0.5041
iran_dang1_all36,Iranian-17,dft,label_shuffled,11,1225174799,False,0.5976,6,11,0.628,2.585,11,0.5387,0.2818,0.32984,0.6006,0.7348,0.3673,0.491
iran_dang1_all36,Iranian-17,dft,label_shuffled,11,1225174799,False,0.5976,7,4,0.7854,2.8873,4,0.757,0.4203,0.01999,0.6056,0.7424,0.1727,0.4706
iran_dang1_all36,Iranian-17,dft,label_shuffled,11,1225174799,False,0.5976,8,8,0.6336,0.9127,7,0.4542,0.2788,0.33733,0.6089,0.7538,0.2062,0.4916
iran_dang1_all36,Iranian-17,dft,label_shuffled,11,1225174799,False,0.5976,9,6,0.7371,2.8407,6,0.7229,0.4463,0.05697,0.6041,0.7445,0.018,0.4801
iran_dang1_all36,Iranian-17,dft,label_shuffled,11,1225174799,False,0.5976,10,4,0.7697,1.8613,9,0.3741,0.4264,0.02199,0.603,0.7383,0.3186,0.483
iran_dang1_all36,Iranian-17,dft,none,11,912464811,False,0.7724,0,5,0.7888,-3.0404,5,0.7848,0.4291,0.01799,0.6057,0.7412,0.2666,0.5233
iran_dang1_all36,Iranian-17,dft,none,11,912464811,False,0.7724,1,3,0.9105,2.4307,3,0.7039,0.6204,0.0005,0.6129,0.7606,0.0985,0.511
iran_dang1_all36,Iranian-17,dft,none,11,912464811,False,0.7724,2,5,0.8462,-2.4198,5,0.6379,0.4805,0.0025,0.6098,0.7544,0.0779,0.5362
iran_dang1_all36,Iranian-17,dft,none,11,912464811,False,0.7724,3,5,0.9105,1.8562,2,0.3358,0.5679,0.001,0.6079,0.7491,0.0069,0.5188
iran_dang1_all36,Iranian-17,dft,none,11,912464811,False,0.7724,4,12,0.9151,-0.0,12,0.9151,0.5302,0.0005,0.6046,0.7417,0.112,0.5102
iran_dang1_all36,Iranian-17,dft,none,11,912464811,False,0.7724,5,10,0.6728,0.5128,10,0.5948,0.3305,0.15742,0.5993,0.7375,0.0654,0.5323
iran_dang1_all36,Iranian-17,dft,none,11,912464811,False,0.7724,6,6,0.9864,2.4263,6,0.8615,0.8128,0.0005,0.6178,0.7687,0.1731,0.504
iran_dang1_all36,Iranian-17,dft,none,11,912464811,False,0.7724,7,7,0.6726,-1.5604,2,0.5171,0.3049,0.1909,0.6036,0.7375,0.1338,0.4605
iran_dang1_all36,Iranian-17,dft,none,11,912464811,False,0.7724,8,9,0.6784,-1.54,11,0.2455,0.3174,0.1949,0.6099,0.7556,0.3774,0.452
iran_dang1_all36,Iranian-17,dft,none,11,912464811,False,0.7724,9,12,0.9311,3.1416,12,0.9311,0.5434,0.0005,0.6084,0.7434,0.0261,0.5097
iran_dang1_all36,Iranian-17,dft,none,11,912464811,False,0.7724,10,5,0.561,-1.653,12,0.4685,0.2075,0.68516,0.6013,0.7348,0.0149,0.4376
iran_dang1_all36,Iranian-17,dft,input_shuffled,11,912464811,False,0.8862,0,5,0.7739,0.0846,5,0.7711,0.4181,0.02199,0.6029,0.7361,0.0797,0.4545
iran_dang1_all36,Iranian-17,dft,input_shuffled,11,912464811,False,0.8862,1,12,0.9526,3.1416,12,0.9526,0.5635,0.0005,0.6004,0.7382,0.023,0.4331
iran_dang1_all36,Iranian-17,dft,input_shuffled,11,912464811,False,0.8862,2,10,0.6849,2.0701,10,0.3439,0.3224,0.10145,0.5934,0.7171,0.1738,0.5021
iran_dang1_all36,Iranian-17,dft,input_shuffled,11,912464811,False,0.8862,3,9,0.724,-1.0346,10,0.6185,0.3635,0.04448,0.5934,0.7179,0.1277,0.5032
iran_dang1_all36,Iranian-17,dft,input_shuffled,11,912464811,False,0.8862,4,12,0.7035,-0.0,12,0.7035,0.3188,0.10195,0.6066,0.739,0.269,0.4795
iran_dang1_all36,Iranian-17,dft,input_shuffled,11,912464811,False,0.8862,5,5,0.8402,2.1054,5,0.422,0.4888,0.003,0.6044,0.7354,0.0816,0.4975
iran_dang1_all36,Iranian-17,dft,input_shuffled,11,912464811,False,0.8862,6,7,0.8341,2.2435,7,0.5242,0.473,0.003,0.6032,0.7346,0.2142,0.4918
iran_dang1_all36,Iranian-17,dft,input_shuffled,11,912464811,False,0.8862,7,6,0.9543,-0.808,6,0.7923,0.7206,0.0005,0.6159,0.7596,0.076,0.4412
iran_dang1_all36,Iranian-17,dft,input_shuffled,11,912464811,False,0.8862,8,3,0.8802,-2.5819,3,0.7386,0.5188,0.0025,0.612,0.7603,0.1136,0.4506
iran_dang1_all36,Iranian-17,dft,input_shuffled,11,912464811,False,0.8862,9,12,0.9797,-0.0,12,0.9797,0.5995,0.001,0.6064,0.7504,0.1627,0.4494
iran_dang1_all36,Iranian-17,dft,input_shuffled,11,912464811,False,0.8862,10,3,0.9132,-0.9358,3,0.5676,0.6159,0.001,0.6117,0.7569,0.1524,0.4725
iran_dang1_all36,Iranian-17,dft,label_shuffled,11,912464811,False,0.5813,0,7,0.5443,-2.5643,4,0.4713,0.2013,0.76812,0.6005,0.7367,0.1159,0.4259
iran_dang1_all36,Iranian-17,dft,label_shuffled,11,912464811,False,0.5813,1,4,0.7059,-3.0058,4,0.6985,0.3401,0.11294,0.6075,0.742,0.1336,0.4606
iran_dang1_all36,Iranian-17,dft,label_shuffled,11,912464811,False,0.5813,2,12,0.6191,3.1416,12,0.6191,0.2544,0.38581,0.6038,0.7409,0.3021,0.5032
iran_dang1_all36,Iranian-17,dft,label_shuffled,11,912464811,False,0.5813,3,5,0.8554,1.9713,10,0.4387,0.5095,0.004,0.6146,0.7612,0.2501,0.4568
iran_dang1_all36,Iranian-17,dft,label_shuffled,11,912464811,False,0.5813,4,3,0.7065,-3.0639,3,0.7043,0.3541,0.12344,0.6096,0.7479,0.2004,0.4885
iran_dang1_all36,Iranian-17,dft,label_shuffled,11,912464811,False,0.5813,5,6,0.7029,-2.1926,4,0.5839,0.3531,0.11994,0.6069,0.7472,0.065,0.5126
iran_dang1_all36,Iranian-17,dft,label_shuffled,11,912464811,False,0.5813,6,2,0.5888,-1.3559,8,0.4415,0.2369,0.52424,0.6001,0.7345,0.077,0.4716
iran_dang1_all36,Iranian-17,dft,label_shuffled,11,912464811,False,0.5813,7,1,0.5169,-1.9932,4,0.461,0.1754,0.88806,0.6072,0.7507,0.2755,0.4333
iran_dang1_all36,Iranian-17,dft,label_shuffled,11,912464811,False,0.5813,8,3,0.5552,0.8399,9,0.4051,0.2189,0.69615,0.6016,0.7408,0.3952,0.4829
iran_dang1_all36,Iranian-17,dft,label_shuffled,11,912464811,False,0.5813,9,6,0.8362,0.1201,6,0.8337,0.623,0.004,0.6067,0.7452,0.1739,0.4514
iran_dang1_all36,Iranian-17,dft,label_shuffled,11,912464811,False,0.5813,10,3,0.5861,1.5988,7,0.4168,0.236,0.54973,0.6008,0.7358,0.0831,0.5347
iran_dang1_all36,Iranian-17,dft,none,11,2002734789,False,0.7805,0,12,0.887,3.1416,12,0.887,0.499,0.001,0.6088,0.7366,0.0457,0.4877
iran_dang1_all36,Iranian-17,dft,none,11,2002734789,False,0.7805,1,12,0.9565,3.1416,12,0.9565,0.5713,0.0005,0.6111,0.7538,0.0776,0.4614
iran_dang1_all36,Iranian-17,dft,none,11,2002734789,False,0.7805,2,3,0.6625,0.3812,3,0.6131,0.2925,0.21689,0.6057,0.7411,0.174,0.5125
iran_dang1_all36,Iranian-17,dft,none,11,2002734789,False,0.7805,3,3,0.895,-1.6566,2,0.2919,0.5645,0.0005,0.603,0.7361,0.1975,0.5116
iran_dang1_all36,Iranian-17,dft,none,11,2002734789,False,0.7805,4,9,0.8978,2.8466,9,0.8578,0.56,0.001,0.6027,0.7407,0.2389,0.4784
iran_dang1_all36,Iranian-17,dft,none,11,2002734789,False,0.7805,5,5,0.7196,-1.5731,9,0.2927,0.3506,0.03448,0.5896,0.7057,0.0373,0.4554
iran_dang1_all36,Iranian-17,dft,none,11,2002734789,False,0.7805,6,7,0.7109,-1.026,7,0.3734,0.3421,0.06597,0.5969,0.7209,0.0328,0.4961
iran_dang1_all36,Iranian-17,dft,none,11,2002734789,False,0.7805,7,12,0.7783,3.1416,12,0.7783,0.3932,0.02749,0.6094,0.7532,0.0414,0.4522
iran_dang1_all36,Iranian-17,dft,none,11,2002734789,False,0.7805,8,8,0.7618,-1.3521,2,0.3466,0.4194,0.02849,0.5998,0.7283,0.209,0.4903
iran_dang1_all36,Iranian-17,dft,none,11,2002734789,False,0.7805,9,7,0.651,-0.591,7,0.5419,0.2944,0.27486,0.6087,0.7498,0.205,0.5224
iran_dang1_all36,Iranian-17,dft,none,11,2002734789,False,0.7805,10,5,0.8964,-0.4255,5,0.8157,0.554,0.001,0.6087,0.7554,0.0526,0.4717
iran_dang1_all36,Iranian-17,dft,input_shuffled,11,2002734789,False,0.8537,0,12,0.8885,3.1416,12,0.8885,0.5043,0.0015,0.6072,0.7451,0.0444,0.448
iran_dang1_all36,Iranian-17,dft,input_shuffled,11,2002734789,False,0.8537,1,2,0.6369,-1.0817,7,0.3356,0.2757,0.29435,0.6049,0.746,0.352,0.4942
iran_dang1_all36,Iranian-17,dft,input_shuffled,11,2002734789,False,0.8537,2,2,0.8846,-2.0844,2,0.4554,0.5311,0.001,0.6033,0.7415,0.2499,0.4436
iran_dang1_all36,Iranian-17,dft,input_shuffled,11,2002734789,False,0.8537,3,6,0.9767,2.3547,6,0.8213,0.7615,0.0005,0.6175,0.7739,0.1061,0.5449
iran_dang1_all36,Iranian-17,dft,input_shuffled,11,2002734789,False,0.8537,4,9,0.7156,-0.4783,3,0.6812,0.352,0.07496,0.602,0.7359,0.1685,0.46
iran_dang1_all36,Iranian-17,dft,input_shuffled,11,2002734789,False,0.8537,5,12,0.9644,-0.0,12,0.9644,0.5867,0.001,0.6071,0.7432,0.1018,0.4883
iran_dang1_all36,Iranian-17,dft,input_shuffled,11,2002734789,False,0.8537,6,9,0.7794,1.3652,4,0.3278,0.4271,0.01349,0.6015,0.7312,0.0108,0.465
iran_dang1_all36,Iranian-17,dft,input_shuffled,11,2002734789,False,0.8537,7,4,0.522,-0.3495,4,0.4867,0.1869,0.87606,0.6047,0.7478,0.2178,0.4535
iran_dang1_all36,Iranian-17,dft,input_shuffled,11,2002734789,False,0.8537,8,5,0.8174,2.6653,5,0.7255,0.4447,0.0055,0.6006,0.7326,0.0625,0.4983
iran_dang1_all36,Iranian-17,dft,input_shuffled,11,2002734789,False,0.8537,9,5,0.6531,-1.9215,12,0.5684,0.2854,0.24888,0.6069,0.7448,0.1564,0.4743
iran_dang1_all36,Iranian-17,dft,input_shuffled,11,2002734789,False,0.8537,10,12,0.9261,3.1416,12,0.9261,0.5377,0.0005,0.594,0.7205,0.2276,0.4625
iran_dang1_all36,Iranian-17,dft,label_shuffled,11,2002734789,False,0.5813,0,3,0.6646,-0.263,3,0.6424,0.3118,0.1939,0.6017,0.7374,0.0657,0.4943
iran_dang1_all36,Iranian-17,dft,label_shuffled,11,2002734789,False,0.5813,1,7,0.6695,-2.6145,7,0.5777,0.3031,0.17991,0.6016,0.7363,0.043,0.5034
iran_dang1_all36,Iranian-17,dft,label_shuffled,11,2002734789,False,0.5813,2,5,0.5953,-0.7774,5,0.422,0.2356,0.52574,0.6082,0.7508,0.116,0.4415
iran_dang1_all36,Iranian-17,dft,label_shuffled,11,2002734789,False,0.5813,3,11,0.5354,-0.8051,8,0.4797,0.1917,0.74763,0.5864,0.7044,0.1209,0.5121
iran_dang1_all36,Iranian-17,dft,label_shuffled,11,2002734789,False,0.5813,4,9,0.5982,1.6327,5,0.5393,0.245,0.47676,0.6038,0.7394,0.0043,0.4306
iran_dang1_all36,Iranian-17,dft,label_shuffled,11,2002734789,False,0.5813,5,12,0.6149,3.1416,12,0.6149,0.2619,0.42029,0.6067,0.7495,0.2745,0.489
iran_dang1_all36,Iranian-17,dft,label_shuffled,11,2002734789,False,0.5813,6,1,0.5506,1.0459,4,0.503,0.2081,0.72214,0.5971,0.7275,0.2705,0.4905
iran_dang1_all36,Iranian-17,dft,label_shuffled,11,2002734789,False,0.5813,7,3,0.6006,-2.6727,3,0.5328,0.2597,0.48076,0.6062,0.749,0.3016,0.455
iran_dang1_all36,Iranian-17,dft,label_shuffled,11,2002734789,False,0.5813,8,4,0.6996,-0.6721,4,0.5338,0.3431,0.07596,0.5933,0.711,0.5385,0.4369
iran_dang1_all36,Iranian-17,dft,label_shuffled,11,2002734789,False,0.5813,9,2,0.5626,2.3704,8,0.5036,0.2185,0.68716,0.6068,0.7479,0.2051,0.4556
iran_dang1_all36,Iranian-17,dft,label_shuffled,11,2002734789,False,0.5813,10,9,0.6597,1.3477,8,0.3282,0.2988,0.22889,0.606,0.7419,0.123,0.4598
iran_dang1_all36,Iranian-17,dft,none,11,363245084,False,0.813,0,12,0.8301,3.1416,12,0.8301,0.437,0.006,0.6075,0.7412,0.1439,0.4929
iran_dang1_all36,Iranian-17,dft,none,11,363245084,False,0.813,1,7,0.7985,2.8335,7,0.7612,0.4305,0.0045,0.5902,0.7096,0.2513,0.4856
iran_dang1_all36,Iranian-17,dft,none,11,363245084,False,0.813,2,10,0.6244,1.1107,7,0.5514,0.2663,0.33033,0.5966,0.7253,0.0342,0.4973
iran_dang1_all36,Iranian-17,dft,none,11,363245084,False,0.813,3,5,0.8902,-2.4919,5,0.711,0.5334,0.0005,0.5949,0.7281,0.1819,0.4983
iran_dang1_all36,Iranian-17,dft,none,11,363245084,False,0.813,4,3,0.9329,-0.0983,3,0.9285,0.5953,0.0005,0.6046,0.7392,0.1697,0.4172
iran_dang1_all36,Iranian-17,dft,none,11,363245084,False,0.813,5,10,0.848,-0.6499,10,0.6901,0.4989,0.005,0.6116,0.7594,0.3484,0.5286
iran_dang1_all36,Iranian-17,dft,none,11,363245084,False,0.813,6,12,0.9576,-0.0,12,0.9576,0.5752,0.001,0.609,0.7426,0.1474,0.484
iran_dang1_all36,Iranian-17,dft,none,11,363245084,False,0.813,7,3,0.97,1.3814,2,0.2215,0.65,0.0005,0.6085,0.7411,0.1911,0.4738
iran_dang1_all36,Iranian-17,dft,none,11,363245084,False,0.813,8,9,0.8771,0.9087,9,0.5627,0.5672,0.002,0.6082,0.7579,0.1044,0.4958
iran_dang1_all36,Iranian-17,dft,none,11,363245084,False,0.813,9,7,0.7012,-0.8258,7,0.4785,0.3398,0.10545,0.6029,0.7388,0.0195,0.4592
iran_dang1_all36,Iranian-17,dft,none,11,363245084,False,0.813,10,7,0.7635,1.2403,5,0.3679,0.3836,0.02799,0.6016,0.7401,0.0347,0.4614
iran_dang1_all36,Iranian-17,dft,input_shuffled,11,363245084,False,0.7439,0,12,0.9665,3.1416,12,0.9665,0.5865,0.001,0.6094,0.7604,0.1099,0.4796
iran_dang1_all36,Iranian-17,dft,input_shuffled,11,363245084,False,0.7439,1,4,0.8549,2.5592,4,0.7,0.5078,0.007,0.6119,0.7613,0.0569,0.4462
iran_dang1_all36,Iranian-17,dft,input_shuffled,11,363245084,False,0.7439,2,9,0.7659,0.1327,9,0.7593,0.4057,0.03098,0.6058,0.7461,0.3401,0.4677
iran_dang1_all36,Iranian-17,dft,input_shuffled,11,363245084,False,0.7439,3,7,0.8777,-2.0181,5,0.4682,0.5223,0.001,0.6053,0.7522,0.0001,0.4465
iran_dang1_all36,Iranian-17,dft,input_shuffled,11,363245084,False,0.7439,4,3,0.6893,-0.5356,8,0.6481,0.334,0.10195,0.5952,0.717,0.2062,0.4529
iran_dang1_all36,Iranian-17,dft,input_shuffled,11,363245084,False,0.7439,5,2,0.7936,1.2778,3,0.4498,0.4255,0.0055,0.5975,0.7227,0.3336,0.5212
iran_dang1_all36,Iranian-17,dft,input_shuffled,11,363245084,False,0.7439,6,12,0.8006,-0.0,12,0.8006,0.4145,0.004,0.5977,0.7241,0.0679,0.4544
iran_dang1_all36,Iranian-17,dft,input_shuffled,11,363245084,False,0.7439,7,5,0.8888,0.7145,5,0.6742,0.5129,0.0005,0.5973,0.7307,0.2098,0.4459
iran_dang1_all36,Iranian-17,dft,input_shuffled,11,363245084,False,0.7439,8,10,0.9041,0.2461,10,0.8799,0.594,0.001,0.6115,0.7634,0.3037,0.4925
iran_dang1_all36,Iranian-17,dft,input_shuffled,11,363245084,False,0.7439,9,2,0.5925,2.6184,2,0.5209,0.2625,0.52124,0.6053,0.7447,0.0939,0.5093
iran_dang1_all36,Iranian-17,dft,input_shuffled,11,363245084,False,0.7439,10,7,0.8231,-0.6462,7,0.6591,0.4652,0.007,0.6034,0.7517,0.1254,0.4704
iran_dang1_all36,Iranian-17,dft,label_shuffled,11,363245084,False,0.6138,0,2,0.5895,2.7778,2,0.5551,0.2463,0.55222,0.6094,0.7575,0.3072,0.4769
iran_dang1_all36,Iranian-17,dft,label_shuffled,11,363245084,False,0.6138,1,7,0.584,-0.3672,7,0.5454,0.2436,0.53973,0.5983,0.7302,0.0957,0.5073
iran_dang1_all36,Iranian-17,dft,label_shuffled,11,363245084,False,0.6138,2,7,0.6417,-0.6259,5,0.5278,0.2943,0.30135,0.608,0.757,0.1373,0.496
iran_dang1_all36,Iranian-17,dft,label_shuffled,11,363245084,False,0.6138,3,4,0.6653,1.6614,1,0.3902,0.3059,0.17891,0.5998,0.7277,0.4384,0.4826
iran_dang1_all36,Iranian-17,dft,label_shuffled,11,363245084,False,0.6138,4,6,0.6244,2.8958,6,0.6164,0.3034,0.37731,0.6084,0.7504,0.1447,0.4453
iran_dang1_all36,Iranian-17,dft,label_shuffled,11,363245084,False,0.6138,5,9,0.7474,-2.5975,9,0.6453,0.3889,0.04548,0.6023,0.7432,0.1697,0.5121
iran_dang1_all36,Iranian-17,dft,label_shuffled,11,363245084,False,0.6138,6,9,0.7662,2.3433,3,0.5979,0.3985,0.02349,0.6001,0.7366,0.0972,0.4752
iran_dang1_all36,Iranian-17,dft,label_shuffled,11,363245084,False,0.6138,7,5,0.5832,-0.6451,5,0.4646,0.2275,0.54773,0.6007,0.7342,0.3032,0.4637
iran_dang1_all36,Iranian-17,dft,label_shuffled,11,363245084,False,0.6138,8,11,0.6143,-0.5613,11,0.5255,0.2573,0.4008,0.6033,0.7408,0.528,0.4899
iran_dang1_all36,Iranian-17,dft,label_shuffled,11,363245084,False,0.6138,9,6,0.676,1.2864,12,0.3441,0.2923,0.15492,0.6021,0.7308,0.2576,0.4833
iran_dang1_all36,Iranian-17,dft,label_shuffled,11,363245084,False,0.6138,10,2,0.6682,1.5554,11,0.4162,0.3046,0.1929,0.6057,0.7433,0.2014,0.4982
iran_dang1_all36,Iranian-17,dft,none,11,57606348,False,0.8049,0,10,0.6742,0.9859,7,0.5299,0.3112,0.1949,0.6108,0.7541,0.2127,0.4836
iran_dang1_all36,Iranian-17,dft,none,11,57606348,False,0.8049,1,3,0.9192,-1.7187,2,0.316,0.5922,0.0005,0.6073,0.7461,0.0931,0.4634
iran_dang1_all36,Iranian-17,dft,none,11,57606348,False,0.8049,2,3,0.8051,0.0366,3,0.8045,0.4474,0.003,0.5986,0.7251,0.1937,0.4728
iran_dang1_all36,Iranian-17,dft,none,11,57606348,False,0.8049,3,7,0.6065,2.7336,7,0.5571,0.2547,0.31384,0.5799,0.6978,0.0069,0.4396
iran_dang1_all36,Iranian-17,dft,none,11,57606348,False,0.8049,4,12,0.8468,-0.0,12,0.8468,0.4594,0.0025,0.6033,0.7398,0.1091,0.4475
iran_dang1_all36,Iranian-17,dft,none,11,57606348,False,0.8049,5,12,0.6176,3.1416,12,0.6176,0.2564,0.3903,0.6045,0.7443,0.0944,0.5017
iran_dang1_all36,Iranian-17,dft,none,11,57606348,False,0.8049,6,10,0.936,-0.2296,10,0.9142,0.6358,0.0005,0.6106,0.7484,0.1767,0.4929
iran_dang1_all36,Iranian-17,dft,none,11,57606348,False,0.8049,7,5,0.787,2.1518,5,0.4268,0.4192,0.0095,0.5984,0.7334,0.0391,0.4391
iran_dang1_all36,Iranian-17,dft,none,11,57606348,False,0.8049,8,5,0.8712,-0.667,5,0.6822,0.511,0.001,0.6047,0.7477,0.0376,0.4441
iran_dang1_all36,Iranian-17,dft,none,11,57606348,False,0.8049,9,12,0.9845,3.1416,12,0.9845,0.6025,0.0005,0.6093,0.748,0.1515,0.4959
iran_dang1_all36,Iranian-17,dft,none,11,57606348,False,0.8049,10,12,0.6183,3.1416,12,0.6183,0.2551,0.3928,0.605,0.745,0.046,0.4327
iran_dang1_all36,Iranian-17,dft,input_shuffled,11,57606348,False,0.7927,0,5,0.8966,-2.0852,12,0.478,0.538,0.001,0.6081,0.7505,0.1336,0.5352
iran_dang1_all36,Iranian-17,dft,input_shuffled,11,57606348,False,0.7927,1,3,0.948,-3.0245,3,0.9414,0.6325,0.0005,0.602,0.7311,0.0054,0.462
iran_dang1_all36,Iranian-17,dft,input_shuffled,11,57606348,False,0.7927,2,7,0.7654,1.7094,2,0.4497,0.4045,0.02549,0.6016,0.7364,0.0627,0.4361
iran_dang1_all36,Iranian-17,dft,input_shuffled,11,57606348,False,0.7927,3,8,0.6464,-0.9282,8,0.3718,0.2862,0.2034,0.5905,0.7136,0.32,0.4988
iran_dang1_all36,Iranian-17,dft,input_shuffled,11,57606348,False,0.7927,4,9,0.5873,1.9956,4,0.5766,0.2326,0.49425,0.5931,0.7132,0.0349,0.4518
iran_dang1_all36,Iranian-17,dft,input_shuffled,11,57606348,False,0.7927,5,6,0.964,2.4869,6,0.8648,0.7869,0.0005,0.6167,0.7685,0.199,0.4926
iran_dang1_all36,Iranian-17,dft,input_shuffled,11,57606348,False,0.7927,6,10,0.9281,1.2669,10,0.2939,0.5796,0.0005,0.6124,0.7621,0.0098,0.4519
iran_dang1_all36,Iranian-17,dft,input_shuffled,11,57606348,False,0.7927,7,10,0.6535,-0.528,10,0.5731,0.301,0.2089,0.5964,0.7285,0.0173,0.4446
iran_dang1_all36,Iranian-17,dft,input_shuffled,11,57606348,False,0.7927,8,12,0.9684,-0.0,12,0.9684,0.5872,0.0005,0.6091,0.7517,0.0967,0.509
iran_dang1_all36,Iranian-17,dft,input_shuffled,11,57606348,False,0.7927,9,3,0.9609,1.5665,2,0.2771,0.6489,0.0005,0.6093,0.7494,0.2647,0.4778
iran_dang1_all36,Iranian-17,dft,input_shuffled,11,57606348,False,0.7927,10,12,0.8484,3.1416,12,0.8484,0.4553,0.003,0.608,0.7528,0.1315,0.4492
iran_dang1_all36,Iranian-17,dft,label_shuffled,11,57606348,False,0.5935,0,10,0.4933,-2.6285,4,0.4708,0.1735,0.94303,0.602,0.7335,0.0213,0.498
iran_dang1_all36,Iranian-17,dft,label_shuffled,11,57606348,False,0.5935,1,8,0.5192,1.3271,6,0.4329,0.1965,0.88656,0.6029,0.7412,0.2005,0.4997
iran_dang1_all36,Iranian-17,dft,label_shuffled,11,57606348,False,0.5935,2,2,0.5385,0.8554,11,0.4637,0.2047,0.81409,0.6098,0.7601,0.0546,0.4545
iran_dang1_all36,Iranian-17,dft,label_shuffled,11,57606348,False,0.5935,3,11,0.7098,2.3819,11,0.5281,0.3476,0.11494,0.6093,0.7511,0.0117,0.498
iran_dang1_all36,Iranian-17,dft,label_shuffled,11,57606348,False,0.5935,4,10,0.4915,1.7544,5,0.4054,0.1647,0.95302,0.6016,0.7408,0.134,0.4805
iran_dang1_all36,Iranian-17,dft,label_shuffled,11,57606348,False,0.5935,5,10,0.5855,0.1622,10,0.5787,0.2335,0.50725,0.5959,0.7275,0.2392,0.4555
iran_dang1_all36,Iranian-17,dft,label_shuffled,11,57606348,False,0.5935,6,1,0.5684,-0.6724,1,0.4366,0.2272,0.65617,0.6018,0.7315,0.0522,0.4786
iran_dang1_all36,Iranian-17,dft,label_shuffled,11,57606348,False,0.5935,7,7,0.6033,-0.3435,7,0.5683,0.2471,0.44578,0.6014,0.7332,0.1766,0.5195
iran_dang1_all36,Iranian-17,dft,label_shuffled,11,57606348,False,0.5935,8,4,0.5226,2.2091,3,0.3868,0.1923,0.84908,0.5932,0.7166,0.5855,0.4545
iran_dang1_all36,Iranian-17,dft,label_shuffled,11,57606348,False,0.5935,9,4,0.5539,-1.7875,11,0.4916,0.2022,0.71564,0.6032,0.7404,0.0744,0.4661
iran_dang1_all36,Iranian-17,dft,label_shuffled,11,57606348,False,0.5935,10,9,0.6843,-1.3981,4,0.3092,0.3271,0.06947,0.58,0.6987,0.0009,0.4823
iran_dang1_all36,Iranian-17,dft,none,11,1081245319,False,0.7439,0,12,0.8819,-0.0,12,0.8819,0.4959,0.0015,0.612,0.7591,0.1746,0.4803
iran_dang1_all36,Iranian-17,dft,none,11,1081245319,False,0.7439,1,2,0.6894,-1.0311,12,0.4138,0.3276,0.12644,0.6003,0.7315,0.3634,0.4791
iran_dang1_all36,Iranian-17,dft,none,11,1081245319,False,0.7439,2,10,0.8284,-0.9397,10,0.5087,0.4669,0.0055,0.6101,0.7514,0.1443,0.4666
iran_dang1_all36,Iranian-17,dft,none,11,1081245319,False,0.7439,3,7,0.6044,0.9123,7,0.3665,0.2452,0.42479,0.5992,0.731,0.3515,0.478
iran_dang1_all36,Iranian-17,dft,none,11,1081245319,False,0.7439,4,3,0.8192,2.8207,3,0.7789,0.463,0.004,0.6016,0.7394,0.0368,0.4815
iran_dang1_all36,Iranian-17,dft,none,11,1081245319,False,0.7439,5,12,0.8287,-0.0,12,0.8287,0.4391,0.01149,0.6093,0.7608,0.0099,0.4305
iran_dang1_all36,Iranian-17,dft,none,11,1081245319,False,0.7439,6,12,0.7535,3.1416,12,0.7535,0.3696,0.03748,0.6007,0.7404,0.1126,0.5175
iran_dang1_all36,Iranian-17,dft,none,11,1081245319,False,0.7439,7,5,0.5989,-0.4327,5,0.5432,0.245,0.46077,0.5996,0.7307,0.174,0.4961
iran_dang1_all36,Iranian-17,dft,none,11,1081245319,False,0.7439,8,7,0.8838,2.0622,7,0.4237,0.5268,0.0005,0.5982,0.7234,0.0009,0.4604
iran_dang1_all36,Iranian-17,dft,none,11,1081245319,False,0.7439,9,3,0.9248,1.4913,10,0.1733,0.6046,0.0005,0.6034,0.7372,0.133,0.4664
iran_dang1_all36,Iranian-17,dft,none,11,1081245319,False,0.7439,10,5,0.5621,2.3347,7,0.5513,0.2132,0.6082,0.5867,0.7056,0.2485,0.4622
iran_dang1_all36,Iranian-17,dft,input_shuffled,11,1081245319,False,0.748,0,12,0.908,-0.0,12,0.908,0.5223,0.0005,0.6084,0.7582,0.1306,0.4684
iran_dang1_all36,Iranian-17,dft,input_shuffled,11,1081245319,False,0.748,1,10,0.7904,2.7512,10,0.7373,0.4389,0.01449,0.6062,0.7404,0.1911,0.508
iran_dang1_all36,Iranian-17,dft,input_shuffled,11,1081245319,False,0.748,2,3,0.9091,-2.9768,3,0.8966,0.5768,0.0005,0.605,0.7353,0.1962,0.483
iran_dang1_all36,Iranian-17,dft,input_shuffled,11,1081245319,False,0.748,3,2,0.5771,-2.9907,2,0.5713,0.2317,0.5907,0.5999,0.7358,0.0058,0.493
iran_dang1_all36,Iranian-17,dft,input_shuffled,11,1081245319,False,0.748,4,3,0.9748,1.6637,2,0.1668,0.6721,0.0005,0.6065,0.7523,0.2149,0.4891
iran_dang1_all36,Iranian-17,dft,input_shuffled,11,1081245319,False,0.748,5,7,0.714,-1.2713,11,0.5615,0.3455,0.07596,0.5987,0.7342,0.1841,0.4333
iran_dang1_all36,Iranian-17,dft,input_shuffled,11,1081245319,False,0.748,6,12,0.8864,3.1416,12,0.8864,0.4986,0.0025,0.6087,0.7502,0.0858,0.4775
iran_dang1_all36,Iranian-17,dft,input_shuffled,11,1081245319,False,0.748,7,10,0.6786,-2.0175,9,0.4669,0.2959,0.15042,0.6028,0.7361,0.1042,0.494
iran_dang1_all36,Iranian-17,dft,input_shuffled,11,1081245319,False,0.748,8,7,0.7765,-2.9551,7,0.7629,0.4183,0.007,0.5926,0.7121,0.1102,0.4939
iran_dang1_all36,Iranian-17,dft,input_shuffled,11,1081245319,False,0.748,9,12,0.7373,3.1416,12,0.7373,0.3555,0.05447,0.6038,0.7422,0.0005,0.5047
iran_dang1_all36,Iranian-17,dft,input_shuffled,11,1081245319,False,0.748,10,6,0.9846,-0.7772,6,0.8326,0.7852,0.0005,0.6202,0.7764,0.1489,0.4729
iran_dang1_all36,Iranian-17,dft,label_shuffled,11,1081245319,False,0.6098,0,8,0.5,-1.5563,5,0.4731,0.1808,0.94753,0.6058,0.7469,0.1095,0.4777
iran_dang1_all36,Iranian-17,dft,label_shuffled,11,1081245319,False,0.6098,1,9,0.655,1.3861,3,0.3372,0.2925,0.2079,0.5979,0.7282,0.0095,0.4463
iran_dang1_all36,Iranian-17,dft,label_shuffled,11,1081245319,False,0.6098,2,8,0.5222,-2.6249,8,0.4468,0.1853,0.86307,0.605,0.7416,0.1156,0.4481
iran_dang1_all36,Iranian-17,dft,label_shuffled,11,1081245319,False,0.6098,3,1,0.5795,1.1302,3,0.4511,0.2269,0.53273,0.5917,0.72,0.4936,0.4681
iran_dang1_all36,Iranian-17,dft,label_shuffled,11,1081245319,False,0.6098,4,5,0.5801,-1.7151,9,0.4966,0.2321,0.54973,0.5955,0.7201,0.2021,0.4856
iran_dang1_all36,Iranian-17,dft,label_shuffled,11,1081245319,False,0.6098,5,7,0.6321,-0.947,7,0.373,0.2641,0.35032,0.6082,0.753,0.0207,0.503
iran_dang1_all36,Iranian-17,dft,label_shuffled,11,1081245319,False,0.6098,6,2,0.5205,2.7943,4,0.5008,0.1822,0.85807,0.5969,0.7166,0.0538,0.4841
iran_dang1_all36,Iranian-17,dft,label_shuffled,11,1081245319,False,0.6098,7,8,0.634,-1.4446,12,0.408,0.2853,0.31284,0.6035,0.744,0.0576,0.4833
iran_dang1_all36,Iranian-17,dft,label_shuffled,11,1081245319,False,0.6098,8,6,0.5785,0.4518,6,0.5524,0.2483,0.47626,0.5816,0.7022,0.0729,0.4857
iran_dang1_all36,Iranian-17,dft,label_shuffled,11,1081245319,False,0.6098,9,11,0.511,-3.0808,11,0.5101,0.18,0.89905,0.5981,0.724,0.0511,0.4849
iran_dang1_all36,Iranian-17,dft,label_shuffled,11,1081245319,False,0.6098,10,7,0.5553,1.4546,6,0.5057,0.2348,0.69365,0.5944,0.7232,0.0922,0.5106
iran_dang1_all36,Iranian-17,dft,none,11,892481200,False,0.7886,0,6,0.9971,0.6089,6,0.9102,0.8755,0.0005,0.6173,0.7648,0.0739,0.4882
iran_dang1_all36,Iranian-17,dft,none,11,892481200,False,0.7886,1,7,0.6539,-0.8619,7,0.4289,0.3017,0.11344,0.5755,0.6852,0.0534,0.4718
iran_dang1_all36,Iranian-17,dft,none,11,892481200,False,0.7886,2,12,0.9427,-0.0,12,0.9427,0.553,0.0005,0.6094,0.7496,0.1733,0.4655
iran_dang1_all36,Iranian-17,dft,none,11,892481200,False,0.7886,3,5,0.7707,1.8666,4,0.2747,0.3999,0.01749,0.6003,0.734,0.0979,0.5213
iran_dang1_all36,Iranian-17,dft,none,11,892481200,False,0.7886,4,6,0.8528,1.5444,12,0.4461,0.4211,0.0005,0.5531,0.6462,0.087,0.4705
iran_dang1_all36,Iranian-17,dft,none,11,892481200,False,0.7886,5,5,0.8813,-2.5914,5,0.7526,0.5255,0.0015,0.6041,0.7402,0.1141,0.5229
iran_dang1_all36,Iranian-17,dft,none,11,892481200,False,0.7886,6,7,0.9316,0.1213,7,0.9248,0.5898,0.0005,0.6058,0.7435,0.1608,0.4653
iran_dang1_all36,Iranian-17,dft,none,11,892481200,False,0.7886,7,5,0.796,-2.3985,5,0.5889,0.4257,0.001,0.5768,0.687,0.1657,0.4358
iran_dang1_all36,Iranian-17,dft,none,11,892481200,False,0.7886,8,9,0.7118,1.9988,3,0.4913,0.343,0.10645,0.6111,0.7524,0.1104,0.4961
iran_dang1_all36,Iranian-17,dft,none,11,892481200,False,0.7886,9,12,0.7371,3.1416,12,0.7371,0.3495,0.05347,0.6043,0.739,0.1145,0.4639
iran_dang1_all36,Iranian-17,dft,none,11,892481200,False,0.7886,10,5,0.5204,-0.3506,5,0.4885,0.1785,0.88156,0.6019,0.7343,0.0376,0.4716
iran_dang1_all36,Iranian-17,dft,input_shuffled,11,892481200,False,0.7764,0,7,0.6176,3.0085,7,0.6122,0.2569,0.24138,0.5741,0.6844,0.1231,0.4477
iran_dang1_all36,Iranian-17,dft,input_shuffled,11,892481200,False,0.7764,1,5,0.7522,0.494,5,0.6632,0.3852,0.01399,0.5887,0.7093,0.4119,0.4703
iran_dang1_all36,Iranian-17,dft,input_shuffled,11,892481200,False,0.7764,2,5,0.5632,-0.322,5,0.5341,0.2171,0.65867,0.6001,0.7321,0.1107,0.4449
iran_dang1_all36,Iranian-17,dft,input_shuffled,11,892481200,False,0.7764,3,12,0.9798,-0.0,12,0.9798,0.5971,0.0005,0.612,0.7539,0.0649,0.5133
iran_dang1_all36,Iranian-17,dft,input_shuffled,11,892481200,False,0.7764,4,5,0.8382,-2.4451,5,0.6455,0.4799,0.0005,0.577,0.6922,0.0604,0.4696
iran_dang1_all36,Iranian-17,dft,input_shuffled,11,892481200,False,0.7764,5,12,0.9151,3.1416,12,0.9151,0.5329,0.001,0.596,0.7234,0.0333,0.475
iran_dang1_all36,Iranian-17,dft,input_shuffled,11,892481200,False,0.7764,6,7,0.8006,-1.5916,2,0.4846,0.4381,0.0025,0.5892,0.7102,0.0722,0.4961
iran_dang1_all36,Iranian-17,dft,input_shuffled,11,892481200,False,0.7764,7,1,0.6295,-2.6674,1,0.5636,0.2659,0.32234,0.601,0.7364,0.2734,0.4285
iran_dang1_all36,Iranian-17,dft,input_shuffled,11,892481200,False,0.7764,8,4,0.6035,2.3275,5,0.5255,0.2497,0.44728,0.5993,0.7282,0.0248,0.4533
iran_dang1_all36,Iranian-17,dft,input_shuffled,11,892481200,False,0.7764,9,9,0.9465,-0.1373,9,0.9375,0.6319,0.0005,0.6025,0.7381,0.211,0.465
iran_dang1_all36,Iranian-17,dft,input_shuffled,11,892481200,False,0.7764,10,5,0.7703,2.203,7,0.4679,0.4027,0.01949,0.599,0.7296,0.0821,0.5175
iran_dang1_all36,Iranian-17,dft,label_shuffled,11,892481200,False,0.5813,0,7,0.7791,-1.1776,10,0.3857,0.4085,0.01349,0.6022,0.7346,0.2338,0.4809
iran_dang1_all36,Iranian-17,dft,label_shuffled,11,892481200,False,0.5813,1,4,0.5712,-0.9079,12,0.4115,0.2224,0.5937,0.5948,0.7224,0.0322,0.4955
iran_dang1_all36,Iranian-17,dft,label_shuffled,11,892481200,False,0.5813,2,3,0.5223,2.0861,9,0.3633,0.1864,0.87156,0.6051,0.7449,0.0372,0.4849
iran_dang1_all36,Iranian-17,dft,label_shuffled,11,892481200,False,0.5813,3,7,0.6105,-3.0801,7,0.6093,0.2546,0.46527,0.614,0.7588,0.4551,0.4822
iran_dang1_all36,Iranian-17,dft,label_shuffled,11,892481200,False,0.5813,4,6,0.7816,1.2316,11,0.4641,0.3946,0.02749,0.6117,0.754,0.1022,0.4772
iran_dang1_all36,Iranian-17,dft,label_shuffled,11,892481200,False,0.5813,5,9,0.5117,2.0115,6,0.4954,0.1961,0.91554,0.607,0.7419,0.0837,0.4471
iran_dang1_all36,Iranian-17,dft,label_shuffled,11,892481200,False,0.5813,6,8,0.7019,2.7283,8,0.636,0.3504,0.11594,0.6058,0.744,0.275,0.5285
iran_dang1_all36,Iranian-17,dft,label_shuffled,11,892481200,False,0.5813,7,8,0.5324,-1.8926,3,0.4841,0.2022,0.83458,0.6078,0.7452,0.1591,0.5151
iran_dang1_all36,Iranian-17,dft,label_shuffled,11,892481200,False,0.5813,8,11,0.8576,-0.9299,11,0.5381,0.5178,0.0025,0.6088,0.7502,0.304,0.4667
iran_dang1_all36,Iranian-17,dft,label_shuffled,11,892481200,False,0.5813,9,6,0.5753,-2.0442,8,0.3727,0.2296,0.50425,0.5833,0.7017,0.0831,0.4468
iran_dang1_all36,Iranian-17,dft,label_shuffled,11,892481200,False,0.5813,10,9,0.4964,0.6869,4,0.4829,0.1743,0.94903,0.6066,0.7477,0.2364,0.4449
iran_dang1_all36,Iranian-17,dft,none,11,377784387,False,0.7724,0,12,0.8433,3.1416,12,0.8433,0.4534,0.0045,0.6085,0.7533,0.1217,0.5061
iran_dang1_all36,Iranian-17,dft,none,11,377784387,False,0.7724,1,10,0.6742,1.107,9,0.5311,0.3078,0.18241,0.6081,0.7616,0.3149,0.479
iran_dang1_all36,Iranian-17,dft,none,11,377784387,False,0.7724,2,6,0.9878,-0.7408,6,0.8519,0.806,0.0005,0.6191,0.7784,0.1966,0.4246
iran_dang1_all36,Iranian-17,dft,none,11,377784387,False,0.7724,3,2,0.7402,-0.1984,2,0.7274,0.3772,0.02749,0.593,0.7162,0.0158,0.4662
iran_dang1_all36,Iranian-17,dft,none,11,377784387,False,0.7724,4,2,0.644,1.7111,5,0.25,0.2844,0.23338,0.5941,0.7178,0.0003,0.4421
iran_dang1_all36,Iranian-17,dft,none,11,377784387,False,0.7724,5,12,0.5706,3.1416,12,0.5706,0.2106,0.52874,0.579,0.6905,0.0499,0.4989
iran_dang1_all36,Iranian-17,dft,none,11,377784387,False,0.7724,6,5,0.9728,0.7932,5,0.6864,0.6348,0.0005,0.6088,0.7469,0.1532,0.504
iran_dang1_all36,Iranian-17,dft,none,11,377784387,False,0.7724,7,10,0.7599,-0.3151,10,0.7266,0.4049,0.01499,0.5966,0.7203,0.0015,0.4734
iran_dang1_all36,Iranian-17,dft,none,11,377784387,False,0.7724,8,12,0.9687,-0.0,12,0.9687,0.5853,0.001,0.611,0.7549,0.0724,0.5184
iran_dang1_all36,Iranian-17,dft,none,11,377784387,False,0.7724,9,11,0.8651,-2.3962,11,0.6197,0.4987,0.0025,0.6083,0.7547,0.2061,0.453
iran_dang1_all36,Iranian-17,dft,none,11,377784387,False,0.7724,10,2,0.716,-0.2532,2,0.6957,0.3631,0.06547,0.5938,0.7262,0.0902,0.4908
iran_dang1_all36,Iranian-17,dft,input_shuffled,11,377784387,False,0.8537,0,6,0.9738,2.3656,6,0.824,0.7654,0.001,0.6193,0.7727,0.1485,0.4382
iran_dang1_all36,Iranian-17,dft,input_shuffled,11,377784387,False,0.8537,1,10,0.7816,-2.1046,10,0.4162,0.43,0.03298,0.6072,0.76,0.053,0.5312
iran_dang1_all36,Iranian-17,dft,input_shuffled,11,377784387,False,0.8537,2,12,0.9679,-0.0,12,0.9679,0.589,0.0005,0.6071,0.7497,0.1297,0.4786
iran_dang1_all36,Iranian-17,dft,input_shuffled,11,377784387,False,0.8537,3,10,0.8501,2.5707,10,0.728,0.5027,0.002,0.6068,0.754,0.3083,0.4353
iran_dang1_all36,Iranian-17,dft,input_shuffled,11,377784387,False,0.8537,4,5,0.5878,0.9186,8,0.4885,0.2384,0.50325,0.5951,0.7237,0.0267,0.4809
iran_dang1_all36,Iranian-17,dft,input_shuffled,11,377784387,False,0.8537,5,9,0.5811,-0.0478,9,0.5804,0.2307,0.57121,0.6043,0.7429,0.1038,0.5069
iran_dang1_all36,Iranian-17,dft,input_shuffled,11,377784387,False,0.8537,6,2,0.7125,0.3917,2,0.6643,0.3554,0.08096,0.6032,0.7312,0.1952,0.4776
iran_dang1_all36,Iranian-17,dft,input_shuffled,11,377784387,False,0.8537,7,7,0.7524,-2.5399,7,0.6188,0.3968,0.03448,0.602,0.7325,0.1087,0.416
iran_dang1_all36,Iranian-17,dft,input_shuffled,11,377784387,False,0.8537,8,12,0.9509,3.1416,12,0.9509,0.5697,0.001,0.5952,0.7216,0.1466,0.454
iran_dang1_all36,Iranian-17,dft,input_shuffled,11,377784387,False,0.8537,9,7,0.9267,2.1827,7,0.538,0.5748,0.0005,0.6088,0.7481,0.1068,0.5122
iran_dang1_all36,Iranian-17,dft,input_shuffled,11,377784387,False,0.8537,10,8,0.8147,1.7806,11,0.3308,0.4743,0.008,0.6054,0.7394,0.3915,0.452
iran_dang1_all36,Iranian-17,dft,label_shuffled,11,377784387,False,0.6016,0,11,0.6501,2.403,8,0.5253,0.285,0.25637,0.6034,0.7343,0.3457,0.5118
iran_dang1_all36,Iranian-17,dft,label_shuffled,11,377784387,False,0.6016,1,9,0.5085,2.1725,6,0.3986,0.1814,0.91054,0.6027,0.7424,0.1328,0.466
iran_dang1_all36,Iranian-17,dft,label_shuffled,11,377784387,False,0.6016,2,4,0.6719,-1.9161,10,0.416,0.3266,0.18541,0.6054,0.7472,0.0004,0.4479
iran_dang1_all36,Iranian-17,dft,label_shuffled,11,377784387,False,0.6016,3,6,0.633,-2.9773,6,0.6294,0.3112,0.32834,0.6048,0.7426,0.1416,0.4534
iran_dang1_all36,Iranian-17,dft,label_shuffled,11,377784387,False,0.6016,4,4,0.6099,-1.379,12,0.3721,0.2594,0.43028,0.6039,0.7376,0.125,0.484
iran_dang1_all36,Iranian-17,dft,label_shuffled,11,377784387,False,0.6016,5,9,0.569,2.5983,9,0.4827,0.229,0.63518,0.5987,0.7235,0.2157,0.4855
iran_dang1_all36,Iranian-17,dft,label_shuffled,11,377784387,False,0.6016,6,9,0.5131,1.0878,1,0.462,0.175,0.90905,0.6117,0.7568,0.0928,0.5454
iran_dang1_all36,Iranian-17,dft,label_shuffled,11,377784387,False,0.6016,7,5,0.5753,1.9246,10,0.3973,0.2291,0.62119,0.6054,0.7368,0.2096,0.4946
iran_dang1_all36,Iranian-17,dft,label_shuffled,11,377784387,False,0.6016,8,10,0.6835,2.4605,10,0.5439,0.3284,0.13343,0.6006,0.7266,0.0602,0.4361
iran_dang1_all36,Iranian-17,dft,label_shuffled,11,377784387,False,0.6016,9,4,0.697,-1.4784,11,0.4323,0.3398,0.13093,0.6064,0.7435,0.2796,0.4509
iran_dang1_all36,Iranian-17,dft,label_shuffled,11,377784387,False,0.6016,10,11,0.6992,-0.8045,11,0.4999,0.3339,0.11644,0.6029,0.7446,0.0403,0.4667
iran_dang1_all36,Iranian-17,dft,none,11,1851085682,False,0.8049,0,9,0.7211,-0.6545,9,0.563,0.3553,0.08146,0.6042,0.7392,0.0975,0.4964
iran_dang1_all36,Iranian-17,dft,none,11,1851085682,False,0.8049,1,8,0.7612,1.285,7,0.3851,0.4099,0.04648,0.6094,0.7575,0.2344,0.4726
iran_dang1_all36,Iranian-17,dft,none,11,1851085682,False,0.8049,2,5,0.714,0.3424,5,0.6729,0.3481,0.03048,0.5863,0.6977,0.379,0.5339
iran_dang1_all36,Iranian-17,dft,none,11,1851085682,False,0.8049,3,12,0.9871,3.1416,12,0.9871,0.6062,0.0005,0.6059,0.7411,0.0638,0.4772
iran_dang1_all36,Iranian-17,dft,none,11,1851085682,False,0.8049,4,8,0.7806,0.0699,8,0.7784,0.4024,0.01999,0.6046,0.74,0.2109,0.4811
iran_dang1_all36,Iranian-17,dft,none,11,1851085682,False,0.8049,5,5,0.8197,-0.7341,5,0.6058,0.4633,0.01,0.6039,0.7457,0.1257,0.4998
iran_dang1_all36,Iranian-17,dft,none,11,1851085682,False,0.8049,6,8,0.8923,2.6337,8,0.7677,0.5384,0.0005,0.5971,0.7259,0.3874,0.5104
iran_dang1_all36,Iranian-17,dft,none,11,1851085682,False,0.8049,7,7,0.7059,2.4477,7,0.5448,0.3379,0.07696,0.5981,0.7229,0.0415,0.4582
iran_dang1_all36,Iranian-17,dft,none,11,1851085682,False,0.8049,8,2,0.8237,-0.465,2,0.7451,0.4888,0.0055,0.6063,0.745,0.0776,0.5154
iran_dang1_all36,Iranian-17,dft,none,11,1851085682,False,0.8049,9,10,0.6284,-2.9963,10,0.6225,0.2738,0.31034,0.5954,0.7271,0.2286,0.4478
iran_dang1_all36,Iranian-17,dft,none,11,1851085682,False,0.8049,10,12,0.9487,-0.0,12,0.9487,0.557,0.0005,0.5997,0.7313,0.072,0.4758
iran_dang1_all36,Iranian-17,dft,input_shuffled,11,1851085682,False,0.7561,0,12,0.9602,3.1416,12,0.9602,0.5786,0.0015,0.6038,0.7356,0.0044,0.4442
iran_dang1_all36,Iranian-17,dft,input_shuffled,11,1851085682,False,0.7561,1,7,0.6168,2.0719,7,0.3009,0.2635,0.17291,0.5611,0.669,0.1146,0.485
iran_dang1_all36,Iranian-17,dft,input_shuffled,11,1851085682,False,0.7561,2,5,0.6649,1.2072,2,0.636,0.3145,0.1989,0.6027,0.7348,0.0214,0.4619
iran_dang1_all36,Iranian-17,dft,input_shuffled,11,1851085682,False,0.7561,3,5,0.7594,-2.4695,5,0.5963,0.3946,0.002,0.5641,0.6748,0.0049,0.4698
iran_dang1_all36,Iranian-17,dft,input_shuffled,11,1851085682,False,0.7561,4,8,0.7576,0.0078,8,0.7575,0.3905,0.03698,0.6045,0.7435,0.1966,0.4828
iran_dang1_all36,Iranian-17,dft,input_shuffled,11,1851085682,False,0.7561,5,12,0.9724,3.1416,12,0.9724,0.5905,0.0005,0.607,0.7488,0.1164,0.5418
iran_dang1_all36,Iranian-17,dft,input_shuffled,11,1851085682,False,0.7561,6,8,0.894,2.6497,8,0.7765,0.5477,0.001,0.6024,0.7378,0.3677,0.4284
iran_dang1_all36,Iranian-17,dft,input_shuffled,11,1851085682,False,0.7561,7,5,0.6911,1.0602,5,0.3428,0.3186,0.11844,0.6007,0.7386,0.0091,0.4572
iran_dang1_all36,Iranian-17,dft,input_shuffled,11,1851085682,False,0.7561,8,2,0.7003,-1.7716,9,0.4889,0.341,0.08296,0.5966,0.721,0.3273,0.498
iran_dang1_all36,Iranian-17,dft,input_shuffled,11,1851085682,False,0.7561,9,11,0.767,-1.8522,9,0.1819,0.3878,0.01149,0.5949,0.715,0.0227,0.4967
iran_dang1_all36,Iranian-17,dft,input_shuffled,11,1851085682,False,0.7561,10,10,0.5958,2.313,9,0.5019,0.2483,0.45227,0.5949,0.7219,0.0573,0.5003
iran_dang1_all36,Iranian-17,dft,label_shuffled,11,1851085682,False,0.6098,0,6,0.5609,-0.3917,6,0.5422,0.2337,0.70165,0.6073,0.75,0.1188,0.4501
iran_dang1_all36,Iranian-17,dft,label_shuffled,11,1851085682,False,0.6098,1,11,0.8544,-3.0637,11,0.8518,0.4868,0.0025,0.6059,0.7381,0.1037,0.4983
iran_dang1_all36,Iranian-17,dft,label_shuffled,11,1851085682,False,0.6098,2,3,0.6123,1.396,4,0.3752,0.2555,0.42479,0.6054,0.7451,0.0534,0.4932
iran_dang1_all36,Iranian-17,dft,label_shuffled,11,1851085682,False,0.6098,3,10,0.6138,-3.0499,10,0.6115,0.2751,0.3983,0.6024,0.7411,0.063,0.5025
iran_dang1_all36,Iranian-17,dft,label_shuffled,11,1851085682,False,0.6098,4,2,0.6287,-1.8959,7,0.4445,0.2653,0.27936,0.5927,0.7112,0.2254,0.4915
iran_dang1_all36,Iranian-17,dft,label_shuffled,11,1851085682,False,0.6098,5,4,0.5456,0.4898,8,0.4939,0.2128,0.78711,0.6073,0.7473,0.4319,0.4694
iran_dang1_all36,Iranian-17,dft,label_shuffled,11,1851085682,False,0.6098,6,9,0.748,-2.4822,9,0.6007,0.4066,0.02799,0.5954,0.7269,0.1413,0.4388
iran_dang1_all36,Iranian-17,dft,label_shuffled,11,1851085682,False,0.6098,7,11,0.5713,-2.4518,11,0.432,0.2245,0.65417,0.6099,0.7503,0.0393,0.4682
iran_dang1_all36,Iranian-17,dft,label_shuffled,11,1851085682,False,0.6098,8,4,0.8468,-1.6369,9,0.3119,0.5107,0.0005,0.5938,0.7219,0.2403,0.4665
iran_dang1_all36,Iranian-17,dft,label_shuffled,11,1851085682,False,0.6098,9,7,0.5393,-2.0341,11,0.4256,0.2039,0.77661,0.6029,0.7481,0.0617,0.5189
iran_dang1_all36,Iranian-17,dft,label_shuffled,11,1851085682,False,0.6098,10,6,0.5575,1.0243,11,0.4895,0.2144,0.58921,0.5791,0.6976,0.3137,0.4326
iran_dang1_all36,Iranian-17,dft,none,11,55252906,False,0.7114,0,10,0.6466,-2.739,10,0.6004,0.2922,0.22739,0.5948,0.7231,0.2654,0.4245
iran_dang1_all36,Iranian-17,dft,none,11,55252906,False,0.7114,1,9,0.7908,-1.3943,6,0.2012,0.4308,0.01299,0.6029,0.7344,0.0435,0.4775
iran_dang1_all36,Iranian-17,dft,none,11,55252906,False,0.7114,2,11,0.6728,2.947,11,0.6604,0.3149,0.16492,0.5997,0.728,0.0393,0.4681
iran_dang1_all36,Iranian-17,dft,none,11,55252906,False,0.7114,3,7,0.6655,0.2505,7,0.6446,0.3103,0.17641,0.5993,0.7366,0.2951,0.4495
iran_dang1_all36,Iranian-17,dft,none,11,55252906,False,0.7114,4,2,0.81,-2.3898,2,0.6086,0.455,0.0055,0.6015,0.7375,0.2199,0.5087
iran_dang1_all36,Iranian-17,dft,none,11,55252906,False,0.7114,5,9,0.877,-3.1188,9,0.8768,0.5383,0.0005,0.6009,0.7303,0.241,0.4949
iran_dang1_all36,Iranian-17,dft,none,11,55252906,False,0.7114,6,12,0.7373,-0.0,12,0.7373,0.3529,0.05247,0.6014,0.7399,0.1778,0.5
iran_dang1_all36,Iranian-17,dft,none,11,55252906,False,0.7114,7,5,0.7748,-0.6912,7,0.6157,0.4012,0.01699,0.5982,0.7323,0.1273,0.5117
iran_dang1_all36,Iranian-17,dft,none,11,55252906,False,0.7114,8,12,0.8753,-0.0,12,0.8753,0.4859,0.002,0.6092,0.7514,0.1465,0.4924
iran_dang1_all36,Iranian-17,dft,none,11,55252906,False,0.7114,9,5,0.808,0.8521,5,0.5358,0.4558,0.01049,0.6069,0.7452,0.1275,0.4838
iran_dang1_all36,Iranian-17,dft,none,11,55252906,False,0.7114,10,12,0.7647,-0.0,12,0.7647,0.3719,0.02349,0.601,0.7357,0.0584,0.46
iran_dang1_all36,Iranian-17,dft,input_shuffled,11,55252906,False,0.7154,0,5,0.7792,-0.2507,5,0.7547,0.4213,0.01599,0.602,0.7308,0.135,0.4449
iran_dang1_all36,Iranian-17,dft,input_shuffled,11,55252906,False,0.7154,1,9,0.8215,3.0973,9,0.8207,0.4699,0.002,0.5999,0.7285,0.1378,0.4956
iran_dang1_all36,Iranian-17,dft,input_shuffled,11,55252906,False,0.7154,2,5,0.8211,2.1778,5,0.4632,0.4528,0.006,0.6083,0.7542,0.1609,0.4348
iran_dang1_all36,Iranian-17,dft,input_shuffled,11,55252906,False,0.7154,3,5,0.6661,0.5093,5,0.5825,0.3119,0.17691,0.5981,0.7317,0.2032,0.4222
iran_dang1_all36,Iranian-17,dft,input_shuffled,11,55252906,False,0.7154,4,9,0.7918,0.0899,9,0.7886,0.4392,0.006,0.5978,0.7357,0.0991,0.4482
iran_dang1_all36,Iranian-17,dft,input_shuffled,11,55252906,False,0.7154,5,9,0.9221,-1.4832,10,0.2983,0.5954,0.0005,0.607,0.7508,0.0586,0.4491
iran_dang1_all36,Iranian-17,dft,input_shuffled,11,55252906,False,0.7154,6,12,0.9148,-0.0,12,0.9148,0.5284,0.0005,0.6076,0.7523,0.0505,0.4454
iran_dang1_all36,Iranian-17,dft,input_shuffled,11,55252906,False,0.7154,7,10,0.685,-1.175,11,0.301,0.3186,0.13793,0.6032,0.7305,0.2306,0.4868
iran_dang1_all36,Iranian-17,dft,input_shuffled,11,55252906,False,0.7154,8,7,0.8622,-0.7803,7,0.6162,0.4982,0.0015,0.6066,0.7469,0.2974,0.4674
iran_dang1_all36,Iranian-17,dft,input_shuffled,11,55252906,False,0.7154,9,5,0.7597,1.3397,2,0.3543,0.3963,0.02449,0.5988,0.731,0.1712,0.4785
iran_dang1_all36,Iranian-17,dft,input_shuffled,11,55252906,False,0.7154,10,12,0.8051,3.1416,12,0.8051,0.4199,0.009,0.6039,0.7412,0.2159,0.4953
iran_dang1_all36,Iranian-17,dft,label_shuffled,11,55252906,False,0.6179,0,4,0.4698,-2.114,6,0.389,0.1607,0.98151,0.5947,0.7254,0.0175,0.4657
iran_dang1_all36,Iranian-17,dft,label_shuffled,11,55252906,False,0.6179,1,3,0.5024,-0.0903,3,0.5004,0.177,0.91954,0.5951,0.7283,0.1388,0.4785
iran_dang1_all36,Iranian-17,dft,label_shuffled,11,55252906,False,0.6179,2,4,0.6354,2.2328,4,0.3753,0.2818,0.31734,0.6034,0.7449,0.2783,0.485
iran_dang1_all36,Iranian-17,dft,label_shuffled,11,55252906,False,0.6179,3,11,0.6115,-0.4522,11,0.5531,0.2735,0.43878,0.6071,0.7446,0.4105,0.4704
iran_dang1_all36,Iranian-17,dft,label_shuffled,11,55252906,False,0.6179,4,11,0.7587,-1.0536,11,0.4038,0.3917,0.03848,0.6059,0.7466,0.0638,0.4618
iran_dang1_all36,Iranian-17,dft,label_shuffled,11,55252906,False,0.6179,5,8,0.5201,-1.8932,7,0.4507,0.191,0.85157,0.5963,0.7292,0.026,0.4315
iran_dang1_all36,Iranian-17,dft,label_shuffled,11,55252906,False,0.6179,6,4,0.5989,1.229,11,0.4166,0.2568,0.49825,0.6077,0.7416,0.2668,0.4332
iran_dang1_all36,Iranian-17,dft,label_shuffled,11,55252906,False,0.6179,7,4,0.7316,-0.7474,4,0.5208,0.3713,0.06547,0.6037,0.7413,0.0932,0.4897
iran_dang1_all36,Iranian-17,dft,label_shuffled,11,55252906,False,0.6179,8,8,0.6397,-0.8378,8,0.4131,0.2841,0.26087,0.5972,0.7263,0.1129,0.4463
iran_dang1_all36,Iranian-17,dft,label_shuffled,11,55252906,False,0.6179,9,7,0.6026,-2.5438,7,0.4969,0.2508,0.46227,0.6022,0.7332,0.1676,0.4408
iran_dang1_all36,Iranian-17,dft,label_shuffled,11,55252906,False,0.6179,10,9,0.663,2.2882,5,0.5117,0.2998,0.23688,0.6082,0.75,0.0042,0.4823
iran_dang1_all36,Iranian-17,dft,none,11,1553336748,False,0.8618,0,8,0.7598,-0.037,8,0.7592,0.4026,0.03398,0.605,0.7451,0.2376,0.4819
iran_dang1_all36,Iranian-17,dft,none,11,1553336748,False,0.8618,1,4,0.5837,-2.5823,5,0.5048,0.2259,0.57171,0.6051,0.7443,0.0056,0.4932
iran_dang1_all36,Iranian-17,dft,none,11,1553336748,False,0.8618,2,10,0.7812,3.1377,10,0.7812,0.4309,0.02449,0.6068,0.75,0.0389,0.4579
iran_dang1_all36,Iranian-17,dft,none,11,1553336748,False,0.8618,3,5,0.751,-1.4002,3,0.2595,0.3885,0.06047,0.6093,0.7571,0.1252,0.4634
iran_dang1_all36,Iranian-17,dft,none,11,1553336748,False,0.8618,4,9,0.6833,2.954,9,0.6711,0.3227,0.16992,0.6047,0.7492,0.4096,0.4495
iran_dang1_all36,Iranian-17,dft,none,11,1553336748,False,0.8618,5,7,0.856,1.5127,12,0.3661,0.4874,0.001,0.6015,0.735,0.1506,0.4608
iran_dang1_all36,Iranian-17,dft,none,11,1553336748,False,0.8618,6,12,0.9529,-0.0,12,0.9529,0.55,0.0005,0.6004,0.7332,0.0202,0.4772
iran_dang1_all36,Iranian-17,dft,none,11,1553336748,False,0.8618,7,12,0.9905,-0.0,12,0.9905,0.6086,0.0015,0.6063,0.7423,0.1052,0.4575
iran_dang1_all36,Iranian-17,dft,none,11,1553336748,False,0.8618,8,5,0.8132,3.1012,5,0.8125,0.453,0.0045,0.5944,0.7204,0.0545,0.4822
iran_dang1_all36,Iranian-17,dft,none,11,1553336748,False,0.8618,9,5,0.7658,-1.9536,7,0.3857,0.4057,0.02799,0.6011,0.7401,0.0383,0.4974
iran_dang1_all36,Iranian-17,dft,none,11,1553336748,False,0.8618,10,3,0.9061,2.6048,3,0.7854,0.5992,0.0015,0.6094,0.7508,0.1539,0.4683
iran_dang1_all36,Iranian-17,dft,input_shuffled,11,1553336748,False,0.7805,0,3,0.6598,1.0924,2,0.5101,0.298,0.17191,0.5943,0.7196,0.0881,0.4418
iran_dang1_all36,Iranian-17,dft,input_shuffled,11,1553336748,False,0.7805,1,5,0.6407,-2.5907,5,0.547,0.2912,0.25137,0.5946,0.7247,0.0153,0.5158
iran_dang1_all36,Iranian-17,dft,input_shuffled,11,1553336748,False,0.7805,2,3,0.9314,2.9006,3,0.9053,0.61,0.0005,0.6052,0.7411,0.213,0.4832
iran_dang1_all36,Iranian-17,dft,input_shuffled,11,1553336748,False,0.7805,3,7,0.8681,1.632,12,0.3355,0.5225,0.0005,0.601,0.7332,0.1372,0.4423
iran_dang1_all36,Iranian-17,dft,input_shuffled,11,1553336748,False,0.7805,4,12,0.9659,3.1416,12,0.9659,0.5852,0.0005,0.6068,0.7381,0.1321,0.5363
iran_dang1_all36,Iranian-17,dft,input_shuffled,11,1553336748,False,0.7805,5,10,0.6558,-2.651,10,0.5862,0.3038,0.23888,0.6052,0.7445,0.0149,0.486
iran_dang1_all36,Iranian-17,dft,input_shuffled,11,1553336748,False,0.7805,6,5,0.7708,1.538,2,0.5562,0.4097,0.0095,0.5951,0.7215,0.0581,0.4525
iran_dang1_all36,Iranian-17,dft,input_shuffled,11,1553336748,False,0.7805,7,12,0.9188,3.1416,12,0.9188,0.5311,0.0005,0.6089,0.7464,0.1611,0.4653
iran_dang1_all36,Iranian-17,dft,input_shuffled,11,1553336748,False,0.7805,8,4,0.6975,1.2619,11,0.3675,0.3427,0.10695,0.6021,0.7415,0.2591,0.5083
iran_dang1_all36,Iranian-17,dft,input_shuffled,11,1553336748,False,0.7805,9,7,0.8732,2.3386,7,0.6101,0.5026,0.002,0.6126,0.7624,0.0121,0.4913
iran_dang1_all36,Iranian-17,dft,input_shuffled,11,1553336748,False,0.7805,10,2,0.5793,-1.4086,5,0.513,0.2273,0.58471,0.6003,0.7326,0.3051,0.4809
iran_dang1_all36,Iranian-17,dft,label_shuffled,11,1553336748,False,0.6057,0,2,0.6023,2.7627,2,0.5641,0.2497,0.50275,0.6111,0.7546,0.1631,0.4236
iran_dang1_all36,Iranian-17,dft,label_shuffled,11,1553336748,False,0.6057,1,11,0.5725,2.4769,11,0.4585,0.2216,0.66467,0.6133,0.7595,0.1829,0.5059
iran_dang1_all36,Iranian-17,dft,label_shuffled,11,1553336748,False,0.6057,2,11,0.4895,2.7929,11,0.4613,0.1767,0.95852,0.603,0.7361,0.2058,0.4617
iran_dang1_all36,Iranian-17,dft,label_shuffled,11,1553336748,False,0.6057,3,4,0.5624,1.3539,7,0.4248,0.2101,0.67316,0.6037,0.7398,0.0716,0.4908
iran_dang1_all36,Iranian-17,dft,label_shuffled,11,1553336748,False,0.6057,4,11,0.6081,-2.7195,11,0.5524,0.2489,0.46377,0.61,0.7528,0.0014,0.4891
iran_dang1_all36,Iranian-17,dft,label_shuffled,11,1553336748,False,0.6057,5,4,0.5217,-2.7432,4,0.4761,0.1908,0.85957,0.6015,0.7347,0.16,0.4953
iran_dang1_all36,Iranian-17,dft,label_shuffled,11,1553336748,False,0.6057,6,11,0.5405,1.7954,8,0.4412,0.2121,0.75012,0.5926,0.7208,0.1612,0.5091
iran_dang1_all36,Iranian-17,dft,label_shuffled,11,1553336748,False,0.6057,7,2,0.6221,-0.6764,2,0.4967,0.2738,0.29635,0.5923,0.7152,0.2171,0.4713
iran_dang1_all36,Iranian-17,dft,label_shuffled,11,1553336748,False,0.6057,8,10,0.5845,0.5897,5,0.5539,0.2398,0.55672,0.6022,0.7365,0.2765,0.4738
iran_dang1_all36,Iranian-17,dft,label_shuffled,11,1553336748,False,0.6057,9,8,0.6055,-1.3765,1,0.4408,0.2428,0.3963,0.5933,0.7182,0.1651,0.451
iran_dang1_all36,Iranian-17,dft,label_shuffled,11,1553336748,False,0.6057,10,2,0.5037,2.0195,9,0.4121,0.1819,0.94103,0.6091,0.7516,0.216,0.4326
iran_dang1_all36,Iranian-17,dft,none,11,1783971906,False,0.7602,0,5,0.8179,-2.1363,7,0.5403,0.4612,0.01349,0.6089,0.7608,0.2799,0.4555
iran_dang1_all36,Iranian-17,dft,none,11,1783971906,False,0.7602,1,2,0.6344,-1.7665,10,0.3818,0.2781,0.30935,0.6036,0.744,0.2172,0.4933
iran_dang1_all36,Iranian-17,dft,none,11,1783971906,False,0.7602,2,9,0.9676,-1.5389,10,0.2842,0.6632,0.0005,0.6109,0.7593,0.0704,0.4993
iran_dang1_all36,Iranian-17,dft,none,11,1783971906,False,0.7602,3,12,0.9347,-0.0,12,0.9347,0.5467,0.0005,0.6075,0.7474,0.1093,0.4703
iran_dang1_all36,Iranian-17,dft,none,11,1783971906,False,0.7602,4,5,0.6403,-0.3506,5,0.601,0.2875,0.31234,0.6073,0.7476,0.1712,0.4676
iran_dang1_all36,Iranian-17,dft,none,11,1783971906,False,0.7602,5,3,0.9651,0.045,3,0.9641,0.6548,0.0005,0.6084,0.7527,0.1171,0.4995
iran_dang1_all36,Iranian-17,dft,none,11,1783971906,False,0.7602,6,12,0.906,-0.0,12,0.906,0.5181,0.0005,0.6066,0.7468,0.0942,0.488
iran_dang1_all36,Iranian-17,dft,none,11,1783971906,False,0.7602,7,7,0.7666,-0.7699,12,0.6738,0.385,0.02699,0.6025,0.738,0.2641,0.4761
iran_dang1_all36,Iranian-17,dft,none,11,1783971906,False,0.7602,8,9,0.7681,-1.7239,4,0.3553,0.409,0.03248,0.609,0.7479,0.0303,0.5076
iran_dang1_all36,Iranian-17,dft,none,11,1783971906,False,0.7602,9,7,0.6437,-0.6377,7,0.5187,0.274,0.28736,0.6064,0.7392,0.2576,0.4561
iran_dang1_all36,Iranian-17,dft,none,11,1783971906,False,0.7602,10,5,0.7987,1.5123,10,0.375,0.4387,0.01249,0.6036,0.7366,0.1708,0.4659
iran_dang1_all36,Iranian-17,dft,input_shuffled,11,1783971906,False,0.8089,0,10,0.5606,3.1398,10,0.5606,0.2201,0.69515,0.605,0.7426,0.2461,0.4476
iran_dang1_all36,Iranian-17,dft,input_shuffled,11,1783971906,False,0.8089,1,7,0.7729,-0.5233,7,0.6705,0.4134,0.01999,0.601,0.7407,0.057,0.4921
iran_dang1_all36,Iranian-17,dft,input_shuffled,11,1783971906,False,0.8089,2,10,0.8732,2.6382,10,0.7755,0.5319,0.0005,0.6101,0.75,0.2178,0.4498
iran_dang1_all36,Iranian-17,dft,input_shuffled,11,1783971906,False,0.8089,3,12,0.9911,-0.0,12,0.9911,0.6106,0.0005,0.6107,0.7513,0.0997,0.4581
iran_dang1_all36,Iranian-17,dft,input_shuffled,11,1783971906,False,0.8089,4,2,0.7878,-0.71,2,0.6129,0.4426,0.01349,0.6004,0.7341,0.1373,0.4865
iran_dang1_all36,Iranian-17,dft,input_shuffled,11,1783971906,False,0.8089,5,5,0.8868,0.9984,5,0.4862,0.5322,0.002,0.6099,0.7568,0.0061,0.4773
iran_dang1_all36,Iranian-17,dft,input_shuffled,11,1783971906,False,0.8089,6,7,0.7391,-0.918,7,0.4531,0.374,0.02699,0.5934,0.7163,0.26,0.4911
iran_dang1_all36,Iranian-17,dft,input_shuffled,11,1783971906,False,0.8089,7,7,0.6363,-2.777,7,0.5941,0.2769,0.29085,0.6021,0.7324,0.0104,0.5197
iran_dang1_all36,Iranian-17,dft,input_shuffled,11,1783971906,False,0.8089,8,5,0.753,2.8995,5,0.7309,0.3677,0.04548,0.6084,0.7491,0.1326,0.4794
iran_dang1_all36,Iranian-17,dft,input_shuffled,11,1783971906,False,0.8089,9,3,0.9081,1.4245,10,0.2357,0.5785,0.0005,0.6049,0.7431,0.1218,0.5014
iran_dang1_all36,Iranian-17,dft,input_shuffled,11,1783971906,False,0.8089,10,3,0.9483,-3.0494,3,0.9442,0.632,0.0005,0.6033,0.7357,0.0918,0.447
iran_dang1_all36,Iranian-17,dft,label_shuffled,11,1783971906,False,0.622,0,5,0.6991,2.1715,2,0.4532,0.3344,0.09595,0.6008,0.7284,0.0122,0.4661
iran_dang1_all36,Iranian-17,dft,label_shuffled,11,1783971906,False,0.622,1,8,0.5485,-1.7045,5,0.3852,0.2091,0.73663,0.6009,0.7316,0.1364,0.4733
iran_dang1_all36,Iranian-17,dft,label_shuffled,11,1783971906,False,0.622,2,5,0.5251,1.5634,7,0.4601,0.1795,0.7981,0.5823,0.7048,0.0689,0.4939
iran_dang1_all36,Iranian-17,dft,label_shuffled,11,1783971906,False,0.622,3,4,0.642,0.9641,11,0.4377,0.2888,0.18741,0.5854,0.7075,0.1693,0.4777
iran_dang1_all36,Iranian-17,dft,label_shuffled,11,1783971906,False,0.622,4,4,0.6916,-0.3276,4,0.6504,0.3293,0.15892,0.6114,0.754,0.3407,0.4903
iran_dang1_all36,Iranian-17,dft,label_shuffled,11,1783971906,False,0.622,5,6,0.5246,0.2707,6,0.5164,0.205,0.84808,0.5989,0.7237,0.4576,0.4623
iran_dang1_all36,Iranian-17,dft,label_shuffled,11,1783971906,False,0.622,6,2,0.6955,3.0467,2,0.6928,0.3391,0.12144,0.6015,0.7305,0.0875,0.4829
iran_dang1_all36,Iranian-17,dft,label_shuffled,11,1783971906,False,0.622,7,2,0.6656,1.3703,1,0.3678,0.2898,0.09095,0.5788,0.686,0.4858,0.479
iran_dang1_all36,Iranian-17,dft,label_shuffled,11,1783971906,False,0.622,8,3,0.5836,-1.8323,10,0.3817,0.2279,0.51024,0.5929,0.7179,0.1106,0.4944
iran_dang1_all36,Iranian-17,dft,label_shuffled,11,1783971906,False,0.622,9,8,0.603,1.4424,7,0.3748,0.2605,0.42979,0.5952,0.7133,0.2582,0.442
iran_dang1_all36,Iranian-17,dft,label_shuffled,11,1783971906,False,0.622,10,2,0.5366,0.818,2,0.379,0.2002,0.82059,0.6074,0.7473,0.3107,0.4707
iran_dang1_all36,Iranian-17,dft,none,11,39339682,False,0.6829,0,5,0.8767,1.3491,12,0.243,0.5175,0.0005,0.5889,0.7153,0.1988,0.5185
iran_dang1_all36,Iranian-17,dft,none,11,39339682,False,0.6829,1,5,0.7253,1.4673,12,0.6716,0.3444,0.08746,0.6103,0.7518,0.019,0.4954
iran_dang1_all36,Iranian-17,dft,none,11,39339682,False,0.6829,2,5,0.7891,0.5644,5,0.6681,0.4273,0.01699,0.6067,0.7457,0.01,0.4878
iran_dang1_all36,Iranian-17,dft,none,11,39339682,False,0.6829,3,6,0.5371,2.0285,10,0.4251,0.1981,0.72064,0.5792,0.6955,0.0334,0.4753
iran_dang1_all36,Iranian-17,dft,none,11,39339682,False,0.6829,4,9,0.9482,3.0104,9,0.9399,0.6338,0.0005,0.6092,0.7461,0.1807,0.4757
iran_dang1_all36,Iranian-17,dft,none,11,39339682,False,0.6829,5,5,0.743,-0.7723,5,0.5293,0.3753,0.04348,0.6052,0.7362,0.0441,0.474
iran_dang1_all36,Iranian-17,dft,none,11,39339682,False,0.6829,6,12,0.7873,-0.0,12,0.7873,0.3938,0.009,0.6003,0.7355,0.1526,0.4806
iran_dang1_all36,Iranian-17,dft,none,11,39339682,False,0.6829,7,2,0.6623,-3.1255,2,0.6622,0.3127,0.23488,0.6104,0.7637,0.0514,0.4413
iran_dang1_all36,Iranian-17,dft,none,11,39339682,False,0.6829,8,2,0.7153,-1.7556,3,0.4425,0.3417,0.07546,0.6034,0.7314,0.3829,0.5104
iran_dang1_all36,Iranian-17,dft,none,11,39339682,False,0.6829,9,12,0.9132,-0.0,12,0.9132,0.5246,0.001,0.6111,0.7545,0.0153,0.5455
iran_dang1_all36,Iranian-17,dft,none,11,39339682,False,0.6829,10,5,0.9215,0.7802,12,0.6911,0.5537,0.0005,0.61,0.7493,0.0257,0.4714
iran_dang1_all36,Iranian-17,dft,input_shuffled,11,39339682,False,0.6748,0,8,0.7258,-2.0991,9,0.522,0.3669,0.07096,0.6021,0.7409,0.2081,0.4402
iran_dang1_all36,Iranian-17,dft,input_shuffled,11,39339682,False,0.6748,1,5,0.7177,-2.4088,5,0.5359,0.3489,0.02949,0.5801,0.703,0.3473,0.4611
iran_dang1_all36,Iranian-17,dft,input_shuffled,11,39339682,False,0.6748,2,12,0.8635,-0.0,12,0.8635,0.4733,0.0015,0.601,0.7393,0.0715,0.4962
iran_dang1_all36,Iranian-17,dft,input_shuffled,11,39339682,False,0.6748,3,5,0.8809,-0.3358,5,0.8314,0.5303,0.0005,0.6121,0.7588,0.0164,0.4637
iran_dang1_all36,Iranian-17,dft,input_shuffled,11,39339682,False,0.6748,4,9,0.8396,-0.1893,9,0.8244,0.4938,0.0005,0.6024,0.7368,0.0957,0.4462
iran_dang1_all36,Iranian-17,dft,input_shuffled,11,39339682,False,0.6748,5,7,0.8188,-0.7638,7,0.5943,0.4521,0.0005,0.5802,0.6926,0.2768,0.4888
iran_dang1_all36,Iranian-17,dft,input_shuffled,11,39339682,False,0.6748,6,12,0.8267,3.1416,12,0.8267,0.437,0.01249,0.6066,0.7443,0.2384,0.4721
iran_dang1_all36,Iranian-17,dft,input_shuffled,11,39339682,False,0.6748,7,5,0.6901,0.9504,7,0.5934,0.3227,0.15342,0.6091,0.7513,0.3741,0.4992
iran_dang1_all36,Iranian-17,dft,input_shuffled,11,39339682,False,0.6748,8,5,0.8566,-1.1674,7,0.3335,0.4941,0.0005,0.5994,0.726,0.0939,0.4561
iran_dang1_all36,Iranian-17,dft,input_shuffled,11,39339682,False,0.6748,9,12,0.7417,-0.0,12,0.7417,0.3559,0.03748,0.5959,0.7316,0.0619,0.4651
iran_dang1_all36,Iranian-17,dft,input_shuffled,11,39339682,False,0.6748,10,7,0.7253,-1.8666,2,0.5486,0.3652,0.08146,0.606,0.7474,0.015,0.4431
iran_dang1_all36,Iranian-17,dft,label_shuffled,11,39339682,False,0.5813,0,4,0.525,0.5088,8,0.4613,0.1902,0.86807,0.6086,0.7581,0.0666,0.5011
iran_dang1_all36,Iranian-17,dft,label_shuffled,11,39339682,False,0.5813,1,1,0.5161,-2.4417,1,0.4028,0.1885,0.90155,0.6087,0.7518,0.2235,0.4665
iran_dang1_all36,Iranian-17,dft,label_shuffled,11,39339682,False,0.5813,2,2,0.5649,1.6914,4,0.4932,0.2302,0.5997,0.5861,0.7012,0.3561,0.4624
iran_dang1_all36,Iranian-17,dft,label_shuffled,11,39339682,False,0.5813,3,10,0.6738,1.9329,3,0.5047,0.3159,0.1904,0.6064,0.7487,0.2421,0.5171
iran_dang1_all36,Iranian-17,dft,label_shuffled,11,39339682,False,0.5813,4,7,0.6386,1.9371,5,0.363,0.2854,0.31034,0.6065,0.7448,0.1248,0.4718
iran_dang1_all36,Iranian-17,dft,label_shuffled,11,39339682,False,0.5813,5,9,0.7322,0.1475,9,0.7244,0.3732,0.07346,0.6076,0.752,0.1448,0.4162
iran_dang1_all36,Iranian-17,dft,label_shuffled,11,39339682,False,0.5813,6,11,0.7223,0.8123,11,0.4804,0.3584,0.07546,0.6055,0.7434,0.0147,0.4824
iran_dang1_all36,Iranian-17,dft,label_shuffled,11,39339682,False,0.5813,7,6,0.5938,1.4564,7,0.3476,0.2262,0.46327,0.5938,0.7181,0.0259,0.4928
iran_dang1_all36,Iranian-17,dft,label_shuffled,11,39339682,False,0.5813,8,3,0.561,0.0444,3,0.5605,0.2249,0.67416,0.6006,0.7361,0.2284,0.5076
iran_dang1_all36,Iranian-17,dft,label_shuffled,11,39339682,False,0.5813,9,12,0.6351,-0.0,12,0.6351,0.2673,0.30285,0.602,0.7348,0.0998,0.4319
iran_dang1_all36,Iranian-17,dft,label_shuffled,11,39339682,False,0.5813,10,8,0.5767,1.0754,4,0.4499,0.228,0.6077,0.6058,0.7391,0.1016,0.5123
iran_dang2_zaed16,Iranian-17,dft,none,12,1798467828,False,0.9106,0,7,0.5793,-0.5357,7,0.499,0.2339,0.58871,0.6029,0.7367,0.2083,0.5308
iran_dang2_zaed16,Iranian-17,dft,none,12,1798467828,False,0.9106,1,10,0.7452,-3.0176,10,0.7402,0.3954,0.01549,0.5862,0.7012,0.1524,0.5196
iran_dang2_zaed16,Iranian-17,dft,none,12,1798467828,False,0.9106,2,12,0.9454,-0.0,12,0.9454,0.5519,0.001,0.5942,0.7274,0.0413,0.4517
iran_dang2_zaed16,Iranian-17,dft,none,12,1798467828,False,0.9106,3,2,0.7042,-1.9986,5,0.3927,0.3321,0.11294,0.6033,0.7418,0.1128,0.4444
iran_dang2_zaed16,Iranian-17,dft,none,12,1798467828,False,0.9106,4,5,0.8709,-2.0577,12,0.4943,0.5055,0.001,0.6102,0.7505,0.077,0.4203
iran_dang2_zaed16,Iranian-17,dft,none,12,1798467828,False,0.9106,5,5,0.8025,0.679,12,0.7916,0.4136,0.01049,0.5994,0.7328,0.1697,0.5283
iran_dang2_zaed16,Iranian-17,dft,none,12,1798467828,False,0.9106,6,3,0.8237,1.2875,10,0.2371,0.4764,0.0055,0.6023,0.7408,0.0646,0.4779
iran_dang2_zaed16,Iranian-17,dft,none,12,1798467828,False,0.9106,7,12,0.6263,3.1416,12,0.6263,0.2575,0.14193,0.5634,0.6655,0.0725,0.4516
iran_dang2_zaed16,Iranian-17,dft,none,12,1798467828,False,0.9106,8,8,0.6339,-1.4907,2,0.4671,0.299,0.32584,0.6063,0.7462,0.3495,0.5281
iran_dang2_zaed16,Iranian-17,dft,none,12,1798467828,False,0.9106,9,2,0.7297,-2.1117,12,0.6409,0.3544,0.06297,0.6016,0.7411,0.2647,0.4842
iran_dang2_zaed16,Iranian-17,dft,none,12,1798467828,False,0.9106,10,3,0.8973,-2.974,3,0.8845,0.5656,0.0005,0.6027,0.7347,0.0373,0.4827
iran_dang2_zaed16,Iranian-17,dft,none,12,1798467828,False,0.9106,11,10,0.6158,1.1791,7,0.4096,0.2567,0.35982,0.5948,0.7211,0.0173,0.5486
iran_dang2_zaed16,Iranian-17,dft,input_shuffled,12,1798467828,False,0.9512,0,7,0.7067,-1.3682,1,0.249,0.3369,0.09445,0.6017,0.7371,0.1583,0.4799
iran_dang2_zaed16,Iranian-17,dft,input_shuffled,12,1798467828,False,0.9512,1,10,0.7211,3.0605,10,0.719,0.3672,0.06997,0.6068,0.7359,0.0967,0.4736
iran_dang2_zaed16,Iranian-17,dft,input_shuffled,12,1798467828,False,0.9512,2,5,0.7065,0.4521,5,0.6362,0.3328,0.08946,0.6003,0.7301,0.2389,0.5203
iran_dang2_zaed16,Iranian-17,dft,input_shuffled,12,1798467828,False,0.9512,3,4,0.615,1.2961,10,0.3355,0.2677,0.37881,0.598,0.7277,0.0073,0.4613
iran_dang2_zaed16,Iranian-17,dft,input_shuffled,12,1798467828,False,0.9512,4,12,0.8262,-0.0,12,0.8262,0.4404,0.01,0.614,0.7632,0.2168,0.46
iran_dang2_zaed16,Iranian-17,dft,input_shuffled,12,1798467828,False,0.9512,5,10,0.6437,-0.9964,12,0.5178,0.2882,0.21189,0.5903,0.7192,0.0407,0.4765
iran_dang2_zaed16,Iranian-17,dft,input_shuffled,12,1798467828,False,0.9512,6,3,0.9601,0.0229,3,0.9598,0.6371,0.0005,0.6054,0.7484,0.0116,0.4668
iran_dang2_zaed16,Iranian-17,dft,input_shuffled,12,1798467828,False,0.9512,7,12,0.9737,-0.0,12,0.9737,0.5888,0.0005,0.6077,0.7461,0.0698,0.5087
iran_dang2_zaed16,Iranian-17,dft,input_shuffled,12,1798467828,False,0.9512,8,7,0.809,-0.2137,7,0.7907,0.4455,0.01099,0.6062,0.7445,0.1648,0.4594
iran_dang2_zaed16,Iranian-17,dft,input_shuffled,12,1798467828,False,0.9512,9,12,0.8401,-0.0,12,0.8401,0.4616,0.0035,0.6076,0.7463,0.0897,0.5005
iran_dang2_zaed16,Iranian-17,dft,input_shuffled,12,1798467828,False,0.9512,10,2,0.7789,2.5329,2,0.6517,0.4294,0.01849,0.605,0.7424,0.1479,0.5085
iran_dang2_zaed16,Iranian-17,dft,input_shuffled,12,1798467828,False,0.9512,11,4,0.5988,-0.8301,5,0.4415,0.2579,0.45427,0.5998,0.7348,0.1262,0.4966
iran_dang2_zaed16,Iranian-17,dft,label_shuffled,12,1798467828,False,0.8171,0,6,0.5869,2.9353,6,0.5817,0.263,0.50675,0.5957,0.7236,0.2726,0.4796
iran_dang2_zaed16,Iranian-17,dft,label_shuffled,12,1798467828,False,0.8171,1,3,0.7105,0.7627,3,0.5005,0.3514,0.09745,0.6066,0.7432,0.0466,0.4352
iran_dang2_zaed16,Iranian-17,dft,label_shuffled,12,1798467828,False,0.8171,2,11,0.7992,-1.0963,11,0.3974,0.448,0.02199,0.6112,0.7555,0.5053,0.4493
iran_dang2_zaed16,Iranian-17,dft,label_shuffled,12,1798467828,False,0.8171,3,11,0.4716,1.8344,5,0.4377,0.1475,0.98651,0.6034,0.7379,0.1012,0.5382
iran_dang2_zaed16,Iranian-17,dft,label_shuffled,12,1798467828,False,0.8171,4,9,0.6361,0.4871,9,0.5658,0.2819,0.28986,0.6005,0.7416,0.5916,0.5142
iran_dang2_zaed16,Iranian-17,dft,label_shuffled,12,1798467828,False,0.8171,5,3,0.4988,-2.9436,3,0.4888,0.1818,0.95302,0.6069,0.7445,0.2161,0.4519
iran_dang2_zaed16,Iranian-17,dft,label_shuffled,12,1798467828,False,0.8171,6,7,0.5854,2.2313,7,0.3623,0.2404,0.52474,0.5967,0.7246,0.0168,0.4629
iran_dang2_zaed16,Iranian-17,dft,label_shuffled,12,1798467828,False,0.8171,7,9,0.5761,-0.6895,9,0.4362,0.2334,0.57871,0.5985,0.7303,0.2441,0.4521
iran_dang2_zaed16,Iranian-17,dft,label_shuffled,12,1798467828,False,0.8171,8,3,0.7244,0.4322,3,0.6549,0.3709,0.08446,0.6117,0.7462,0.0812,0.5254
iran_dang2_zaed16,Iranian-17,dft,label_shuffled,12,1798467828,False,0.8171,9,8,0.4912,0.9615,1,0.3501,0.1726,0.95502,0.6008,0.7344,0.0222,0.4652
iran_dang2_zaed16,Iranian-17,dft,label_shuffled,12,1798467828,False,0.8171,10,8,0.6126,2.0055,12,0.3743,0.263,0.37631,0.5953,0.7263,0.0121,0.5196
iran_dang2_zaed16,Iranian-17,dft,label_shuffled,12,1798467828,False,0.8171,11,2,0.5817,-1.2671,4,0.5313,0.2151,0.6082,0.6114,0.7589,0.3753,0.4944
iran_dang2_zaed16,Iranian-17,dft,none,12,1171966818,False,0.9919,0,9,0.9065,1.6077,10,0.2802,0.5783,0.0005,0.6031,0.7408,0.1406,0.499
iran_dang2_zaed16,Iranian-17,dft,none,12,1171966818,False,0.9919,1,6,0.9328,-2.394,6,0.8017,0.6985,0.0005,0.612,0.7614,0.1321,0.4539
iran_dang2_zaed16,Iranian-17,dft,none,12,1171966818,False,0.9919,2,3,0.6266,-1.6355,5,0.3629,0.2729,0.38181,0.6121,0.7555,0.062,0.5395
iran_dang2_zaed16,Iranian-17,dft,none,12,1171966818,False,0.9919,3,12,0.9385,-0.0,12,0.9385,0.5578,0.0005,0.5959,0.724,0.1109,0.5041
iran_dang2_zaed16,Iranian-17,dft,none,12,1171966818,False,0.9919,4,7,0.5548,2.4012,11,0.5356,0.2056,0.72614,0.6032,0.7404,0.0097,0.4975
iran_dang2_zaed16,Iranian-17,dft,none,12,1171966818,False,0.9919,5,9,0.8835,0.0326,9,0.883,0.5549,0.0015,0.6088,0.7511,0.1775,0.4904
iran_dang2_zaed16,Iranian-17,dft,none,12,1171966818,False,0.9919,6,12,0.8511,-0.0,12,0.8511,0.4592,0.0035,0.6063,0.7448,0.3375,0.4672
iran_dang2_zaed16,Iranian-17,dft,none,12,1171966818,False,0.9919,7,2,0.5918,-2.4486,2,0.4667,0.2532,0.54123,0.6078,0.7491,0.3542,0.4945
iran_dang2_zaed16,Iranian-17,dft,none,12,1171966818,False,0.9919,8,7,0.7261,-0.7123,7,0.5519,0.3489,0.07596,0.6073,0.7445,0.0621,0.5608
iran_dang2_zaed16,Iranian-17,dft,none,12,1171966818,False,0.9919,9,2,0.7299,0.2866,2,0.7034,0.3899,0.06847,0.6048,0.7421,0.022,0.5162
iran_dang2_zaed16,Iranian-17,dft,none,12,1171966818,False,0.9919,10,3,0.651,-0.2983,3,0.6233,0.2959,0.26087,0.6055,0.7458,0.2442,0.473
iran_dang2_zaed16,Iranian-17,dft,none,12,1171966818,False,0.9919,11,3,0.678,1.486,2,0.2225,0.3156,0.18091,0.6066,0.7376,0.0876,0.4353
iran_dang2_zaed16,Iranian-17,dft,input_shuffled,12,1171966818,False,0.9268,0,9,0.8201,3.1149,9,0.8198,0.4908,0.0055,0.6002,0.731,0.0445,0.4238
iran_dang2_zaed16,Iranian-17,dft,input_shuffled,12,1171966818,False,0.9268,1,6,0.5985,2.9981,6,0.5959,0.2749,0.49375,0.605,0.7433,0.1209,0.4889
iran_dang2_zaed16,Iranian-17,dft,input_shuffled,12,1171966818,False,0.9268,2,12,0.9495,-0.0,12,0.9495,0.5605,0.001,0.6017,0.7302,0.0162,0.4759
iran_dang2_zaed16,Iranian-17,dft,input_shuffled,12,1171966818,False,0.9268,3,2,0.5484,2.0924,7,0.4719,0.2102,0.76112,0.6085,0.7532,0.1511,0.4523
iran_dang2_zaed16,Iranian-17,dft,input_shuffled,12,1171966818,False,0.9268,4,2,0.5988,-2.6674,2,0.5394,0.2482,0.49075,0.6069,0.7487,0.0293,0.4961
iran_dang2_zaed16,Iranian-17,dft,input_shuffled,12,1171966818,False,0.9268,5,2,0.8102,-1.5082,3,0.2348,0.44,0.01049,0.6088,0.741,0.1348,0.5336
iran_dang2_zaed16,Iranian-17,dft,input_shuffled,12,1171966818,False,0.9268,6,12,0.5851,-0.0,12,0.5851,0.2328,0.56022,0.6051,0.7502,0.1117,0.5138
iran_dang2_zaed16,Iranian-17,dft,input_shuffled,12,1171966818,False,0.9268,7,3,0.8004,-1.7108,1,0.2043,0.4429,0.001,0.5875,0.7088,0.0144,0.4896
iran_dang2_zaed16,Iranian-17,dft,input_shuffled,12,1171966818,False,0.9268,8,9,0.6927,1.2324,10,0.6158,0.335,0.10795,0.5999,0.7276,0.2266,0.4652
iran_dang2_zaed16,Iranian-17,dft,input_shuffled,12,1171966818,False,0.9268,9,3,0.622,3.0632,3,0.6201,0.2725,0.41179,0.6145,0.7706,0.2018,0.4313
iran_dang2_zaed16,Iranian-17,dft,input_shuffled,12,1171966818,False,0.9268,10,5,0.695,-0.0008,5,0.695,0.3136,0.08246,0.5899,0.7155,0.2715,0.467
iran_dang2_zaed16,Iranian-17,dft,input_shuffled,12,1171966818,False,0.9268,11,7,0.7797,-0.6199,7,0.6363,0.4176,0.02049,0.6017,0.7461,0.055,0.4297
iran_dang2_zaed16,Iranian-17,dft,label_shuffled,12,1171966818,False,0.7561,0,6,0.5716,-1.4481,9,0.3419,0.2093,0.63168,0.6049,0.7453,0.2168,0.4739
iran_dang2_zaed16,Iranian-17,dft,label_shuffled,12,1171966818,False,0.7561,1,3,0.6888,-1.5582,11,0.3486,0.3327,0.12244,0.6006,0.7293,0.1982,0.5232
iran_dang2_zaed16,Iranian-17,dft,label_shuffled,12,1171966818,False,0.7561,2,2,0.6105,2.2504,2,0.3981,0.2669,0.38881,0.596,0.7257,0.4544,0.4835
iran_dang2_zaed16,Iranian-17,dft,label_shuffled,12,1171966818,False,0.7561,3,5,0.8043,1.7821,2,0.3308,0.4396,0.02249,0.614,0.761,0.0294,0.4935
iran_dang2_zaed16,Iranian-17,dft,label_shuffled,12,1171966818,False,0.7561,4,2,0.6794,-1.7344,4,0.4047,0.3134,0.17791,0.6088,0.7526,0.2839,0.497
iran_dang2_zaed16,Iranian-17,dft,label_shuffled,12,1171966818,False,0.7561,5,2,0.696,-0.3289,2,0.6627,0.3498,0.06397,0.587,0.7053,0.1554,0.4347
iran_dang2_zaed16,Iranian-17,dft,label_shuffled,12,1171966818,False,0.7561,6,4,0.5934,-1.1197,9,0.3634,0.2489,0.52524,0.6057,0.7482,0.3779,0.4453
iran_dang2_zaed16,Iranian-17,dft,label_shuffled,12,1171966818,False,0.7561,7,11,0.5273,0.5277,11,0.4517,0.1884,0.83208,0.5955,0.7249,0.2315,0.5023
iran_dang2_zaed16,Iranian-17,dft,label_shuffled,12,1171966818,False,0.7561,8,11,0.7241,1.4592,3,0.3124,0.3546,0.02549,0.5834,0.6966,0.0146,0.4914
iran_dang2_zaed16,Iranian-17,dft,label_shuffled,12,1171966818,False,0.7561,9,2,0.5283,1.7408,11,0.4572,0.1904,0.84708,0.6064,0.7505,0.1127,0.4995
iran_dang2_zaed16,Iranian-17,dft,label_shuffled,12,1171966818,False,0.7561,10,5,0.5495,-2.4637,5,0.4295,0.214,0.75862,0.6083,0.7533,0.252,0.491
iran_dang2_zaed16,Iranian-17,dft,label_shuffled,12,1171966818,False,0.7561,11,5,0.6202,0.2789,5,0.5964,0.2601,0.41029,0.6062,0.7398,0.0329,0.4886
iran_dang2_zaed16,Iranian-17,dft,none,12,1968788409,False,0.939,0,3,0.5374,-1.4787,8,0.4906,0.1934,0.7991,0.6017,0.737,0.0924,0.4658
iran_dang2_zaed16,Iranian-17,dft,none,12,1968788409,False,0.939,1,9,0.9205,-2.9796,9,0.9087,0.5915,0.0005,0.6061,0.743,0.2377,0.4601
iran_dang2_zaed16,Iranian-17,dft,none,12,1968788409,False,0.939,2,2,0.7628,-1.0478,2,0.399,0.3986,0.02949,0.606,0.739,0.1309,0.4834
iran_dang2_zaed16,Iranian-17,dft,none,12,1968788409,False,0.939,3,12,0.876,-0.0,12,0.876,0.4841,0.0025,0.6099,0.7522,0.2254,0.461
iran_dang2_zaed16,Iranian-17,dft,none,12,1968788409,False,0.939,4,10,0.6728,0.0507,10,0.672,0.31,0.12194,0.5925,0.709,0.0276,0.428
iran_dang2_zaed16,Iranian-17,dft,none,12,1968788409,False,0.939,5,12,0.964,-0.0,12,0.964,0.5755,0.0005,0.5963,0.727,0.0143,0.4742
iran_dang2_zaed16,Iranian-17,dft,none,12,1968788409,False,0.939,6,7,0.8239,2.2215,7,0.5037,0.4658,0.009,0.6031,0.7477,0.249,0.4918
iran_dang2_zaed16,Iranian-17,dft,none,12,1968788409,False,0.939,7,5,0.6157,-2.5592,5,0.5154,0.2613,0.28586,0.5854,0.6975,0.017,0.5002
iran_dang2_zaed16,Iranian-17,dft,none,12,1968788409,False,0.939,8,10,0.6375,3.1194,10,0.6373,0.2876,0.27586,0.597,0.7311,0.2113,0.4795
iran_dang2_zaed16,Iranian-17,dft,none,12,1968788409,False,0.939,9,10,0.5788,1.8976,9,0.4467,0.2377,0.57371,0.6006,0.7324,0.1145,0.4611
iran_dang2_zaed16,Iranian-17,dft,none,12,1968788409,False,0.939,10,4,0.6786,-0.3877,4,0.6223,0.318,0.14793,0.6011,0.7292,0.3682,0.5086
iran_dang2_zaed16,Iranian-17,dft,none,12,1968788409,False,0.939,11,7,0.7788,-2.7465,7,0.7183,0.3988,0.003,0.5824,0.6973,0.0751,0.5018
iran_dang2_zaed16,Iranian-17,dft,input_shuffled,12,1968788409,False,0.939,0,7,0.7256,1.4294,8,0.3981,0.3629,0.11544,0.6153,0.7735,0.2445,0.465
iran_dang2_zaed16,Iranian-17,dft,input_shuffled,12,1968788409,False,0.939,1,2,0.8306,2.3262,2,0.588,0.4757,0.01,0.6115,0.7522,0.1255,0.4989
iran_dang2_zaed16,Iranian-17,dft,input_shuffled,12,1968788409,False,0.939,2,3,0.8351,1.7641,12,0.4614,0.4794,0.0025,0.6054,0.7422,0.2283,0.54
iran_dang2_zaed16,Iranian-17,dft,input_shuffled,12,1968788409,False,0.939,3,7,0.6217,2.66,12,0.558,0.2648,0.37581,0.6048,0.7437,0.1088,0.4477
iran_dang2_zaed16,Iranian-17,dft,input_shuffled,12,1968788409,False,0.939,4,7,0.8081,-2.8115,7,0.7642,0.4581,0.01299,0.6075,0.7568,0.1543,0.5623
iran_dang2_zaed16,Iranian-17,dft,input_shuffled,12,1968788409,False,0.939,5,2,0.7858,-1.1784,5,0.3508,0.4182,0.02799,0.6099,0.756,0.1908,0.4319
iran_dang2_zaed16,Iranian-17,dft,input_shuffled,12,1968788409,False,0.939,6,3,0.8814,-2.9021,3,0.8557,0.5445,0.0005,0.6037,0.7307,0.1788,0.4449
iran_dang2_zaed16,Iranian-17,dft,input_shuffled,12,1968788409,False,0.939,7,12,0.9857,3.1416,12,0.9857,0.6054,0.0005,0.6079,0.7421,0.0632,0.4562
iran_dang2_zaed16,Iranian-17,dft,input_shuffled,12,1968788409,False,0.939,8,12,0.9122,3.1416,12,0.9122,0.5248,0.0025,0.6084,0.7573,0.2729,0.5045
iran_dang2_zaed16,Iranian-17,dft,input_shuffled,12,1968788409,False,0.939,9,9,0.786,-0.8723,10,0.5181,0.4266,0.0055,0.5979,0.7221,0.1872,0.4775
iran_dang2_zaed16,Iranian-17,dft,input_shuffled,12,1968788409,False,0.939,10,7,0.8623,-0.9096,7,0.5342,0.4886,0.0035,0.614,0.7659,0.0848,0.4389
iran_dang2_zaed16,Iranian-17,dft,input_shuffled,12,1968788409,False,0.939,11,10,0.4559,-0.8984,6,0.3803,0.1489,0.993,0.5939,0.7121,0.1133,0.4216
iran_dang2_zaed16,Iranian-17,dft,label_shuffled,12,1968788409,False,0.8211,0,7,0.5876,-2.5695,7,0.493,0.2398,0.55222,0.6056,0.7462,0.0102,0.4706
iran_dang2_zaed16,Iranian-17,dft,label_shuffled,12,1968788409,False,0.8211,1,5,0.7139,-3.0441,5,0.7105,0.3623,0.06697,0.5973,0.7243,0.0693,0.5426
iran_dang2_zaed16,Iranian-17,dft,label_shuffled,12,1968788409,False,0.8211,2,4,0.6014,0.1399,4,0.5948,0.2473,0.47876,0.6045,0.7388,0.0916,0.4495
iran_dang2_zaed16,Iranian-17,dft,label_shuffled,12,1968788409,False,0.8211,3,7,0.5328,-2.4427,7,0.4063,0.2056,0.83658,0.6088,0.7409,0.1476,0.467
iran_dang2_zaed16,Iranian-17,dft,label_shuffled,12,1968788409,False,0.8211,4,4,0.5412,2.7676,4,0.4994,0.1994,0.77061,0.5959,0.7227,0.0854,0.4561
iran_dang2_zaed16,Iranian-17,dft,label_shuffled,12,1968788409,False,0.8211,5,4,0.7766,2.5163,4,0.6158,0.4152,0.02299,0.6075,0.744,0.0987,0.4653
iran_dang2_zaed16,Iranian-17,dft,label_shuffled,12,1968788409,False,0.8211,6,8,0.6881,2.5162,8,0.5456,0.3243,0.13943,0.6041,0.7416,0.1524,0.4922
iran_dang2_zaed16,Iranian-17,dft,label_shuffled,12,1968788409,False,0.8211,7,6,0.6291,-1.0626,6,0.4124,0.2743,0.32734,0.6022,0.7404,0.4377,0.4707
iran_dang2_zaed16,Iranian-17,dft,label_shuffled,12,1968788409,False,0.8211,8,8,0.5492,1.3518,1,0.4408,0.213,0.76062,0.6073,0.7489,0.2032,0.4762
iran_dang2_zaed16,Iranian-17,dft,label_shuffled,12,1968788409,False,0.8211,9,4,0.8107,1.8896,7,0.3782,0.4674,0.01299,0.6119,0.7596,0.2303,0.4802
iran_dang2_zaed16,Iranian-17,dft,label_shuffled,12,1968788409,False,0.8211,10,7,0.4952,1.199,4,0.3909,0.1666,0.94403,0.5971,0.7213,0.1322,0.4892
iran_dang2_zaed16,Iranian-17,dft,label_shuffled,12,1968788409,False,0.8211,11,8,0.5229,0.4348,8,0.4687,0.1907,0.7901,0.5749,0.6887,0.3337,0.5059
iran_dang2_zaed16,Iranian-17,dft,none,12,1690558007,False,0.935,0,12,0.7911,-0.0,12,0.7911,0.4015,0.002,0.5844,0.6986,0.024,0.4503
iran_dang2_zaed16,Iranian-17,dft,none,12,1690558007,False,0.935,1,10,0.6583,2.9878,10,0.6514,0.2998,0.23488,0.6063,0.7433,0.0938,0.4607
iran_dang2_zaed16,Iranian-17,dft,none,12,1690558007,False,0.935,2,3,0.8565,-0.2314,3,0.8343,0.5108,0.002,0.6076,0.7478,0.226,0.4665
iran_dang2_zaed16,Iranian-17,dft,none,12,1690558007,False,0.935,3,10,0.6369,-3.1342,10,0.6369,0.2771,0.28336,0.6004,0.7308,0.1994,0.47
iran_dang2_zaed16,Iranian-17,dft,none,12,1690558007,False,0.935,4,10,0.5191,2.4934,10,0.423,0.1809,0.87456,0.598,0.722,0.4473,0.4865
iran_dang2_zaed16,Iranian-17,dft,none,12,1690558007,False,0.935,5,6,0.9788,-0.7661,6,0.8329,0.7792,0.0005,0.615,0.7674,0.2159,0.4653
iran_dang2_zaed16,Iranian-17,dft,none,12,1690558007,False,0.935,6,12,0.9356,-0.0,12,0.9356,0.5553,0.0005,0.6075,0.7515,0.1381,0.469
iran_dang2_zaed16,Iranian-17,dft,none,12,1690558007,False,0.935,7,12,0.7799,3.1416,12,0.7799,0.3903,0.02649,0.608,0.7521,0.0059,0.5016
iran_dang2_zaed16,Iranian-17,dft,none,12,1690558007,False,0.935,8,4,0.6262,-2.6484,4,0.5436,0.2747,0.32034,0.5985,0.738,0.0427,0.4861
iran_dang2_zaed16,Iranian-17,dft,none,12,1690558007,False,0.935,9,9,0.805,-1.4831,3,0.2481,0.4572,0.0065,0.6042,0.7422,0.1175,0.4635
iran_dang2_zaed16,Iranian-17,dft,none,12,1690558007,False,0.935,10,2,0.5772,1.9735,5,0.3949,0.2258,0.5917,0.604,0.7426,0.2887,0.4723
iran_dang2_zaed16,Iranian-17,dft,none,12,1690558007,False,0.935,11,12,0.7607,3.1416,12,0.7607,0.3829,0.02149,0.6008,0.7265,0.0594,0.5126
iran_dang2_zaed16,Iranian-17,dft,input_shuffled,12,1690558007,False,0.9309,0,6,0.5513,-0.4238,6,0.5295,0.232,0.73713,0.6039,0.74,0.2052,0.4659
iran_dang2_zaed16,Iranian-17,dft,input_shuffled,12,1690558007,False,0.9309,1,10,0.6758,-3.1389,10,0.6758,0.3215,0.14043,0.5964,0.7287,0.3627,0.4751
iran_dang2_zaed16,Iranian-17,dft,input_shuffled,12,1690558007,False,0.9309,2,5,0.7665,-1.6202,12,0.4791,0.3817,0.03448,0.6099,0.7495,0.0387,0.4608
iran_dang2_zaed16,Iranian-17,dft,input_shuffled,12,1690558007,False,0.9309,3,10,0.6666,0.0297,10,0.6663,0.3113,0.17191,0.5972,0.7247,0.0756,0.4946
iran_dang2_zaed16,Iranian-17,dft,input_shuffled,12,1690558007,False,0.9309,4,5,0.8186,-2.645,5,0.7207,0.4647,0.0075,0.6095,0.7561,0.0498,0.4959
iran_dang2_zaed16,Iranian-17,dft,input_shuffled,12,1690558007,False,0.9309,5,3,0.6142,0.5765,3,0.5094,0.2545,0.37631,0.5975,0.7251,0.1179,0.4349
iran_dang2_zaed16,Iranian-17,dft,input_shuffled,12,1690558007,False,0.9309,6,12,0.6626,3.1416,12,0.6626,0.2813,0.15842,0.5931,0.7093,0.1458,0.4618
iran_dang2_zaed16,Iranian-17,dft,input_shuffled,12,1690558007,False,0.9309,7,12,0.7406,3.1416,12,0.7406,0.3571,0.01949,0.5933,0.7125,0.0436,0.4568
iran_dang2_zaed16,Iranian-17,dft,input_shuffled,12,1690558007,False,0.9309,8,3,0.9131,1.7149,8,0.2686,0.5803,0.0005,0.6046,0.7364,0.1841,0.5386
iran_dang2_zaed16,Iranian-17,dft,input_shuffled,12,1690558007,False,0.9309,9,12,0.8559,3.1416,12,0.8559,0.4701,0.0015,0.6027,0.7363,0.0199,0.4473
iran_dang2_zaed16,Iranian-17,dft,input_shuffled,12,1690558007,False,0.9309,10,3,0.9547,-0.0786,3,0.9518,0.6298,0.0005,0.6081,0.746,0.0458,0.5076
iran_dang2_zaed16,Iranian-17,dft,input_shuffled,12,1690558007,False,0.9309,11,12,0.766,3.1416,12,0.766,0.3801,0.04198,0.608,0.7538,0.3015,0.4322
iran_dang2_zaed16,Iranian-17,dft,label_shuffled,12,1690558007,False,0.8577,0,6,0.5822,-1.3011,1,0.5105,0.226,0.47976,0.5854,0.705,0.1312,0.4811
iran_dang2_zaed16,Iranian-17,dft,label_shuffled,12,1690558007,False,0.8577,1,8,0.5521,-0.1682,8,0.5433,0.2142,0.71664,0.5981,0.7238,0.2294,0.446
iran_dang2_zaed16,Iranian-17,dft,label_shuffled,12,1690558007,False,0.8577,2,6,0.5929,1.5093,11,0.3117,0.2219,0.45977,0.5919,0.7123,0.407,0.4708
iran_dang2_zaed16,Iranian-17,dft,label_shuffled,12,1690558007,False,0.8577,3,2,0.5588,2.7405,2,0.5191,0.2169,0.73163,0.6125,0.7589,0.2319,0.4355
iran_dang2_zaed16,Iranian-17,dft,label_shuffled,12,1690558007,False,0.8577,4,10,0.5186,1.8147,6,0.4705,0.2003,0.87756,0.5975,0.722,0.2,0.5368
iran_dang2_zaed16,Iranian-17,dft,label_shuffled,12,1690558007,False,0.8577,5,6,0.6949,-1.7824,12,0.4995,0.2994,0.07296,0.5866,0.7109,0.0526,0.4888
iran_dang2_zaed16,Iranian-17,dft,label_shuffled,12,1690558007,False,0.8577,6,6,0.5423,-2.9783,6,0.5393,0.2193,0.76312,0.6,0.7352,0.0057,0.4427
iran_dang2_zaed16,Iranian-17,dft,label_shuffled,12,1690558007,False,0.8577,7,6,0.6615,2.5603,6,0.6095,0.333,0.13743,0.5885,0.7037,0.0123,0.4556
iran_dang2_zaed16,Iranian-17,dft,label_shuffled,12,1690558007,False,0.8577,8,9,0.5521,-3.0211,9,0.5481,0.2207,0.73063,0.6033,0.7411,0.0869,0.4652
iran_dang2_zaed16,Iranian-17,dft,label_shuffled,12,1690558007,False,0.8577,9,6,0.6315,-2.1475,6,0.4495,0.2819,0.27136,0.5941,0.7251,0.2197,0.4598
iran_dang2_zaed16,Iranian-17,dft,label_shuffled,12,1690558007,False,0.8577,10,11,0.6563,-1.6722,2,0.29,0.3037,0.22289,0.6016,0.742,0.2859,0.494
iran_dang2_zaed16,Iranian-17,dft,label_shuffled,12,1690558007,False,0.8577,11,3,0.6528,1.051,1,0.3408,0.2939,0.26987,0.6122,0.7572,0.0183,0.4681
iran_dang2_zaed16,Iranian-17,dft,none,12,310720592,False,0.939,0,2,0.6273,-1.5919,5,0.3739,0.2654,0.17791,0.5729,0.6805,0.2079,0.4837
iran_dang2_zaed16,Iranian-17,dft,none,12,310720592,False,0.939,1,12,0.917,3.1416,12,0.917,0.5382,0.0005,0.6064,0.742,0.1476,0.5045
iran_dang2_zaed16,Iranian-17,dft,none,12,310720592,False,0.939,2,3,0.7764,1.7829,2,0.4865,0.4336,0.01449,0.6011,0.7298,0.1829,0.4395
iran_dang2_zaed16,Iranian-17,dft,none,12,310720592,False,0.939,3,7,0.6837,-0.7123,5,0.5843,0.3307,0.15492,0.6045,0.748,0.1564,0.4635
iran_dang2_zaed16,Iranian-17,dft,none,12,310720592,False,0.939,4,12,0.6702,3.1416,12,0.6702,0.2959,0.18941,0.6025,0.7318,0.032,0.4431
iran_dang2_zaed16,Iranian-17,dft,none,12,310720592,False,0.939,5,12,0.9736,-0.0,12,0.9736,0.5909,0.001,0.6045,0.7408,0.0975,0.4786
iran_dang2_zaed16,Iranian-17,dft,none,12,310720592,False,0.939,6,5,0.7788,-1.7936,4,0.4315,0.4136,0.02449,0.6037,0.7426,0.1056,0.476
iran_dang2_zaed16,Iranian-17,dft,none,12,310720592,False,0.939,7,5,0.5945,2.2706,7,0.3962,0.2413,0.50175,0.6035,0.7437,0.0538,0.473
iran_dang2_zaed16,Iranian-17,dft,none,12,310720592,False,0.939,8,2,0.8298,-0.6588,2,0.6711,0.4964,0.004,0.6019,0.7345,0.0275,0.5021
iran_dang2_zaed16,Iranian-17,dft,none,12,310720592,False,0.939,9,9,0.5739,-1.5931,10,0.4846,0.2346,0.6067,0.6004,0.7349,0.0333,0.4869
iran_dang2_zaed16,Iranian-17,dft,none,12,310720592,False,0.939,10,5,0.6912,-2.2395,11,0.6098,0.3133,0.13893,0.6049,0.7469,0.2383,0.4764
iran_dang2_zaed16,Iranian-17,dft,none,12,310720592,False,0.939,11,10,0.7332,-2.9578,10,0.7222,0.379,0.05047,0.6013,0.7331,0.1162,0.4695
iran_dang2_zaed16,Iranian-17,dft,input_shuffled,12,310720592,False,0.9309,0,2,0.7609,0.9482,2,0.462,0.4043,0.03698,0.6042,0.744,0.3346,0.4108
iran_dang2_zaed16,Iranian-17,dft,input_shuffled,12,310720592,False,0.9309,1,12,0.6978,3.1416,12,0.6978,0.3493,0.13693,0.6087,0.7477,0.0481,0.5155
iran_dang2_zaed16,Iranian-17,dft,input_shuffled,12,310720592,False,0.9309,2,12,0.8508,3.1416,12,0.8508,0.4584,0.004,0.6118,0.7573,0.2585,0.5058
iran_dang2_zaed16,Iranian-17,dft,input_shuffled,12,310720592,False,0.9309,3,10,0.6401,0.0413,10,0.6397,0.2832,0.27386,0.5998,0.7244,0.1989,0.4949
iran_dang2_zaed16,Iranian-17,dft,input_shuffled,12,310720592,False,0.9309,4,6,0.612,-2.438,6,0.5375,0.2762,0.22139,0.566,0.6724,0.108,0.4728
iran_dang2_zaed16,Iranian-17,dft,input_shuffled,12,310720592,False,0.9309,5,5,0.6159,0.6891,5,0.4771,0.2611,0.30985,0.5877,0.7111,0.0464,0.5193
iran_dang2_zaed16,Iranian-17,dft,input_shuffled,12,310720592,False,0.9309,6,12,0.872,3.1416,12,0.872,0.4844,0.002,0.6032,0.7399,0.0208,0.4693
iran_dang2_zaed16,Iranian-17,dft,input_shuffled,12,310720592,False,0.9309,7,7,0.8409,-0.5942,7,0.6984,0.4848,0.002,0.6013,0.7382,0.0999,0.451
iran_dang2_zaed16,Iranian-17,dft,input_shuffled,12,310720592,False,0.9309,8,6,0.7997,3.1386,6,0.7997,0.5521,0.01799,0.6072,0.7574,0.1235,0.4821
iran_dang2_zaed16,Iranian-17,dft,input_shuffled,12,310720592,False,0.9309,9,12,0.6276,3.1416,12,0.6276,0.2649,0.27586,0.5897,0.7091,0.0154,0.4383
iran_dang2_zaed16,Iranian-17,dft,input_shuffled,12,310720592,False,0.9309,10,7,0.7324,2.0066,12,0.6289,0.3617,0.06647,0.608,0.7511,0.1788,0.4607
iran_dang2_zaed16,Iranian-17,dft,input_shuffled,12,310720592,False,0.9309,11,7,0.6886,2.1088,12,0.4729,0.3228,0.14443,0.606,0.7468,0.1164,0.4849
iran_dang2_zaed16,Iranian-17,dft,label_shuffled,12,310720592,False,0.748,0,4,0.606,0.921,9,0.4048,0.2525,0.45127,0.6042,0.7442,0.1739,0.4942
iran_dang2_zaed16,Iranian-17,dft,label_shuffled,12,310720592,False,0.748,1,10,0.5628,1.7784,6,0.4147,0.2274,0.62619,0.5897,0.7104,0.4424,0.482
iran_dang2_zaed16,Iranian-17,dft,label_shuffled,12,310720592,False,0.748,2,8,0.4689,-0.1798,8,0.4603,0.1466,0.98801,0.6107,0.7596,0.1204,0.4909
iran_dang2_zaed16,Iranian-17,dft,label_shuffled,12,310720592,False,0.748,3,11,0.6189,-2.8457,11,0.5912,0.2669,0.35332,0.5944,0.7129,0.3706,0.4235
iran_dang2_zaed16,Iranian-17,dft,label_shuffled,12,310720592,False,0.748,4,5,0.5486,-2.5019,4,0.4595,0.2124,0.76362,0.6092,0.7494,0.2184,0.4908
iran_dang2_zaed16,Iranian-17,dft,label_shuffled,12,310720592,False,0.748,5,5,0.5742,2.8125,5,0.5432,0.2291,0.63368,0.6115,0.7593,0.1469,0.4807
iran_dang2_zaed16,Iranian-17,dft,label_shuffled,12,310720592,False,0.748,6,5,0.8713,0.8035,5,0.6084,0.5114,0.001,0.6078,0.75,0.2399,0.4857
iran_dang2_zaed16,Iranian-17,dft,label_shuffled,12,310720592,False,0.748,7,12,0.5391,-0.0,12,0.5391,0.1951,0.8086,0.6067,0.7522,0.2915,0.4681
iran_dang2_zaed16,Iranian-17,dft,label_shuffled,12,310720592,False,0.748,8,12,0.5723,-0.0,12,0.5723,0.2145,0.63568,0.6019,0.7257,0.0297,0.4573
iran_dang2_zaed16,Iranian-17,dft,label_shuffled,12,310720592,False,0.748,9,6,0.6888,-0.6355,6,0.6226,0.3631,0.11044,0.5984,0.7233,0.0458,0.4902
iran_dang2_zaed16,Iranian-17,dft,label_shuffled,12,310720592,False,0.748,10,1,0.5808,2.7641,1,0.5383,0.2361,0.52774,0.5927,0.7165,0.1099,0.4676
iran_dang2_zaed16,Iranian-17,dft,label_shuffled,12,310720592,False,0.748,11,4,0.6489,0.938,4,0.3681,0.2998,0.30385,0.6131,0.7622,0.3446,0.4681
iran_dang2_zaed16,Iranian-17,dft,none,12,454676010,False,0.9309,0,9,0.6124,2.7731,10,0.6021,0.261,0.41879,0.6051,0.7445,0.0811,0.4819
iran_dang2_zaed16,Iranian-17,dft,none,12,454676010,False,0.9309,1,9,0.9266,-2.8218,9,0.8813,0.6039,0.0005,0.6069,0.753,0.4268,0.4967
iran_dang2_zaed16,Iranian-17,dft,none,12,454676010,False,0.9309,2,3,0.9209,-1.4104,8,0.2092,0.5834,0.0005,0.607,0.7405,0.2245,0.4872
iran_dang2_zaed16,Iranian-17,dft,none,12,454676010,False,0.9309,3,12,0.838,3.1416,12,0.838,0.4499,0.004,0.6014,0.7335,0.0275,0.4633
iran_dang2_zaed16,Iranian-17,dft,none,12,454676010,False,0.9309,4,7,0.7584,-0.7163,7,0.5744,0.3803,0.02499,0.6003,0.7318,0.0925,0.4768
iran_dang2_zaed16,Iranian-17,dft,none,12,454676010,False,0.9309,5,3,0.6565,2.1567,3,0.3837,0.3139,0.13393,0.585,0.7031,0.0227,0.4897
iran_dang2_zaed16,Iranian-17,dft,none,12,454676010,False,0.9309,6,12,0.9449,-0.0,12,0.9449,0.5593,0.0015,0.602,0.7389,0.0118,0.559
iran_dang2_zaed16,Iranian-17,dft,none,12,454676010,False,0.9309,7,10,0.6274,-0.5178,10,0.5532,0.2733,0.31634,0.5989,0.7312,0.0789,0.4571
iran_dang2_zaed16,Iranian-17,dft,none,12,454676010,False,0.9309,8,6,0.5532,1.0087,1,0.3904,0.217,0.72214,0.6029,0.7356,0.3565,0.4583
iran_dang2_zaed16,Iranian-17,dft,none,12,454676010,False,0.9309,9,4,0.68,-1.9135,11,0.4391,0.3167,0.12194,0.5952,0.7154,0.1834,0.533
iran_dang2_zaed16,Iranian-17,dft,none,12,454676010,False,0.9309,10,11,0.6275,0.5339,11,0.5354,0.2684,0.35832,0.6064,0.7415,0.0953,0.4472
iran_dang2_zaed16,Iranian-17,dft,none,12,454676010,False,0.9309,11,5,0.821,1.1462,12,0.7183,0.4377,0.0035,0.6019,0.7368,0.1349,0.5217
iran_dang2_zaed16,Iranian-17,dft,input_shuffled,12,454676010,False,0.9431,0,2,0.8583,-0.0998,2,0.8545,0.526,0.0005,0.5997,0.7273,0.047,0.47
iran_dang2_zaed16,Iranian-17,dft,input_shuffled,12,454676010,False,0.9431,1,7,0.7218,-2.711,7,0.6553,0.3502,0.05947,0.5993,0.7311,0.1841,0.4495
iran_dang2_zaed16,Iranian-17,dft,input_shuffled,12,454676010,False,0.9431,2,3,0.9563,2.9995,3,0.9468,0.633,0.0005,0.6073,0.7448,0.0878,0.4912
iran_dang2_zaed16,Iranian-17,dft,input_shuffled,12,454676010,False,0.9431,3,5,0.7717,0.9709,5,0.4405,0.4023,0.03598,0.6095,0.7545,0.0246,0.4617
iran_dang2_zaed16,Iranian-17,dft,input_shuffled,12,454676010,False,0.9431,4,10,0.6286,-1.0669,9,0.5763,0.2672,0.31434,0.5966,0.7145,0.0274,0.4565
iran_dang2_zaed16,Iranian-17,dft,input_shuffled,12,454676010,False,0.9431,5,5,0.6565,-2.4919,5,0.5244,0.2921,0.24888,0.6085,0.7522,0.0521,0.4978
iran_dang2_zaed16,Iranian-17,dft,input_shuffled,12,454676010,False,0.9431,6,3,0.586,-0.2326,3,0.5706,0.2333,0.53873,0.6024,0.7389,0.0575,0.5035
iran_dang2_zaed16,Iranian-17,dft,input_shuffled,12,454676010,False,0.9431,7,2,0.598,-1.4077,8,0.4075,0.244,0.51774,0.6141,0.7619,0.4371,0.4945
iran_dang2_zaed16,Iranian-17,dft,input_shuffled,12,454676010,False,0.9431,8,5,0.6038,-2.4945,5,0.4832,0.2465,0.46727,0.606,0.7428,0.012,0.4617
iran_dang2_zaed16,Iranian-17,dft,input_shuffled,12,454676010,False,0.9431,9,9,0.916,-1.7746,4,0.2333,0.5963,0.0005,0.6036,0.7329,0.0462,0.5019
iran_dang2_zaed16,Iranian-17,dft,input_shuffled,12,454676010,False,0.9431,10,12,0.9855,-0.0,12,0.9855,0.6068,0.0005,0.6075,0.741,0.05,0.4627
iran_dang2_zaed16,Iranian-17,dft,input_shuffled,12,454676010,False,0.9431,11,12,0.8916,-0.0,12,0.8916,0.507,0.0015,0.6079,0.7529,0.1542,0.5375
iran_dang2_zaed16,Iranian-17,dft,label_shuffled,12,454676010,False,0.8089,0,2,0.6388,-0.4327,2,0.586,0.2924,0.26037,0.597,0.7273,0.1863,0.517
iran_dang2_zaed16,Iranian-17,dft,label_shuffled,12,454676010,False,0.8089,1,10,0.5067,1.4144,2,0.4088,0.1821,0.91104,0.6022,0.7411,0.2736,0.4738
iran_dang2_zaed16,Iranian-17,dft,label_shuffled,12,454676010,False,0.8089,2,5,0.7658,-0.6865,5,0.5901,0.4298,0.03298,0.6054,0.7453,0.3035,0.4818
iran_dang2_zaed16,Iranian-17,dft,label_shuffled,12,454676010,False,0.8089,3,4,0.6013,-2.7727,4,0.556,0.2478,0.44728,0.5999,0.7382,0.0518,0.5141
iran_dang2_zaed16,Iranian-17,dft,label_shuffled,12,454676010,False,0.8089,4,8,0.6631,-0.5465,8,0.5566,0.3062,0.21889,0.6063,0.7494,0.1189,0.4494
iran_dang2_zaed16,Iranian-17,dft,label_shuffled,12,454676010,False,0.8089,5,7,0.5465,1.4256,10,0.4673,0.2098,0.75512,0.6035,0.7395,0.1275,0.478
iran_dang2_zaed16,Iranian-17,dft,label_shuffled,12,454676010,False,0.8089,6,6,0.6167,-0.5525,6,0.5734,0.2851,0.33333,0.5921,0.7176,0.2948,0.4755
iran_dang2_zaed16,Iranian-17,dft,label_shuffled,12,454676010,False,0.8089,7,11,0.5965,1.7786,12,0.3154,0.2526,0.50475,0.6082,0.7554,0.0894,0.4578
iran_dang2_zaed16,Iranian-17,dft,label_shuffled,12,454676010,False,0.8089,8,4,0.6348,0.8507,4,0.4037,0.2787,0.35282,0.6128,0.7634,0.0002,0.5078
iran_dang2_zaed16,Iranian-17,dft,label_shuffled,12,454676010,False,0.8089,9,3,0.5429,2.7577,3,0.505,0.2059,0.77961,0.6002,0.7299,0.0107,0.5451
iran_dang2_zaed16,Iranian-17,dft,label_shuffled,12,454676010,False,0.8089,10,4,0.7138,2.1738,4,0.3877,0.3569,0.08346,0.6023,0.7349,0.0563,0.49
iran_dang2_zaed16,Iranian-17,dft,label_shuffled,12,454676010,False,0.8089,11,9,0.5882,2.9488,9,0.577,0.2408,0.52974,0.6011,0.7384,0.071,0.4663
iran_dang2_zaed16,Iranian-17,dft,none,12,2043495664,False,0.9065,0,12,0.9704,-0.0,12,0.9704,0.5894,0.0005,0.6087,0.748,0.0266,0.4767
iran_dang2_zaed16,Iranian-17,dft,none,12,2043495664,False,0.9065,1,3,0.9235,-1.6549,10,0.2803,0.6028,0.0005,0.6081,0.746,0.2595,0.47
iran_dang2_zaed16,Iranian-17,dft,none,12,2043495664,False,0.9065,2,6,0.55,-0.3817,6,0.5326,0.2269,0.73963,0.6001,0.7283,0.2911,0.4593
iran_dang2_zaed16,Iranian-17,dft,none,12,2043495664,False,0.9065,3,12,0.9396,3.1416,12,0.9396,0.5578,0.0005,0.6093,0.75,0.083,0.4611
iran_dang2_zaed16,Iranian-17,dft,none,12,2043495664,False,0.9065,4,7,0.591,-1.7464,6,0.3621,0.2449,0.52524,0.6034,0.7371,0.0916,0.5148
iran_dang2_zaed16,Iranian-17,dft,none,12,2043495664,False,0.9065,5,3,0.5214,1.8166,12,0.477,0.1904,0.87306,0.6045,0.7458,0.114,0.4587
iran_dang2_zaed16,Iranian-17,dft,none,12,2043495664,False,0.9065,6,9,0.6989,1.0823,7,0.4026,0.3432,0.10495,0.6009,0.7309,0.2417,0.5061
iran_dang2_zaed16,Iranian-17,dft,none,12,2043495664,False,0.9065,7,3,0.8102,2.6131,3,0.7055,0.4561,0.0025,0.5951,0.7219,0.0211,0.5318
iran_dang2_zaed16,Iranian-17,dft,none,12,2043495664,False,0.9065,8,9,0.9608,-0.1083,9,0.9552,0.6489,0.0005,0.6076,0.7512,0.1775,0.4729
iran_dang2_zaed16,Iranian-17,dft,none,12,2043495664,False,0.9065,9,7,0.8221,-0.5178,7,0.7155,0.4497,0.0085,0.6062,0.7518,0.1327,0.4476
iran_dang2_zaed16,Iranian-17,dft,none,12,2043495664,False,0.9065,10,12,0.707,3.1416,12,0.707,0.3258,0.09645,0.6021,0.7417,0.1403,0.4991
iran_dang2_zaed16,Iranian-17,dft,none,12,2043495664,False,0.9065,11,2,0.7809,-2.1102,3,0.4698,0.4208,0.03248,0.6104,0.7607,0.2542,0.5093
iran_dang2_zaed16,Iranian-17,dft,input_shuffled,12,2043495664,False,0.9268,0,12,0.9763,-0.0,12,0.9763,0.5925,0.0015,0.607,0.7372,0.1734,0.4642
iran_dang2_zaed16,Iranian-17,dft,input_shuffled,12,2043495664,False,0.9268,1,7,0.7125,2.6104,5,0.6529,0.3428,0.07396,0.6006,0.7284,0.1577,0.4618
iran_dang2_zaed16,Iranian-17,dft,input_shuffled,12,2043495664,False,0.9268,2,9,0.6664,1.4795,8,0.5418,0.308,0.18291,0.6038,0.7349,0.0148,0.4534
iran_dang2_zaed16,Iranian-17,dft,input_shuffled,12,2043495664,False,0.9268,3,12,0.8898,3.1416,12,0.8898,0.5032,0.001,0.6083,0.7537,0.0776,0.4985
iran_dang2_zaed16,Iranian-17,dft,input_shuffled,12,2043495664,False,0.9268,4,12,0.5742,-0.0,12,0.5742,0.2207,0.6017,0.6019,0.7356,0.1187,0.5073
iran_dang2_zaed16,Iranian-17,dft,input_shuffled,12,2043495664,False,0.9268,5,2,0.8426,1.9908,2,0.3618,0.498,0.008,0.6099,0.7574,0.1089,0.4422
iran_dang2_zaed16,Iranian-17,dft,input_shuffled,12,2043495664,False,0.9268,6,5,0.7142,-1.24,8,0.3266,0.3424,0.06697,0.5988,0.7269,0.3261,0.489
iran_dang2_zaed16,Iranian-17,dft,input_shuffled,12,2043495664,False,0.9268,7,5,0.699,-2.4529,5,0.5416,0.3313,0.04248,0.5839,0.6929,0.2144,0.4766
iran_dang2_zaed16,Iranian-17,dft,input_shuffled,12,2043495664,False,0.9268,8,9,0.9514,0.1755,9,0.9371,0.631,0.0005,0.6158,0.7624,0.3051,0.4435
iran_dang2_zaed16,Iranian-17,dft,input_shuffled,12,2043495664,False,0.9268,9,5,0.5723,-2.1102,12,0.4318,0.2262,0.63518,0.6044,0.7438,0.0897,0.4933
iran_dang2_zaed16,Iranian-17,dft,input_shuffled,12,2043495664,False,0.9268,10,2,0.6725,-2.8009,2,0.6381,0.3245,0.21389,0.6119,0.7606,0.3184,0.4714
iran_dang2_zaed16,Iranian-17,dft,input_shuffled,12,2043495664,False,0.9268,11,3,0.8136,1.5655,11,0.1669,0.465,0.0035,0.6017,0.73,0.1895,0.5058
iran_dang2_zaed16,Iranian-17,dft,label_shuffled,12,2043495664,False,0.6179,0,1,0.5338,-0.9746,12,0.4829,0.1896,0.82309,0.6083,0.7528,0.0828,0.4774
iran_dang2_zaed16,Iranian-17,dft,label_shuffled,12,2043495664,False,0.6179,1,10,0.712,-2.3393,10,0.5106,0.3503,0.09195,0.604,0.7427,0.0745,0.4893
iran_dang2_zaed16,Iranian-17,dft,label_shuffled,12,2043495664,False,0.6179,2,5,0.5408,-2.3095,3,0.4596,0.2045,0.76512,0.5991,0.7372,0.296,0.4522
iran_dang2_zaed16,Iranian-17,dft,label_shuffled,12,2043495664,False,0.6179,3,11,0.6164,2.9378,4,0.6045,0.2601,0.43628,0.6111,0.7498,0.3367,0.5362
iran_dang2_zaed16,Iranian-17,dft,label_shuffled,12,2043495664,False,0.6179,4,6,0.6682,1.9902,6,0.3812,0.2994,0.2079,0.605,0.7455,0.1673,0.4739
iran_dang2_zaed16,Iranian-17,dft,label_shuffled,12,2043495664,False,0.6179,5,6,0.5671,-2.3287,6,0.4694,0.2309,0.67116,0.6079,0.7468,0.2801,0.4255
iran_dang2_zaed16,Iranian-17,dft,label_shuffled,12,2043495664,False,0.6179,6,1,0.5929,0.2704,1,0.5721,0.2391,0.45777,0.5933,0.7229,0.0224,0.483
iran_dang2_zaed16,Iranian-17,dft,label_shuffled,12,2043495664,False,0.6179,7,1,0.527,0.4377,1,0.4797,0.1907,0.73763,0.5687,0.6762,0.3617,0.4474
iran_dang2_zaed16,Iranian-17,dft,label_shuffled,12,2043495664,False,0.6179,8,4,0.7459,-2.5018,4,0.5847,0.3952,0.03698,0.6002,0.7334,0.0973,0.4684
iran_dang2_zaed16,Iranian-17,dft,label_shuffled,12,2043495664,False,0.6179,9,3,0.4935,-2.8837,3,0.4767,0.1847,0.94253,0.5883,0.7092,0.2366,0.4782
iran_dang2_zaed16,Iranian-17,dft,label_shuffled,12,2043495664,False,0.6179,10,4,0.6383,0.524,4,0.5437,0.2844,0.23038,0.589,0.7214,0.3723,0.4951
iran_dang2_zaed16,Iranian-17,dft,label_shuffled,12,2043495664,False,0.6179,11,4,0.4902,1.0536,9,0.4006,0.1738,0.95502,0.5984,0.7303,0.2616,0.4858
iran_dang2_zaed16,Iranian-17,dft,none,12,613891612,False,0.8821,0,5,0.7141,-2.1428,7,0.5236,0.3485,0.03448,0.5841,0.6971,0.0074,0.4271
iran_dang2_zaed16,Iranian-17,dft,none,12,613891612,False,0.8821,1,9,0.6411,-1.2834,10,0.5571,0.2838,0.29185,0.603,0.7323,0.0332,0.4316
iran_dang2_zaed16,Iranian-17,dft,none,12,613891612,False,0.8821,2,3,0.9461,1.6285,10,0.2538,0.6387,0.0005,0.6082,0.7538,0.2463,0.473
iran_dang2_zaed16,Iranian-17,dft,none,12,613891612,False,0.8821,3,9,0.5916,3.1391,9,0.5916,0.2484,0.53923,0.6074,0.7481,0.2788,0.4817
iran_dang2_zaed16,Iranian-17,dft,none,12,613891612,False,0.8821,4,5,0.8313,0.3785,5,0.773,0.4667,0.0015,0.5957,0.7184,0.1902,0.4877
iran_dang2_zaed16,Iranian-17,dft,none,12,613891612,False,0.8821,5,12,0.7706,-0.0,12,0.7706,0.374,0.02499,0.6026,0.7423,0.2854,0.4496
iran_dang2_zaed16,Iranian-17,dft,none,12,613891612,False,0.8821,6,12,0.8883,3.1416,12,0.8883,0.5009,0.0005,0.5878,0.71,0.2844,0.4584
iran_dang2_zaed16,Iranian-17,dft,none,12,613891612,False,0.8821,7,12,0.6212,-0.0,12,0.6212,0.2577,0.33833,0.5945,0.708,0.1236,0.4994
iran_dang2_zaed16,Iranian-17,dft,none,12,613891612,False,0.8821,8,5,0.499,-2.822,5,0.4739,0.1734,0.94253,0.6045,0.7387,0.2443,0.4486
iran_dang2_zaed16,Iranian-17,dft,none,12,613891612,False,0.8821,9,12,0.5761,3.1416,12,0.5761,0.2302,0.61119,0.607,0.75,0.0985,0.4905
iran_dang2_zaed16,Iranian-17,dft,none,12,613891612,False,0.8821,10,10,0.7295,-0.1492,10,0.7223,0.3777,0.04748,0.5926,0.7276,0.0379,0.4515
iran_dang2_zaed16,Iranian-17,dft,none,12,613891612,False,0.8821,11,7,0.913,-2.0932,7,0.4489,0.5536,0.001,0.6097,0.7505,0.0196,0.4658
iran_dang2_zaed16,Iranian-17,dft,input_shuffled,12,613891612,False,0.9268,0,2,0.5977,1.9373,12,0.5238,0.2481,0.49125,0.6042,0.7415,0.0757,0.4806
iran_dang2_zaed16,Iranian-17,dft,input_shuffled,12,613891612,False,0.9268,1,7,0.7958,0.0153,7,0.7957,0.4308,0.01,0.603,0.7352,0.1525,0.4954
iran_dang2_zaed16,Iranian-17,dft,input_shuffled,12,613891612,False,0.9268,2,3,0.9426,1.6519,10,0.2074,0.6356,0.0005,0.6088,0.7495,0.241,0.4819
iran_dang2_zaed16,Iranian-17,dft,input_shuffled,12,613891612,False,0.9268,3,5,0.7418,-2.1503,7,0.4169,0.3926,0.01999,0.5931,0.7101,0.1317,0.4694
iran_dang2_zaed16,Iranian-17,dft,input_shuffled,12,613891612,False,0.9268,4,2,0.7081,-1.0287,5,0.4345,0.3452,0.10795,0.6065,0.745,0.2637,0.4992
iran_dang2_zaed16,Iranian-17,dft,input_shuffled,12,613891612,False,0.9268,5,1,0.4964,-2.6461,4,0.4747,0.1754,0.93703,0.5987,0.7284,0.3589,0.4792
iran_dang2_zaed16,Iranian-17,dft,input_shuffled,12,613891612,False,0.9268,6,12,0.9466,3.1416,12,0.9466,0.5638,0.001,0.5959,0.7297,0.0884,0.4699
iran_dang2_zaed16,Iranian-17,dft,input_shuffled,12,613891612,False,0.9268,7,10,0.8226,-3.1334,10,0.8226,0.4838,0.0085,0.608,0.7554,0.0378,0.4804
iran_dang2_zaed16,Iranian-17,dft,input_shuffled,12,613891612,False,0.9268,8,9,0.8695,-0.1481,9,0.8599,0.5172,0.0005,0.6018,0.7305,0.2152,0.5146
iran_dang2_zaed16,Iranian-17,dft,input_shuffled,12,613891612,False,0.9268,9,7,0.6959,-1.3507,12,0.4337,0.3256,0.15242,0.6115,0.759,0.1182,0.4613
iran_dang2_zaed16,Iranian-17,dft,input_shuffled,12,613891612,False,0.9268,10,6,0.6484,0.9172,6,0.497,0.301,0.26137,0.6035,0.7421,0.1283,0.4785
iran_dang2_zaed16,Iranian-17,dft,input_shuffled,12,613891612,False,0.9268,11,5,0.7731,-2.3589,12,0.7697,0.3875,0.02999,0.6061,0.7543,0.1705,0.4926
iran_dang2_zaed16,Iranian-17,dft,label_shuffled,12,613891612,False,0.8252,0,2,0.5567,2.667,2,0.5014,0.2216,0.71264,0.6038,0.7397,0.2812,0.4897
iran_dang2_zaed16,Iranian-17,dft,label_shuffled,12,613891612,False,0.8252,1,11,0.5059,-1.7917,12,0.4309,0.1746,0.91504,0.5964,0.7222,0.2106,0.4426
iran_dang2_zaed16,Iranian-17,dft,label_shuffled,12,613891612,False,0.8252,2,2,0.5673,3.0187,2,0.5635,0.2334,0.65067,0.6029,0.737,0.4055,0.475
iran_dang2_zaed16,Iranian-17,dft,label_shuffled,12,613891612,False,0.8252,3,3,0.529,1.7161,12,0.5156,0.1867,0.84008,0.6,0.7372,0.0557,0.4982
iran_dang2_zaed16,Iranian-17,dft,label_shuffled,12,613891612,False,0.8252,4,10,0.5229,1.1701,7,0.4998,0.1866,0.82159,0.5862,0.709,0.2273,0.4742
iran_dang2_zaed16,Iranian-17,dft,label_shuffled,12,613891612,False,0.8252,5,9,0.7098,3.1021,9,0.7093,0.3554,0.09845,0.6032,0.7396,0.0656,0.46
iran_dang2_zaed16,Iranian-17,dft,label_shuffled,12,613891612,False,0.8252,6,8,0.6189,-1.346,4,0.3306,0.2695,0.30835,0.5906,0.7143,0.4636,0.4616
iran_dang2_zaed16,Iranian-17,dft,label_shuffled,12,613891612,False,0.8252,7,7,0.7252,-0.8221,7,0.4968,0.3367,0.08146,0.6077,0.7506,0.0044,0.5148
iran_dang2_zaed16,Iranian-17,dft,label_shuffled,12,613891612,False,0.8252,8,4,0.6367,1.4292,3,0.3864,0.276,0.31084,0.604,0.7418,0.082,0.4965
iran_dang2_zaed16,Iranian-17,dft,label_shuffled,12,613891612,False,0.8252,9,8,0.6837,-2.0913,11,0.3959,0.3432,0.14193,0.6024,0.7364,0.33,0.4883
iran_dang2_zaed16,Iranian-17,dft,label_shuffled,12,613891612,False,0.8252,10,8,0.4693,0.6188,5,0.452,0.1468,0.98701,0.6035,0.7414,0.386,0.4906
iran_dang2_zaed16,Iranian-17,dft,label_shuffled,12,613891612,False,0.8252,11,6,0.5197,2.7693,6,0.5041,0.2041,0.87406,0.6046,0.7451,0.1672,0.5318
iran_dang2_zaed16,Iranian-17,dft,none,12,1275003303,False,0.9187,0,7,0.7799,-0.6297,5,0.6483,0.4114,0.02849,0.6079,0.749,0.1215,0.4461
iran_dang2_zaed16,Iranian-17,dft,none,12,1275003303,False,0.9187,1,12,0.944,-0.0,12,0.944,0.5502,0.0015,0.6004,0.7376,0.2296,0.4933
iran_dang2_zaed16,Iranian-17,dft,none,12,1275003303,False,0.9187,2,7,0.685,0.7158,7,0.5148,0.3259,0.15392,0.6086,0.7523,0.0729,0.4417
iran_dang2_zaed16,Iranian-17,dft,none,12,1275003303,False,0.9187,3,9,0.8653,-1.5011,10,0.4808,0.5279,0.0005,0.608,0.7498,0.0918,0.4978
iran_dang2_zaed16,Iranian-17,dft,none,12,1275003303,False,0.9187,4,5,0.587,0.7058,5,0.4485,0.2465,0.44728,0.5852,0.7043,0.2824,0.5001
iran_dang2_zaed16,Iranian-17,dft,none,12,1275003303,False,0.9187,5,12,0.5688,-0.0,12,0.5688,0.2175,0.6047,0.5924,0.7181,0.1382,0.4818
iran_dang2_zaed16,Iranian-17,dft,none,12,1275003303,False,0.9187,6,3,0.6161,-2.7879,3,0.5766,0.2625,0.42279,0.607,0.7511,0.0418,0.4551
iran_dang2_zaed16,Iranian-17,dft,none,12,1275003303,False,0.9187,7,8,0.6831,-0.7117,8,0.5032,0.3274,0.15842,0.6067,0.7432,0.0308,0.5052
iran_dang2_zaed16,Iranian-17,dft,none,12,1275003303,False,0.9187,8,7,0.6035,-1.4486,11,0.5057,0.2474,0.45127,0.6037,0.7462,0.0857,0.5058
iran_dang2_zaed16,Iranian-17,dft,none,12,1275003303,False,0.9187,9,12,0.8429,3.1416,12,0.8429,0.4544,0.0035,0.6075,0.7421,0.2194,0.5059
iran_dang2_zaed16,Iranian-17,dft,none,12,1275003303,False,0.9187,10,3,0.9586,3.0292,3,0.9527,0.6337,0.0005,0.6075,0.7547,0.1472,0.491
iran_dang2_zaed16,Iranian-17,dft,none,12,1275003303,False,0.9187,11,2,0.6479,1.0339,2,0.3468,0.287,0.25137,0.6022,0.7369,0.0266,0.4555
iran_dang2_zaed16,Iranian-17,dft,input_shuffled,12,1275003303,False,0.9146,0,9,0.9377,-1.3188,1,0.2157,0.6118,0.0005,0.6078,0.7509,0.1785,0.5284
iran_dang2_zaed16,Iranian-17,dft,input_shuffled,12,1275003303,False,0.9146,1,12,0.8319,-0.0,12,0.8319,0.445,0.005,0.6053,0.7446,0.0024,0.4836
iran_dang2_zaed16,Iranian-17,dft,input_shuffled,12,1275003303,False,0.9146,2,3,0.6454,1.9799,2,0.6005,0.3003,0.27586,0.6085,0.7508,0.0512,0.5269
iran_dang2_zaed16,Iranian-17,dft,input_shuffled,12,1275003303,False,0.9146,3,6,0.6215,2.8166,6,0.6075,0.303,0.37181,0.6051,0.7528,0.1004,0.4415
iran_dang2_zaed16,Iranian-17,dft,input_shuffled,12,1275003303,False,0.9146,4,7,0.6995,2.8656,7,0.6732,0.3248,0.10595,0.6021,0.7339,0.0215,0.4731
iran_dang2_zaed16,Iranian-17,dft,input_shuffled,12,1275003303,False,0.9146,5,10,0.6874,-1.8803,7,0.5455,0.3212,0.07496,0.5862,0.699,0.0503,0.4692
iran_dang2_zaed16,Iranian-17,dft,input_shuffled,12,1275003303,False,0.9146,6,9,0.942,0.3378,9,0.8908,0.6164,0.0005,0.6023,0.7402,0.1892,0.4678
iran_dang2_zaed16,Iranian-17,dft,input_shuffled,12,1275003303,False,0.9146,7,5,0.6094,0.8627,5,0.3993,0.2546,0.4023,0.5977,0.7304,0.1589,0.4463
iran_dang2_zaed16,Iranian-17,dft,input_shuffled,12,1275003303,False,0.9146,8,12,0.8759,-0.0,12,0.8759,0.4864,0.0005,0.6012,0.7372,0.1432,0.4826
iran_dang2_zaed16,Iranian-17,dft,input_shuffled,12,1275003303,False,0.9146,9,9,0.6612,-1.2851,10,0.5142,0.2946,0.2044,0.5983,0.7218,0.0528,0.4946
iran_dang2_zaed16,Iranian-17,dft,input_shuffled,12,1275003303,False,0.9146,10,2,0.6373,0.2017,2,0.6259,0.2828,0.29485,0.6029,0.7413,0.0421,0.4648
iran_dang2_zaed16,Iranian-17,dft,input_shuffled,12,1275003303,False,0.9146,11,12,0.9638,3.1416,12,0.9638,0.5658,0.001,0.604,0.7398,0.1268,0.441
iran_dang2_zaed16,Iranian-17,dft,label_shuffled,12,1275003303,False,0.7398,0,8,0.5242,2.1955,9,0.4483,0.1896,0.85857,0.6018,0.7247,0.1369,0.4614
iran_dang2_zaed16,Iranian-17,dft,label_shuffled,12,1275003303,False,0.7398,1,2,0.6218,1.8009,11,0.4349,0.2678,0.28936,0.5893,0.7187,0.1707,0.4699
iran_dang2_zaed16,Iranian-17,dft,label_shuffled,12,1275003303,False,0.7398,2,6,0.6937,1.1077,11,0.4673,0.3298,0.15542,0.6123,0.7555,0.1954,0.4169
iran_dang2_zaed16,Iranian-17,dft,label_shuffled,12,1275003303,False,0.7398,3,8,0.6213,3.0535,8,0.6186,0.2708,0.28936,0.5885,0.7092,0.1482,0.4528
iran_dang2_zaed16,Iranian-17,dft,label_shuffled,12,1275003303,False,0.7398,4,11,0.5719,2.672,11,0.5132,0.2275,0.62419,0.6068,0.7507,0.1317,0.4604
iran_dang2_zaed16,Iranian-17,dft,label_shuffled,12,1275003303,False,0.7398,5,7,0.5963,1.4606,12,0.3142,0.2443,0.49975,0.6058,0.7448,0.1644,0.4853
iran_dang2_zaed16,Iranian-17,dft,label_shuffled,12,1275003303,False,0.7398,6,4,0.622,-0.6648,4,0.4776,0.2641,0.33933,0.5971,0.7273,0.0395,0.4606
iran_dang2_zaed16,Iranian-17,dft,label_shuffled,12,1275003303,False,0.7398,7,3,0.7514,-2.7648,3,0.6967,0.3926,0.03548,0.6032,0.7356,0.0617,0.4391
iran_dang2_zaed16,Iranian-17,dft,label_shuffled,12,1275003303,False,0.7398,8,5,0.6778,-2.094,12,0.5743,0.3111,0.16492,0.6013,0.7416,0.3242,0.517
iran_dang2_zaed16,Iranian-17,dft,label_shuffled,12,1275003303,False,0.7398,9,7,0.6133,-0.4692,7,0.5476,0.2621,0.34733,0.589,0.7104,0.1215,0.4868
iran_dang2_zaed16,Iranian-17,dft,label_shuffled,12,1275003303,False,0.7398,10,11,0.5335,-1.7547,9,0.4274,0.1891,0.83408,0.6091,0.7476,0.1856,0.4474
iran_dang2_zaed16,Iranian-17,dft,label_shuffled,12,1275003303,False,0.7398,11,3,0.6198,0.6513,3,0.4852,0.2629,0.4038,0.6076,0.7504,0.4343,0.4596
iran_dang2_zaed16,Iranian-17,dft,none,12,1362957469,False,0.9024,0,12,0.8328,3.1416,12,0.8328,0.4332,0.0025,0.5917,0.7151,0.129,0.4691
iran_dang2_zaed16,Iranian-17,dft,none,12,1362957469,False,0.9024,1,2,0.5863,0.8814,2,0.3867,0.2434,0.52774,0.5978,0.7291,0.4287,0.4834
iran_dang2_zaed16,Iranian-17,dft,none,12,1362957469,False,0.9024,2,4,0.6067,-0.7627,7,0.4716,0.2511,0.48126,0.6101,0.7501,0.1081,0.425
iran_dang2_zaed16,Iranian-17,dft,none,12,1362957469,False,0.9024,3,9,0.863,-3.0937,9,0.862,0.5106,0.0005,0.6051,0.7399,0.176,0.5106
iran_dang2_zaed16,Iranian-17,dft,none,12,1362957469,False,0.9024,4,6,0.6947,2.8719,6,0.684,0.381,0.15492,0.6143,0.7625,0.0728,0.4243
iran_dang2_zaed16,Iranian-17,dft,none,12,1362957469,False,0.9024,5,10,0.6802,0.308,10,0.6517,0.3284,0.12644,0.5958,0.7244,0.1005,0.4733
iran_dang2_zaed16,Iranian-17,dft,none,12,1362957469,False,0.9024,6,10,0.5864,2.0407,12,0.5262,0.2327,0.54323,0.6014,0.7295,0.1089,0.4738
iran_dang2_zaed16,Iranian-17,dft,none,12,1362957469,False,0.9024,7,5,0.6459,-2.6806,5,0.5791,0.279,0.18041,0.5846,0.703,0.1695,0.4576
iran_dang2_zaed16,Iranian-17,dft,none,12,1362957469,False,0.9024,8,5,0.8761,0.7019,5,0.6716,0.5227,0.0005,0.6096,0.7517,0.2927,0.4651
iran_dang2_zaed16,Iranian-17,dft,none,12,1362957469,False,0.9024,9,5,0.512,-2.0792,12,0.5008,0.1749,0.88006,0.5863,0.7004,0.3009,0.4944
iran_dang2_zaed16,Iranian-17,dft,none,12,1362957469,False,0.9024,10,2,0.915,-0.6356,2,0.7521,0.5899,0.0005,0.6114,0.767,0.2047,0.4332
iran_dang2_zaed16,Iranian-17,dft,none,12,1362957469,False,0.9024,11,12,0.4671,-0.0,12,0.4671,0.1417,0.96402,0.5606,0.6585,0.1871,0.4302
iran_dang2_zaed16,Iranian-17,dft,input_shuffled,12,1362957469,False,0.9431,0,2,0.877,-0.4927,2,0.783,0.5472,0.001,0.6088,0.7474,0.1203,0.4904
iran_dang2_zaed16,Iranian-17,dft,input_shuffled,12,1362957469,False,0.9431,1,10,0.6358,3.0688,10,0.6344,0.2871,0.32684,0.6049,0.7351,0.3831,0.5405
iran_dang2_zaed16,Iranian-17,dft,input_shuffled,12,1362957469,False,0.9431,2,12,0.685,-0.0,12,0.685,0.3074,0.12994,0.5969,0.7255,0.1962,0.4942
iran_dang2_zaed16,Iranian-17,dft,input_shuffled,12,1362957469,False,0.9431,3,12,0.6961,-0.0,12,0.6961,0.3161,0.11294,0.6047,0.7326,0.0198,0.4833
iran_dang2_zaed16,Iranian-17,dft,input_shuffled,12,1362957469,False,0.9431,4,12,0.9475,-0.0,12,0.9475,0.5612,0.001,0.6051,0.735,0.1645,0.4772
iran_dang2_zaed16,Iranian-17,dft,input_shuffled,12,1362957469,False,0.9431,5,12,0.628,3.1416,12,0.628,0.2619,0.30585,0.5956,0.7233,0.0258,0.4948
iran_dang2_zaed16,Iranian-17,dft,input_shuffled,12,1362957469,False,0.9431,6,10,0.682,-2.929,10,0.6684,0.3257,0.10945,0.5956,0.7154,0.074,0.4724
iran_dang2_zaed16,Iranian-17,dft,input_shuffled,12,1362957469,False,0.9431,7,5,0.6974,0.4175,5,0.638,0.3392,0.12594,0.6053,0.74,0.1899,0.4829
iran_dang2_zaed16,Iranian-17,dft,input_shuffled,12,1362957469,False,0.9431,8,7,0.7403,2.1062,5,0.4078,0.3742,0.03248,0.6002,0.7272,0.2457,0.4695
iran_dang2_zaed16,Iranian-17,dft,input_shuffled,12,1362957469,False,0.9431,9,12,0.6899,-0.0,12,0.6899,0.3082,0.13143,0.6036,0.7376,0.1996,0.4404
iran_dang2_zaed16,Iranian-17,dft,input_shuffled,12,1362957469,False,0.9431,10,2,0.83,-2.2503,2,0.5412,0.4788,0.0045,0.6057,0.7489,0.2438,0.4896
iran_dang2_zaed16,Iranian-17,dft,input_shuffled,12,1362957469,False,0.9431,11,5,0.5581,0.9812,6,0.4656,0.2294,0.6002,0.5816,0.7011,0.005,0.4429
iran_dang2_zaed16,Iranian-17,dft,label_shuffled,12,1362957469,False,0.6707,0,10,0.6865,1.2756,8,0.3511,0.3334,0.09995,0.5933,0.7192,0.2062,0.4775
iran_dang2_zaed16,Iranian-17,dft,label_shuffled,12,1362957469,False,0.6707,1,8,0.5907,0.2522,8,0.5697,0.2446,0.52874,0.6026,0.742,0.4382,0.4731
iran_dang2_zaed16,Iranian-17,dft,label_shuffled,12,1362957469,False,0.6707,2,10,0.5364,2.9539,10,0.528,0.2125,0.7916,0.598,0.7316,0.4,0.4663
iran_dang2_zaed16,Iranian-17,dft,label_shuffled,12,1362957469,False,0.6707,3,4,0.5594,0.0462,4,0.5587,0.2174,0.70165,0.6052,0.7421,0.0595,0.4898
iran_dang2_zaed16,Iranian-17,dft,label_shuffled,12,1362957469,False,0.6707,4,6,0.6313,-2.7769,6,0.6131,0.3102,0.31684,0.6017,0.7382,0.0635,0.4435
iran_dang2_zaed16,Iranian-17,dft,label_shuffled,12,1362957469,False,0.6707,5,9,0.6076,2.122,10,0.4228,0.2507,0.45327,0.6059,0.7494,0.0775,0.4681
iran_dang2_zaed16,Iranian-17,dft,label_shuffled,12,1362957469,False,0.6707,6,7,0.6907,-0.9218,7,0.4213,0.3199,0.12544,0.6007,0.7337,0.0935,0.4799
iran_dang2_zaed16,Iranian-17,dft,label_shuffled,12,1362957469,False,0.6707,7,12,0.5579,3.1416,12,0.5579,0.2089,0.70115,0.6052,0.7462,0.3856,0.4994
iran_dang2_zaed16,Iranian-17,dft,label_shuffled,12,1362957469,False,0.6707,8,9,0.6861,-1.0333,11,0.4666,0.3324,0.13593,0.6038,0.7309,0.4173,0.5163
iran_dang2_zaed16,Iranian-17,dft,label_shuffled,12,1362957469,False,0.6707,9,3,0.6267,2.0982,5,0.5656,0.2773,0.35382,0.6059,0.7475,0.0765,0.468
iran_dang2_zaed16,Iranian-17,dft,label_shuffled,12,1362957469,False,0.6707,10,11,0.7033,-0.2346,11,0.6846,0.337,0.09545,0.6005,0.7326,0.0748,0.4815
iran_dang2_zaed16,Iranian-17,dft,label_shuffled,12,1362957469,False,0.6707,11,2,0.6417,3.0592,2,0.6398,0.2915,0.26087,0.6008,0.727,0.114,0.4701
iran_dang2_zaed16,Iranian-17,dft,none,12,108320362,False,0.9309,0,6,0.9801,-2.3432,6,0.8185,0.7644,0.0005,0.6182,0.7633,0.0728,0.4832
iran_dang2_zaed16,Iranian-17,dft,none,12,108320362,False,0.9309,1,9,0.9251,-1.4093,2,0.2702,0.5854,0.0005,0.603,0.7416,0.1693,0.468
iran_dang2_zaed16,Iranian-17,dft,none,12,108320362,False,0.9309,2,12,0.9186,3.1416,12,0.9186,0.5335,0.0005,0.5957,0.7299,0.0091,0.5215
iran_dang2_zaed16,Iranian-17,dft,none,12,108320362,False,0.9309,3,11,0.6382,2.9437,11,0.626,0.2967,0.31184,0.6045,0.7407,0.1598,0.4639
iran_dang2_zaed16,Iranian-17,dft,none,12,108320362,False,0.9309,4,12,0.8429,3.1416,12,0.8429,0.4555,0.0085,0.6112,0.7584,0.1316,0.4704
iran_dang2_zaed16,Iranian-17,dft,none,12,108320362,False,0.9309,5,12,0.717,3.1416,12,0.717,0.3258,0.05847,0.5942,0.7231,0.0697,0.488
iran_dang2_zaed16,Iranian-17,dft,none,12,108320362,False,0.9309,6,10,0.5127,-0.2275,10,0.501,0.1903,0.90605,0.6021,0.7303,0.0905,0.5073
iran_dang2_zaed16,Iranian-17,dft,none,12,108320362,False,0.9309,7,11,0.6695,-2.9314,11,0.6544,0.3162,0.16942,0.5984,0.7278,0.2629,0.5464
iran_dang2_zaed16,Iranian-17,dft,none,12,108320362,False,0.9309,8,5,0.7347,-0.6111,5,0.6001,0.3703,0.05097,0.5974,0.7357,0.1906,0.499
iran_dang2_zaed16,Iranian-17,dft,none,12,108320362,False,0.9309,9,12,0.8401,3.1416,12,0.8401,0.4528,0.002,0.5989,0.7309,0.139,0.4863
iran_dang2_zaed16,Iranian-17,dft,none,12,108320362,False,0.9309,10,7,0.8023,2.2458,7,0.5056,0.44,0.01949,0.6118,0.7526,0.128,0.4672
iran_dang2_zaed16,Iranian-17,dft,none,12,108320362,False,0.9309,11,3,0.6641,1.4459,11,0.4744,0.3065,0.23638,0.6112,0.7557,0.035,0.4769
iran_dang2_zaed16,Iranian-17,dft,input_shuffled,12,108320362,False,0.935,0,12,0.8721,-0.0,12,0.8721,0.4861,0.0015,0.6057,0.7412,0.0797,0.4594
iran_dang2_zaed16,Iranian-17,dft,input_shuffled,12,108320362,False,0.935,1,7,0.8966,-1.8868,10,0.3763,0.5539,0.0005,0.6077,0.7516,0.0322,0.515
iran_dang2_zaed16,Iranian-17,dft,input_shuffled,12,108320362,False,0.935,2,5,0.6935,-2.6937,5,0.6258,0.3292,0.13143,0.6042,0.7434,0.2082,0.4445
iran_dang2_zaed16,Iranian-17,dft,input_shuffled,12,108320362,False,0.935,3,2,0.6955,-2.0975,2,0.3661,0.3355,0.14493,0.6107,0.7471,0.3733,0.5078
iran_dang2_zaed16,Iranian-17,dft,input_shuffled,12,108320362,False,0.935,4,12,0.9427,-0.0,12,0.9427,0.5606,0.001,0.5983,0.7331,0.1332,0.4669
iran_dang2_zaed16,Iranian-17,dft,input_shuffled,12,108320362,False,0.935,5,10,0.6558,-2.8589,10,0.6326,0.2903,0.25087,0.6064,0.7409,0.1652,0.4656
iran_dang2_zaed16,Iranian-17,dft,input_shuffled,12,108320362,False,0.935,6,8,0.5433,-1.1992,7,0.4745,0.2075,0.75512,0.5977,0.7253,0.1973,0.501
iran_dang2_zaed16,Iranian-17,dft,input_shuffled,12,108320362,False,0.935,7,12,0.6125,-0.0,12,0.6125,0.2508,0.37431,0.5979,0.7299,0.1421,0.5214
iran_dang2_zaed16,Iranian-17,dft,input_shuffled,12,108320362,False,0.935,8,9,0.5886,-2.924,9,0.5751,0.2371,0.53723,0.6061,0.7436,0.1036,0.4686
iran_dang2_zaed16,Iranian-17,dft,input_shuffled,12,108320362,False,0.935,9,5,0.7156,-2.9169,5,0.6977,0.3522,0.08196,0.6037,0.7413,0.0354,0.5049
iran_dang2_zaed16,Iranian-17,dft,input_shuffled,12,108320362,False,0.935,10,3,0.9551,-3.1341,3,0.9551,0.6305,0.0005,0.6085,0.7487,0.0622,0.501
iran_dang2_zaed16,Iranian-17,dft,input_shuffled,12,108320362,False,0.935,11,2,0.8321,-1.6787,3,0.3305,0.4701,0.007,0.6122,0.7565,0.1842,0.4878
iran_dang2_zaed16,Iranian-17,dft,label_shuffled,12,108320362,False,0.6829,0,2,0.4863,-1.7003,7,0.4,0.1634,0.97051,0.5981,0.7219,0.3051,0.4846
iran_dang2_zaed16,Iranian-17,dft,label_shuffled,12,108320362,False,0.6829,1,11,0.562,-1.8485,3,0.3657,0.2216,0.67966,0.6037,0.7444,0.3096,0.4644
iran_dang2_zaed16,Iranian-17,dft,label_shuffled,12,108320362,False,0.6829,2,12,0.6189,3.1416,12,0.6189,0.2636,0.35282,0.5983,0.7306,0.0338,0.5749
iran_dang2_zaed16,Iranian-17,dft,label_shuffled,12,108320362,False,0.6829,3,4,0.497,2.1564,10,0.3942,0.1806,0.92704,0.5918,0.715,0.1242,0.4513
iran_dang2_zaed16,Iranian-17,dft,label_shuffled,12,108320362,False,0.6829,4,8,0.6162,-0.187,8,0.6041,0.2622,0.4098,0.609,0.7533,0.6316,0.4965
iran_dang2_zaed16,Iranian-17,dft,label_shuffled,12,108320362,False,0.6829,5,6,0.7319,1.6569,8,0.5862,0.3249,0.06747,0.606,0.7524,0.2863,0.4429
iran_dang2_zaed16,Iranian-17,dft,label_shuffled,12,108320362,False,0.6829,6,7,0.6075,-2.0253,2,0.5963,0.2486,0.45827,0.6075,0.7478,0.079,0.5097
iran_dang2_zaed16,Iranian-17,dft,label_shuffled,12,108320362,False,0.6829,7,11,0.6261,2.6084,11,0.5441,0.2746,0.35982,0.606,0.7416,0.3125,0.4589
iran_dang2_zaed16,Iranian-17,dft,label_shuffled,12,108320362,False,0.6829,8,6,0.6056,1.7976,4,0.5098,0.2336,0.4013,0.5953,0.7288,0.129,0.4866
iran_dang2_zaed16,Iranian-17,dft,label_shuffled,12,108320362,False,0.6829,9,9,0.6297,0.5441,9,0.5437,0.2757,0.35132,0.6078,0.7462,0.1306,0.484
iran_dang2_zaed16,Iranian-17,dft,label_shuffled,12,108320362,False,0.6829,10,3,0.5933,0.383,3,0.5486,0.2544,0.48926,0.5991,0.7267,0.1889,0.5101
iran_dang2_zaed16,Iranian-17,dft,label_shuffled,12,108320362,False,0.6829,11,1,0.5567,-0.5789,1,0.4607,0.2058,0.72364,0.6072,0.744,0.3144,0.4964
iran_dang2_zaed16,Iranian-17,dft,none,12,1340032088,False,0.8984,0,7,0.8716,0.4334,7,0.7903,0.5144,0.0025,0.6071,0.7516,0.3564,0.4682
iran_dang2_zaed16,Iranian-17,dft,none,12,1340032088,False,0.8984,1,3,0.6456,1.9413,4,0.5505,0.279,0.26287,0.6036,0.7456,0.1797,0.5196
iran_dang2_zaed16,Iranian-17,dft,none,12,1340032088,False,0.8984,2,9,0.8607,-0.7575,9,0.6097,0.4954,0.003,0.6075,0.7487,0.1093,0.4608
iran_dang2_zaed16,Iranian-17,dft,none,12,1340032088,False,0.8984,3,2,0.6318,-0.3661,2,0.5945,0.2825,0.34283,0.6074,0.7483,0.296,0.4884
iran_dang2_zaed16,Iranian-17,dft,none,12,1340032088,False,0.8984,4,4,0.6086,-2.9572,4,0.5969,0.2551,0.46477,0.6081,0.7478,0.0749,0.4921
iran_dang2_zaed16,Iranian-17,dft,none,12,1340032088,False,0.8984,5,4,0.6665,0.8077,4,0.4454,0.3034,0.18991,0.6034,0.7395,0.0211,0.4418
iran_dang2_zaed16,Iranian-17,dft,none,12,1340032088,False,0.8984,6,5,0.7237,1.2782,7,0.4303,0.3495,0.08546,0.6082,0.7477,0.0529,0.467
iran_dang2_zaed16,Iranian-17,dft,none,12,1340032088,False,0.8984,7,12,0.9079,-0.0,12,0.9079,0.5356,0.0015,0.6041,0.7366,0.1725,0.4905
iran_dang2_zaed16,Iranian-17,dft,none,12,1340032088,False,0.8984,8,2,0.8106,-1.1434,5,0.3857,0.4484,0.01799,0.6112,0.7644,0.1968,0.4784
iran_dang2_zaed16,Iranian-17,dft,none,12,1340032088,False,0.8984,9,5,0.7976,1.0266,5,0.4185,0.4317,0.0065,0.6001,0.7288,0.0941,0.4839
iran_dang2_zaed16,Iranian-17,dft,none,12,1340032088,False,0.8984,10,12,0.9348,3.1416,12,0.9348,0.5471,0.0005,0.6064,0.7455,0.0021,0.4971
iran_dang2_zaed16,Iranian-17,dft,none,12,1340032088,False,0.8984,11,12,0.6008,3.1416,12,0.6008,0.2392,0.4058,0.5904,0.7136,0.0675,0.4596
iran_dang2_zaed16,Iranian-17,dft,input_shuffled,12,1340032088,False,0.9106,0,7,0.5794,-2.008,10,0.428,0.2399,0.57521,0.6007,0.7331,0.1354,0.4364
iran_dang2_zaed16,Iranian-17,dft,input_shuffled,12,1340032088,False,0.9106,1,2,0.7477,-1.8305,5,0.4805,0.381,0.05547,0.6083,0.7517,0.2882,0.5136
iran_dang2_zaed16,Iranian-17,dft,input_shuffled,12,1340032088,False,0.9106,2,7,0.8727,0.1146,7,0.867,0.5189,0.0005,0.6024,0.7327,0.2163,0.5394
iran_dang2_zaed16,Iranian-17,dft,input_shuffled,12,1340032088,False,0.9106,3,2,0.6266,-2.5813,5,0.5819,0.2722,0.36182,0.6076,0.7517,0.0813,0.4861
iran_dang2_zaed16,Iranian-17,dft,input_shuffled,12,1340032088,False,0.9106,4,10,0.7492,-1.9304,6,0.4403,0.4094,0.02049,0.5931,0.7176,0.1467,0.463
iran_dang2_zaed16,Iranian-17,dft,input_shuffled,12,1340032088,False,0.9106,5,9,0.7024,-0.4545,9,0.6279,0.3393,0.03498,0.5795,0.6881,0.0156,0.4815
iran_dang2_zaed16,Iranian-17,dft,input_shuffled,12,1340032088,False,0.9106,6,2,0.5046,-2.9184,2,0.4935,0.1855,0.93503,0.6097,0.7547,0.2004,0.4614
iran_dang2_zaed16,Iranian-17,dft,input_shuffled,12,1340032088,False,0.9106,7,12,0.9163,-0.0,12,0.9163,0.5341,0.0005,0.5966,0.7265,0.084,0.4178
iran_dang2_zaed16,Iranian-17,dft,input_shuffled,12,1340032088,False,0.9106,8,12,0.6708,3.1416,12,0.6708,0.2975,0.15392,0.5952,0.7246,0.0627,0.4444
iran_dang2_zaed16,Iranian-17,dft,input_shuffled,12,1340032088,False,0.9106,9,6,0.7097,1.4093,12,0.5592,0.3097,0.03748,0.5824,0.6948,0.2179,0.4589
iran_dang2_zaed16,Iranian-17,dft,input_shuffled,12,1340032088,False,0.9106,10,11,0.5784,2.8093,11,0.548,0.2297,0.6037,0.6051,0.7386,0.0645,0.4544
iran_dang2_zaed16,Iranian-17,dft,input_shuffled,12,1340032088,False,0.9106,11,5,0.7263,-1.3429,11,0.2562,0.362,0.07896,0.6075,0.7465,0.1965,0.4818
iran_dang2_zaed16,Iranian-17,dft,label_shuffled,12,1340032088,False,0.5976,0,8,0.6194,-1.3194,11,0.3505,0.2712,0.41729,0.6082,0.738,0.2227,0.4904
iran_dang2_zaed16,Iranian-17,dft,label_shuffled,12,1340032088,False,0.5976,1,12,0.7204,3.1416,12,0.7204,0.3407,0.09345,0.6096,0.7526,0.3016,0.4818
iran_dang2_zaed16,Iranian-17,dft,label_shuffled,12,1340032088,False,0.5976,2,2,0.676,1.7089,9,0.3814,0.3138,0.16342,0.6018,0.7331,0.1364,0.5178
iran_dang2_zaed16,Iranian-17,dft,label_shuffled,12,1340032088,False,0.5976,3,9,0.6015,-2.6424,9,0.5318,0.2534,0.45977,0.6023,0.7334,0.0341,0.4255
iran_dang2_zaed16,Iranian-17,dft,label_shuffled,12,1340032088,False,0.5976,4,3,0.5623,0.9049,5,0.3722,0.2154,0.66267,0.5971,0.7282,0.056,0.525
iran_dang2_zaed16,Iranian-17,dft,label_shuffled,12,1340032088,False,0.5976,5,6,0.5924,-2.6955,6,0.5663,0.2704,0.50675,0.6048,0.7486,0.051,0.5048
iran_dang2_zaed16,Iranian-17,dft,label_shuffled,12,1340032088,False,0.5976,6,2,0.5992,-0.2139,2,0.5871,0.245,0.50525,0.6061,0.7462,0.1552,0.4347
iran_dang2_zaed16,Iranian-17,dft,label_shuffled,12,1340032088,False,0.5976,7,5,0.4687,3.0516,5,0.4668,0.1475,0.98651,0.5934,0.7161,0.0128,0.475
iran_dang2_zaed16,Iranian-17,dft,label_shuffled,12,1340032088,False,0.5976,8,5,0.5621,-1.3239,2,0.4464,0.2206,0.69315,0.6056,0.7438,0.2996,0.4795
iran_dang2_zaed16,Iranian-17,dft,label_shuffled,12,1340032088,False,0.5976,9,4,0.5551,-1.7004,11,0.3061,0.2124,0.70515,0.6,0.7365,0.1694,0.5017
iran_dang2_zaed16,Iranian-17,dft,label_shuffled,12,1340032088,False,0.5976,10,7,0.7266,-0.9705,7,0.415,0.3647,0.05197,0.6009,0.7281,0.2663,0.4376
iran_dang2_zaed16,Iranian-17,dft,label_shuffled,12,1340032088,False,0.5976,11,2,0.5851,0.4688,9,0.5333,0.2468,0.55672,0.6033,0.7363,0.0578,0.4665
iran_dang2_zaed16,Iranian-17,dft,none,12,783175105,False,0.9431,0,2,0.68,3.0316,2,0.6764,0.3324,0.17291,0.6064,0.7467,0.0867,0.4558
iran_dang2_zaed16,Iranian-17,dft,none,12,783175105,False,0.9431,1,9,0.9361,1.5325,12,0.1993,0.604,0.0005,0.6018,0.7347,0.0474,0.48
iran_dang2_zaed16,Iranian-17,dft,none,12,783175105,False,0.9431,2,7,0.5447,2.9414,7,0.5339,0.2097,0.78511,0.6071,0.7343,0.2909,0.5016
iran_dang2_zaed16,Iranian-17,dft,none,12,783175105,False,0.9431,3,9,0.6544,-0.3177,9,0.6206,0.2907,0.11394,0.5756,0.6884,0.0598,0.4919
iran_dang2_zaed16,Iranian-17,dft,none,12,783175105,False,0.9431,4,11,0.5624,2.9704,11,0.5544,0.2249,0.67066,0.6018,0.7311,0.1374,0.4613
iran_dang2_zaed16,Iranian-17,dft,none,12,783175105,False,0.9431,5,7,0.7653,-0.6792,7,0.5976,0.4035,0.01949,0.6033,0.7321,0.1961,0.4669
iran_dang2_zaed16,Iranian-17,dft,none,12,783175105,False,0.9431,6,12,0.7153,3.1416,12,0.7153,0.3333,0.04298,0.5898,0.7082,0.144,0.4378
iran_dang2_zaed16,Iranian-17,dft,none,12,783175105,False,0.9431,7,3,0.9264,-3.13,3,0.9263,0.5816,0.0005,0.603,0.7445,0.0387,0.4493
iran_dang2_zaed16,Iranian-17,dft,none,12,783175105,False,0.9431,8,2,0.7362,-2.4798,2,0.5941,0.3892,0.06547,0.608,0.7474,0.1595,0.4821
iran_dang2_zaed16,Iranian-17,dft,none,12,783175105,False,0.9431,9,12,0.9552,3.1416,12,0.9552,0.5735,0.001,0.6043,0.7429,0.2348,0.4852
iran_dang2_zaed16,Iranian-17,dft,none,12,783175105,False,0.9431,10,12,0.7997,-0.0,12,0.7997,0.4162,0.01449,0.6065,0.7349,0.1353,0.5038
iran_dang2_zaed16,Iranian-17,dft,none,12,783175105,False,0.9431,11,7,0.6836,-2.0526,5,0.3257,0.3218,0.04298,0.5721,0.6784,0.1961,0.5346
iran_dang2_zaed16,Iranian-17,dft,input_shuffled,12,783175105,False,0.8984,0,2,0.7155,-1.9162,12,0.3306,0.3502,0.06597,0.5956,0.7249,0.2147,0.463
iran_dang2_zaed16,Iranian-17,dft,input_shuffled,12,783175105,False,0.8984,1,4,0.6144,-0.0297,4,0.6141,0.2586,0.36482,0.5952,0.7196,0.1753,0.4808
iran_dang2_zaed16,Iranian-17,dft,input_shuffled,12,783175105,False,0.8984,2,10,0.85,3.1392,10,0.85,0.5166,0.0015,0.6033,0.7334,0.1901,0.4747
iran_dang2_zaed16,Iranian-17,dft,input_shuffled,12,783175105,False,0.8984,3,9,0.8786,0.3057,9,0.8393,0.5355,0.0005,0.6052,0.7427,0.0544,0.4896
iran_dang2_zaed16,Iranian-17,dft,input_shuffled,12,783175105,False,0.8984,4,2,0.7518,2.0115,2,0.3373,0.3936,0.03448,0.6017,0.7367,0.0019,0.465
iran_dang2_zaed16,Iranian-17,dft,input_shuffled,12,783175105,False,0.8984,5,10,0.7613,-1.8194,8,0.3606,0.3878,0.02149,0.6001,0.7252,0.105,0.5193
iran_dang2_zaed16,Iranian-17,dft,input_shuffled,12,783175105,False,0.8984,6,11,0.5581,-0.7774,12,0.4655,0.2179,0.68716,0.5982,0.725,0.3508,0.4923
iran_dang2_zaed16,Iranian-17,dft,input_shuffled,12,783175105,False,0.8984,7,2,0.5696,2.9873,2,0.5636,0.2375,0.62469,0.601,0.7405,0.1879,0.4575
iran_dang2_zaed16,Iranian-17,dft,input_shuffled,12,783175105,False,0.8984,8,5,0.7528,-2.2441,12,0.7055,0.3714,0.03948,0.6024,0.7392,0.148,0.4885
iran_dang2_zaed16,Iranian-17,dft,input_shuffled,12,783175105,False,0.8984,9,12,0.9565,3.1416,12,0.9565,0.5741,0.0005,0.6017,0.7332,0.0984,0.4875
iran_dang2_zaed16,Iranian-17,dft,input_shuffled,12,783175105,False,0.8984,10,5,0.6784,0.6506,5,0.5415,0.316,0.10445,0.5906,0.7088,0.371,0.4965
iran_dang2_zaed16,Iranian-17,dft,input_shuffled,12,783175105,False,0.8984,11,4,0.5543,-2.7202,4,0.5003,0.2127,0.73413,0.6061,0.7446,0.3338,0.5076
iran_dang2_zaed16,Iranian-17,dft,label_shuffled,12,783175105,False,0.7236,0,9,0.5389,1.3935,11,0.4444,0.2036,0.76112,0.5888,0.7113,0.0845,0.4874
iran_dang2_zaed16,Iranian-17,dft,label_shuffled,12,783175105,False,0.7236,1,11,0.5847,-0.9901,11,0.3404,0.2383,0.52574,0.595,0.724,0.262,0.4893
iran_dang2_zaed16,Iranian-17,dft,label_shuffled,12,783175105,False,0.7236,2,1,0.6293,-3.0871,1,0.6284,0.2881,0.29285,0.5957,0.7257,0.2318,0.5
iran_dang2_zaed16,Iranian-17,dft,label_shuffled,12,783175105,False,0.7236,3,4,0.5189,2.7072,4,0.4652,0.1883,0.87356,0.6062,0.7494,0.213,0.4997
iran_dang2_zaed16,Iranian-17,dft,label_shuffled,12,783175105,False,0.7236,4,9,0.6056,2.7189,6,0.5701,0.2802,0.42079,0.5988,0.734,0.3768,0.413
iran_dang2_zaed16,Iranian-17,dft,label_shuffled,12,783175105,False,0.7236,5,5,0.598,0.4821,12,0.5718,0.2441,0.49375,0.6066,0.7466,0.2303,0.5109
iran_dang2_zaed16,Iranian-17,dft,label_shuffled,12,783175105,False,0.7236,6,2,0.4937,-1.5549,3,0.3797,0.1688,0.93803,0.5841,0.7021,0.3286,0.4778
iran_dang2_zaed16,Iranian-17,dft,label_shuffled,12,783175105,False,0.7236,7,11,0.485,1.6839,8,0.3754,0.1713,0.96652,0.5889,0.6982,0.0228,0.5053
iran_dang2_zaed16,Iranian-17,dft,label_shuffled,12,783175105,False,0.7236,8,8,0.6194,-0.4138,8,0.5611,0.2589,0.4088,0.6068,0.7476,0.1452,0.5001
iran_dang2_zaed16,Iranian-17,dft,label_shuffled,12,783175105,False,0.7236,9,9,0.5647,-3.1047,9,0.5643,0.2261,0.68716,0.6031,0.7329,0.2325,0.4687
iran_dang2_zaed16,Iranian-17,dft,label_shuffled,12,783175105,False,0.7236,10,4,0.7599,-0.1646,4,0.7483,0.3934,0.04098,0.6052,0.7502,0.1349,0.5329
iran_dang2_zaed16,Iranian-17,dft,label_shuffled,12,783175105,False,0.7236,11,9,0.5637,2.9055,9,0.5477,0.2364,0.68916,0.6078,0.7507,0.2773,0.5105
iran_dang2_zaed16,Iranian-17,dft,none,12,1273435768,False,0.8821,0,12,0.6954,3.1416,12,0.6954,0.3146,0.09695,0.5969,0.7232,0.0369,0.496
iran_dang2_zaed16,Iranian-17,dft,none,12,1273435768,False,0.8821,1,2,0.5166,2.2532,6,0.3925,0.1921,0.87756,0.5993,0.7289,0.3383,0.5185
iran_dang2_zaed16,Iranian-17,dft,none,12,1273435768,False,0.8821,2,7,0.8183,-0.4322,7,0.7438,0.4589,0.0055,0.6039,0.7456,0.0995,0.4585
iran_dang2_zaed16,Iranian-17,dft,none,12,1273435768,False,0.8821,3,7,0.8597,1.1802,7,0.3197,0.5018,0.005,0.608,0.7564,0.01,0.4824
iran_dang2_zaed16,Iranian-17,dft,none,12,1273435768,False,0.8821,4,3,0.6002,-1.8844,2,0.5496,0.2562,0.42929,0.5952,0.721,0.0555,0.4364
iran_dang2_zaed16,Iranian-17,dft,none,12,1273435768,False,0.8821,5,12,0.8092,-0.0,12,0.8092,0.4219,0.005,0.5977,0.7223,0.0047,0.4497
iran_dang2_zaed16,Iranian-17,dft,none,12,1273435768,False,0.8821,6,3,0.9597,1.7015,8,0.2142,0.6436,0.0005,0.6064,0.7451,0.2439,0.4856
iran_dang2_zaed16,Iranian-17,dft,none,12,1273435768,False,0.8821,7,9,0.7116,3.0289,9,0.707,0.3504,0.09745,0.6066,0.7453,0.2632,0.4411
iran_dang2_zaed16,Iranian-17,dft,none,12,1273435768,False,0.8821,8,6,0.6073,1.4095,12,0.3785,0.2341,0.33233,0.5819,0.7098,0.146,0.4645
iran_dang2_zaed16,Iranian-17,dft,none,12,1273435768,False,0.8821,9,5,0.5224,1.1216,1,0.3329,0.1881,0.87406,0.6033,0.7338,0.0069,0.5386
iran_dang2_zaed16,Iranian-17,dft,none,12,1273435768,False,0.8821,10,12,0.8224,3.1416,12,0.8224,0.4238,0.001,0.5912,0.7169,0.2,0.5228
iran_dang2_zaed16,Iranian-17,dft,none,12,1273435768,False,0.8821,11,12,0.895,-0.0,12,0.895,0.5102,0.001,0.586,0.7049,0.1664,0.5114
iran_dang2_zaed16,Iranian-17,dft,input_shuffled,12,1273435768,False,0.9309,0,12,0.9095,3.1416,12,0.9095,0.5287,0.0005,0.61,0.7564,0.0576,0.4755
iran_dang2_zaed16,Iranian-17,dft,input_shuffled,12,1273435768,False,0.9309,1,4,0.7065,0.2487,4,0.682,0.3405,0.10745,0.6083,0.7516,0.198,0.4858
iran_dang2_zaed16,Iranian-17,dft,input_shuffled,12,1273435768,False,0.9309,2,3,0.7688,-2.7702,3,0.7145,0.4142,0.03048,0.6058,0.7411,0.2121,0.5047
iran_dang2_zaed16,Iranian-17,dft,input_shuffled,12,1273435768,False,0.9309,3,1,0.8024,-2.228,1,0.5131,0.4802,0.0085,0.5996,0.7348,0.4621,0.4676
iran_dang2_zaed16,Iranian-17,dft,input_shuffled,12,1273435768,False,0.9309,4,9,0.8112,-1.3736,10,0.4499,0.4685,0.01149,0.6077,0.7442,0.2399,0.4581
iran_dang2_zaed16,Iranian-17,dft,input_shuffled,12,1273435768,False,0.9309,5,5,0.6453,0.6261,5,0.5243,0.2792,0.12694,0.5729,0.6797,0.1135,0.4954
iran_dang2_zaed16,Iranian-17,dft,input_shuffled,12,1273435768,False,0.9309,6,12,0.9496,3.1416,12,0.9496,0.5558,0.0015,0.6023,0.7388,0.1286,0.5119
iran_dang2_zaed16,Iranian-17,dft,input_shuffled,12,1273435768,False,0.9309,7,5,0.8071,1.1231,12,0.532,0.4252,0.01049,0.6014,0.7349,0.2244,0.4969
iran_dang2_zaed16,Iranian-17,dft,input_shuffled,12,1273435768,False,0.9309,8,3,0.8319,-0.7465,3,0.625,0.4868,0.01049,0.6112,0.7606,0.2787,0.4534
iran_dang2_zaed16,Iranian-17,dft,input_shuffled,12,1273435768,False,0.9309,9,7,0.9215,-2.5855,7,0.7811,0.574,0.0005,0.603,0.7435,0.2122,0.466
iran_dang2_zaed16,Iranian-17,dft,input_shuffled,12,1273435768,False,0.9309,10,3,0.8294,-2.1729,3,0.4434,0.4592,0.0095,0.61,0.7561,0.2421,0.4476
iran_dang2_zaed16,Iranian-17,dft,input_shuffled,12,1273435768,False,0.9309,11,9,0.6498,2.8929,9,0.6293,0.2898,0.24838,0.6048,0.7428,0.0602,0.4993
iran_dang2_zaed16,Iranian-17,dft,label_shuffled,12,1273435768,False,0.6911,0,11,0.704,2.0784,11,0.3692,0.3322,0.11894,0.6079,0.7517,0.2571,0.4975
iran_dang2_zaed16,Iranian-17,dft,label_shuffled,12,1273435768,False,0.6911,1,3,0.5369,-2.0696,2,0.3768,0.1955,0.81109,0.6063,0.75,0.5416,0.4964
iran_dang2_zaed16,Iranian-17,dft,label_shuffled,12,1273435768,False,0.6911,2,1,0.4845,-1.4775,8,0.3712,0.1618,0.97301,0.6051,0.7483,0.7778,0.4815
iran_dang2_zaed16,Iranian-17,dft,label_shuffled,12,1273435768,False,0.6911,3,2,0.6373,-1.1489,10,0.4707,0.284,0.30885,0.6085,0.7506,0.1943,0.5176
iran_dang2_zaed16,Iranian-17,dft,label_shuffled,12,1273435768,False,0.6911,4,1,0.5803,-0.6182,1,0.4663,0.2374,0.51574,0.5902,0.7115,0.154,0.4621
iran_dang2_zaed16,Iranian-17,dft,label_shuffled,12,1273435768,False,0.6911,5,5,0.5732,2.4693,10,0.4783,0.2247,0.57521,0.5961,0.7269,0.3232,0.4549
iran_dang2_zaed16,Iranian-17,dft,label_shuffled,12,1273435768,False,0.6911,6,3,0.5801,-3.0539,3,0.5778,0.2522,0.37331,0.5654,0.6743,0.1672,0.4725
iran_dang2_zaed16,Iranian-17,dft,label_shuffled,12,1273435768,False,0.6911,7,3,0.6436,0.846,3,0.4115,0.2805,0.31534,0.6125,0.7556,0.1765,0.4922
iran_dang2_zaed16,Iranian-17,dft,label_shuffled,12,1273435768,False,0.6911,8,10,0.6936,0.2728,10,0.6708,0.3453,0.14943,0.6071,0.7472,0.1513,0.4442
iran_dang2_zaed16,Iranian-17,dft,label_shuffled,12,1273435768,False,0.6911,9,7,0.5113,2.3854,7,0.3738,0.1729,0.89855,0.5979,0.7261,0.0473,0.5082
iran_dang2_zaed16,Iranian-17,dft,label_shuffled,12,1273435768,False,0.6911,10,3,0.6276,0.7144,3,0.4643,0.2767,0.35032,0.6056,0.7434,0.1987,0.4725
iran_dang2_zaed16,Iranian-17,dft,label_shuffled,12,1273435768,False,0.6911,11,5,0.5179,-0.9902,7,0.5091,0.1843,0.84158,0.5851,0.7092,0.1826,0.5198
iran_dang2_zaed16,Iranian-17,dft,none,12,865441490,False,0.8984,0,10,0.635,-0.1761,10,0.6263,0.2814,0.30735,0.602,0.7365,0.0963,0.5135
iran_dang2_zaed16,Iranian-17,dft,none,12,865441490,False,0.8984,1,10,0.7814,2.5419,10,0.6575,0.4351,0.01949,0.6079,0.736,0.231,0.4939
iran_dang2_zaed16,Iranian-17,dft,none,12,865441490,False,0.8984,2,10,0.6353,-1.8969,7,0.2741,0.2705,0.29885,0.6019,0.7379,0.0461,0.4874
iran_dang2_zaed16,Iranian-17,dft,none,12,865441490,False,0.8984,3,5,0.8731,1.0535,5,0.4382,0.5163,0.0025,0.6085,0.7538,0.2963,0.5511
iran_dang2_zaed16,Iranian-17,dft,none,12,865441490,False,0.8984,4,12,0.9387,3.1416,12,0.9387,0.5598,0.0005,0.6065,0.7484,0.0163,0.4816
iran_dang2_zaed16,Iranian-17,dft,none,12,865441490,False,0.8984,5,3,0.864,-0.155,3,0.8539,0.513,0.001,0.6081,0.7447,0.1259,0.4655
iran_dang2_zaed16,Iranian-17,dft,none,12,865441490,False,0.8984,6,2,0.5637,-0.2839,2,0.5436,0.22,0.68166,0.6085,0.7456,0.202,0.4669
iran_dang2_zaed16,Iranian-17,dft,none,12,865441490,False,0.8984,7,7,0.7609,0.4217,7,0.6937,0.3966,0.02449,0.5989,0.7321,0.2612,0.497
iran_dang2_zaed16,Iranian-17,dft,none,12,865441490,False,0.8984,8,3,0.6635,-1.2102,4,0.514,0.3066,0.18891,0.6031,0.7349,0.08,0.4697
iran_dang2_zaed16,Iranian-17,dft,none,12,865441490,False,0.8984,9,12,0.9244,-0.0,12,0.9244,0.5369,0.0005,0.6016,0.7299,0.1307,0.4638
iran_dang2_zaed16,Iranian-17,dft,none,12,865441490,False,0.8984,10,3,0.5401,0.5374,3,0.46,0.198,0.72064,0.5847,0.7057,0.0884,0.4212
iran_dang2_zaed16,Iranian-17,dft,none,12,865441490,False,0.8984,11,10,0.6856,0.9915,12,0.4846,0.3203,0.14193,0.6011,0.7375,0.0488,0.4699
iran_dang2_zaed16,Iranian-17,dft,input_shuffled,12,865441490,False,0.8984,0,10,0.7001,0.2258,10,0.6843,0.3396,0.09595,0.6008,0.7315,0.0439,0.471
iran_dang2_zaed16,Iranian-17,dft,input_shuffled,12,865441490,False,0.8984,1,12,0.8042,-0.0,12,0.8042,0.4199,0.0045,0.5929,0.7148,0.3812,0.4193
iran_dang2_zaed16,Iranian-17,dft,input_shuffled,12,865441490,False,0.8984,2,12,0.8874,3.1416,12,0.8874,0.5006,0.001,0.6077,0.7472,0.0977,0.5576
iran_dang2_zaed16,Iranian-17,dft,input_shuffled,12,865441490,False,0.8984,3,7,0.8769,0.5077,7,0.7652,0.5149,0.0015,0.6062,0.7507,0.126,0.4319
iran_dang2_zaed16,Iranian-17,dft,input_shuffled,12,865441490,False,0.8984,4,7,0.5671,2.1819,5,0.434,0.2241,0.55722,0.5823,0.6981,0.1659,0.5011
iran_dang2_zaed16,Iranian-17,dft,input_shuffled,12,865441490,False,0.8984,5,9,0.8489,1.3727,4,0.2261,0.509,0.002,0.6057,0.7422,0.0253,0.4733
iran_dang2_zaed16,Iranian-17,dft,input_shuffled,12,865441490,False,0.8984,6,3,0.627,2.0283,4,0.5875,0.2725,0.37531,0.6097,0.7508,0.1962,0.4653
iran_dang2_zaed16,Iranian-17,dft,input_shuffled,12,865441490,False,0.8984,7,7,0.5663,-1.217,6,0.3466,0.2228,0.65717,0.6049,0.7428,0.0917,0.4614
iran_dang2_zaed16,Iranian-17,dft,input_shuffled,12,865441490,False,0.8984,8,2,0.7539,1.7614,5,0.4711,0.3853,0.02599,0.5978,0.726,0.2378,0.4834
iran_dang2_zaed16,Iranian-17,dft,input_shuffled,12,865441490,False,0.8984,9,7,0.7171,-0.8844,7,0.4581,0.3551,0.04748,0.5919,0.7143,0.407,0.4415
iran_dang2_zaed16,Iranian-17,dft,input_shuffled,12,865441490,False,0.8984,10,3,0.8727,-3.0265,3,0.8669,0.5296,0.0005,0.605,0.7393,0.1613,0.5198
iran_dang2_zaed16,Iranian-17,dft,input_shuffled,12,865441490,False,0.8984,11,12,0.6539,3.1416,12,0.6539,0.281,0.2059,0.5966,0.722,0.0602,0.4569
iran_dang2_zaed16,Iranian-17,dft,label_shuffled,12,865441490,False,0.8008,0,4,0.5319,-2.546,7,0.4653,0.1924,0.8091,0.5946,0.7164,0.0266,0.4585
iran_dang2_zaed16,Iranian-17,dft,label_shuffled,12,865441490,False,0.8008,1,5,0.5022,-0.1291,5,0.498,0.1652,0.92204,0.5949,0.7236,0.401,0.4964
iran_dang2_zaed16,Iranian-17,dft,label_shuffled,12,865441490,False,0.8008,2,2,0.5301,-2.5446,2,0.4468,0.1973,0.86207,0.6141,0.7608,0.2772,0.4455
iran_dang2_zaed16,Iranian-17,dft,label_shuffled,12,865441490,False,0.8008,3,6,0.587,-2.556,6,0.5402,0.2631,0.55622,0.6051,0.7443,0.2007,0.4951
iran_dang2_zaed16,Iranian-17,dft,label_shuffled,12,865441490,False,0.8008,4,3,0.5218,-1.7104,10,0.3338,0.1854,0.85157,0.5936,0.725,0.1303,0.4496
iran_dang2_zaed16,Iranian-17,dft,label_shuffled,12,865441490,False,0.8008,5,10,0.602,-1.2247,3,0.3534,0.2482,0.49725,0.6117,0.7603,0.1317,0.4988
iran_dang2_zaed16,Iranian-17,dft,label_shuffled,12,865441490,False,0.8008,6,8,0.6713,-2.0854,8,0.3149,0.3185,0.15642,0.5994,0.7295,0.2578,0.5116
iran_dang2_zaed16,Iranian-17,dft,label_shuffled,12,865441490,False,0.8008,7,8,0.4901,-1.4051,11,0.3682,0.171,0.95552,0.5972,0.7235,0.1819,0.498
iran_dang2_zaed16,Iranian-17,dft,label_shuffled,12,865441490,False,0.8008,8,11,0.7465,0.477,11,0.659,0.3829,0.03598,0.601,0.7308,0.2411,0.4976
iran_dang2_zaed16,Iranian-17,dft,label_shuffled,12,865441490,False,0.8008,9,3,0.652,0.0213,3,0.6518,0.2975,0.26887,0.609,0.7503,0.1631,0.4969
iran_dang2_zaed16,Iranian-17,dft,label_shuffled,12,865441490,False,0.8008,10,9,0.7124,-0.3113,9,0.6771,0.346,0.10445,0.6073,0.7464,0.2994,0.4496
iran_dang2_zaed16,Iranian-17,dft,label_shuffled,12,865441490,False,0.8008,11,4,0.5255,2.7573,4,0.4827,0.1878,0.84908,0.6026,0.745,0.2258,0.4836
iran_dang2_zaed16,Iranian-17,dft,none,12,165083538,False,0.9512,0,2,0.88,1.4028,12,0.2909,0.5181,0.001,0.6096,0.755,0.1456,0.4697
iran_dang2_zaed16,Iranian-17,dft,none,12,165083538,False,0.9512,1,3,0.5735,1.8712,12,0.3419,0.2283,0.57271,0.5956,0.7206,0.0216,0.4301
iran_dang2_zaed16,Iranian-17,dft,none,12,165083538,False,0.9512,2,2,0.7165,-1.7952,5,0.4521,0.3473,0.07696,0.5991,0.7377,0.0075,0.4698
iran_dang2_zaed16,Iranian-17,dft,none,12,165083538,False,0.9512,3,3,0.9261,-0.0433,3,0.9252,0.5974,0.0005,0.6048,0.7477,0.0026,0.4379
iran_dang2_zaed16,Iranian-17,dft,none,12,165083538,False,0.9512,4,12,0.9756,-0.0,12,0.9756,0.5916,0.0005,0.6082,0.7458,0.1036,0.4916
iran_dang2_zaed16,Iranian-17,dft,none,12,165083538,False,0.9512,5,12,0.9319,3.1416,12,0.9319,0.5386,0.0005,0.6101,0.7517,0.1094,0.5374
iran_dang2_zaed16,Iranian-17,dft,none,12,165083538,False,0.9512,6,7,0.8233,0.5122,7,0.7166,0.4562,0.0055,0.6106,0.7575,0.2221,0.4824
iran_dang2_zaed16,Iranian-17,dft,none,12,165083538,False,0.9512,7,7,0.7723,-1.0883,7,0.3643,0.3967,0.01399,0.5969,0.7243,0.2065,0.4457
iran_dang2_zaed16,Iranian-17,dft,none,12,165083538,False,0.9512,8,10,0.6678,-2.9386,10,0.6557,0.309,0.17641,0.6019,0.7363,0.0928,0.4822
iran_dang2_zaed16,Iranian-17,dft,none,12,165083538,False,0.9512,9,12,0.6422,3.1416,12,0.6422,0.2759,0.22989,0.5939,0.7136,0.1492,0.506
iran_dang2_zaed16,Iranian-17,dft,none,12,165083538,False,0.9512,10,10,0.6429,2.3438,10,0.4631,0.2835,0.22539,0.591,0.7124,0.101,0.4502
iran_dang2_zaed16,Iranian-17,dft,none,12,165083538,False,0.9512,11,12,0.6354,-0.0,12,0.6354,0.2742,0.23488,0.587,0.7045,0.0183,0.4736
iran_dang2_zaed16,Iranian-17,dft,input_shuffled,12,165083538,False,0.9512,0,12,0.8915,-0.0,12,0.8915,0.5057,0.001,0.6091,0.7545,0.0734,0.4541
iran_dang2_zaed16,Iranian-17,dft,input_shuffled,12,165083538,False,0.9512,1,3,0.9216,-3.0271,3,0.9155,0.5996,0.0005,0.6017,0.7319,0.0521,0.5065
iran_dang2_zaed16,Iranian-17,dft,input_shuffled,12,165083538,False,0.9512,2,12,0.7053,-0.0,12,0.7053,0.3287,0.06847,0.5947,0.7178,0.1,0.4177
iran_dang2_zaed16,Iranian-17,dft,input_shuffled,12,165083538,False,0.9512,3,7,0.7285,2.8635,7,0.7007,0.3556,0.05697,0.6006,0.7324,0.1786,0.5335
iran_dang2_zaed16,Iranian-17,dft,input_shuffled,12,165083538,False,0.9512,4,3,0.6149,-1.8078,10,0.2898,0.2587,0.43128,0.6108,0.7566,0.0482,0.4729
iran_dang2_zaed16,Iranian-17,dft,input_shuffled,12,165083538,False,0.9512,5,12,0.6736,3.1416,12,0.6736,0.3042,0.10895,0.5899,0.7011,0.0128,0.5014
iran_dang2_zaed16,Iranian-17,dft,input_shuffled,12,165083538,False,0.9512,6,7,0.8496,-2.3854,7,0.615,0.5004,0.0045,0.6096,0.7556,0.3317,0.4696
iran_dang2_zaed16,Iranian-17,dft,input_shuffled,12,165083538,False,0.9512,7,5,0.8154,0.1757,5,0.8029,0.462,0.006,0.6068,0.7404,0.0355,0.4562
iran_dang2_zaed16,Iranian-17,dft,input_shuffled,12,165083538,False,0.9512,8,12,0.9305,-0.0,12,0.9305,0.5364,0.0005,0.5916,0.7195,0.2462,0.5133
iran_dang2_zaed16,Iranian-17,dft,input_shuffled,12,165083538,False,0.9512,9,8,0.5918,-3.1145,8,0.5915,0.2412,0.46577,0.5918,0.7174,0.1699,0.4415
iran_dang2_zaed16,Iranian-17,dft,input_shuffled,12,165083538,False,0.9512,10,7,0.8225,-0.9798,7,0.4636,0.4486,0.004,0.6049,0.7401,0.0139,0.4511
iran_dang2_zaed16,Iranian-17,dft,input_shuffled,12,165083538,False,0.9512,11,5,0.6643,-2.4895,5,0.5297,0.2981,0.09145,0.5791,0.6905,0.2067,0.474
iran_dang2_zaed16,Iranian-17,dft,label_shuffled,12,165083538,False,0.7033,0,8,0.5368,0.1368,8,0.5311,0.2069,0.82609,0.6056,0.7383,0.1269,0.497
iran_dang2_zaed16,Iranian-17,dft,label_shuffled,12,165083538,False,0.7033,1,7,0.6008,2.1537,10,0.4284,0.2583,0.48376,0.6057,0.7469,0.251,0.4964
iran_dang2_zaed16,Iranian-17,dft,label_shuffled,12,165083538,False,0.7033,2,5,0.5414,-2.5389,5,0.4471,0.1986,0.78761,0.6049,0.7456,0.1521,0.4576
iran_dang2_zaed16,Iranian-17,dft,label_shuffled,12,165083538,False,0.7033,3,10,0.5874,-1.3107,4,0.4036,0.2312,0.54523,0.6023,0.7383,0.0594,0.4384
iran_dang2_zaed16,Iranian-17,dft,label_shuffled,12,165083538,False,0.7033,4,4,0.627,-0.9214,3,0.3976,0.2809,0.35882,0.6063,0.751,0.4102,0.4627
iran_dang2_zaed16,Iranian-17,dft,label_shuffled,12,165083538,False,0.7033,5,8,0.5928,0.2971,8,0.5636,0.2289,0.50725,0.6016,0.7383,0.0374,0.4976
iran_dang2_zaed16,Iranian-17,dft,label_shuffled,12,165083538,False,0.7033,6,4,0.63,-1.11,8,0.471,0.2711,0.35382,0.6097,0.7606,0.4227,0.5203
iran_dang2_zaed16,Iranian-17,dft,label_shuffled,12,165083538,False,0.7033,7,2,0.649,0.3809,2,0.6075,0.285,0.18791,0.5917,0.7153,0.2301,0.4967
iran_dang2_zaed16,Iranian-17,dft,label_shuffled,12,165083538,False,0.7033,8,5,0.5947,2.6915,5,0.5349,0.2448,0.51774,0.6061,0.7424,0.09,0.4773
iran_dang2_zaed16,Iranian-17,dft,label_shuffled,12,165083538,False,0.7033,9,6,0.6638,-1.7668,4,0.3936,0.2787,0.13293,0.5881,0.7084,0.272,0.4716
iran_dang2_zaed16,Iranian-17,dft,label_shuffled,12,165083538,False,0.7033,10,4,0.5462,-1.3047,6,0.4823,0.2259,0.75862,0.6034,0.7409,0.0678,0.4663
iran_dang2_zaed16,Iranian-17,dft,label_shuffled,12,165083538,False,0.7033,11,11,0.5466,0.3532,11,0.5116,0.2135,0.77861,0.6101,0.7551,0.0878,0.509
iran_dang2_zaed16,Iranian-17,dft,none,12,58989756,False,0.9797,0,12,0.9586,-0.0,12,0.9586,0.5765,0.0005,0.5997,0.7396,0.2248,0.4508
iran_dang2_zaed16,Iranian-17,dft,none,12,58989756,False,0.9797,1,9,0.9641,-2.633,9,0.8483,0.6617,0.0005,0.6077,0.752,0.3609,0.5214
iran_dang2_zaed16,Iranian-17,dft,none,12,58989756,False,0.9797,2,11,0.5586,-1.3229,4,0.2279,0.2094,0.69415,0.5961,0.713,0.2308,0.4968
iran_dang2_zaed16,Iranian-17,dft,none,12,58989756,False,0.9797,3,8,0.5199,-3.0355,8,0.5166,0.1867,0.86107,0.5962,0.7222,0.0574,0.4648
iran_dang2_zaed16,Iranian-17,dft,none,12,58989756,False,0.9797,4,5,0.8259,0.9597,12,0.8192,0.4382,0.008,0.6118,0.7555,0.1666,0.5238
iran_dang2_zaed16,Iranian-17,dft,none,12,58989756,False,0.9797,5,9,0.9523,2.0368,9,0.3894,0.6217,0.0005,0.6036,0.7394,0.1889,0.4896
iran_dang2_zaed16,Iranian-17,dft,none,12,58989756,False,0.9797,6,12,0.7545,3.1416,12,0.7545,0.372,0.04398,0.6084,0.7481,0.3891,0.4475
iran_dang2_zaed16,Iranian-17,dft,none,12,58989756,False,0.9797,7,6,0.7783,-0.2974,6,0.7637,0.5089,0.04048,0.6126,0.7607,0.0998,0.4886
iran_dang2_zaed16,Iranian-17,dft,none,12,58989756,False,0.9797,8,7,0.7177,-1.8145,2,0.3974,0.3555,0.08196,0.6043,0.7473,0.1414,0.4562
iran_dang2_zaed16,Iranian-17,dft,none,12,58989756,False,0.9797,9,5,0.6749,0.3804,5,0.6271,0.3119,0.18591,0.6059,0.7495,0.1553,0.4868
iran_dang2_zaed16,Iranian-17,dft,none,12,58989756,False,0.9797,10,2,0.5997,1.1961,7,0.4095,0.2406,0.43078,0.5926,0.7156,0.0935,0.4895
iran_dang2_zaed16,Iranian-17,dft,none,12,58989756,False,0.9797,11,8,0.5444,-2.442,7,0.4842,0.2038,0.78511,0.6071,0.7462,0.1568,0.4971
iran_dang2_zaed16,Iranian-17,dft,input_shuffled,12,58989756,False,0.9634,0,2,0.5948,-1.9627,3,0.5933,0.2428,0.51024,0.6066,0.7505,0.2594,0.4421
iran_dang2_zaed16,Iranian-17,dft,input_shuffled,12,58989756,False,0.9634,1,9,0.9354,-3.0636,9,0.9326,0.6122,0.0005,0.6015,0.7371,0.2034,0.4263
iran_dang2_zaed16,Iranian-17,dft,input_shuffled,12,58989756,False,0.9634,2,6,0.9712,-2.4177,6,0.8447,0.775,0.0005,0.6141,0.7663,0.0637,0.4408
iran_dang2_zaed16,Iranian-17,dft,input_shuffled,12,58989756,False,0.9634,3,12,0.9549,3.1416,12,0.9549,0.5733,0.0005,0.5999,0.729,0.1892,0.477
iran_dang2_zaed16,Iranian-17,dft,input_shuffled,12,58989756,False,0.9634,4,2,0.5815,2.3278,5,0.5634,0.233,0.55472,0.598,0.7314,0.1462,0.4604
iran_dang2_zaed16,Iranian-17,dft,input_shuffled,12,58989756,False,0.9634,5,12,0.6368,-0.0,12,0.6368,0.2718,0.28936,0.6025,0.7375,0.0005,0.5035
iran_dang2_zaed16,Iranian-17,dft,input_shuffled,12,58989756,False,0.9634,6,5,0.7531,-2.4671,12,0.7335,0.3709,0.03898,0.602,0.7394,0.0804,0.4585
iran_dang2_zaed16,Iranian-17,dft,input_shuffled,12,58989756,False,0.9634,7,5,0.593,2.3033,5,0.3938,0.2447,0.55622,0.6135,0.7672,0.1957,0.4969
iran_dang2_zaed16,Iranian-17,dft,input_shuffled,12,58989756,False,0.9634,8,7,0.6673,2.476,7,0.5267,0.3129,0.18591,0.6017,0.7338,0.0072,0.4776
iran_dang2_zaed16,Iranian-17,dft,input_shuffled,12,58989756,False,0.9634,9,3,0.8341,1.8226,4,0.3082,0.4722,0.0055,0.6081,0.7554,0.202,0.4765
iran_dang2_zaed16,Iranian-17,dft,input_shuffled,12,58989756,False,0.9634,10,12,0.8136,-0.0,12,0.8136,0.4339,0.01099,0.6055,0.7472,0.0329,0.4628
iran_dang2_zaed16,Iranian-17,dft,input_shuffled,12,58989756,False,0.9634,11,9,0.686,2.2451,9,0.4098,0.3279,0.12044,0.5982,0.7218,0.1972,0.4725
iran_dang2_zaed16,Iranian-17,dft,label_shuffled,12,58989756,False,0.8252,0,1,0.7494,0.0167,1,0.7493,0.4047,0.02999,0.6028,0.7331,0.0413,0.4736
iran_dang2_zaed16,Iranian-17,dft,label_shuffled,12,58989756,False,0.8252,1,4,0.6709,0.2548,4,0.6466,0.3147,0.18341,0.6015,0.7341,0.1079,0.4234
iran_dang2_zaed16,Iranian-17,dft,label_shuffled,12,58989756,False,0.8252,2,9,0.6153,-1.9234,4,0.4287,0.2452,0.3953,0.604,0.745,0.1178,0.4761
iran_dang2_zaed16,Iranian-17,dft,label_shuffled,12,58989756,False,0.8252,3,4,0.6716,-2.953,4,0.6581,0.3181,0.1974,0.6102,0.7555,0.0765,0.4673
iran_dang2_zaed16,Iranian-17,dft,label_shuffled,12,58989756,False,0.8252,4,5,0.5786,0.1435,5,0.5727,0.2289,0.49225,0.5826,0.7001,0.2028,0.4772
iran_dang2_zaed16,Iranian-17,dft,label_shuffled,12,58989756,False,0.8252,5,2,0.7362,1.5749,6,0.2401,0.363,0.05197,0.6042,0.7368,0.2065,0.4634
iran_dang2_zaed16,Iranian-17,dft,label_shuffled,12,58989756,False,0.8252,6,1,0.7007,-3.1157,1,0.7004,0.3352,0.09595,0.5995,0.73,0.2304,0.4292
iran_dang2_zaed16,Iranian-17,dft,label_shuffled,12,58989756,False,0.8252,7,4,0.5731,-0.9555,7,0.4511,0.2371,0.64418,0.6086,0.7485,0.6337,0.5062
iran_dang2_zaed16,Iranian-17,dft,label_shuffled,12,58989756,False,0.8252,8,7,0.6598,2.0541,3,0.3765,0.2962,0.23638,0.6059,0.7425,0.082,0.4416
iran_dang2_zaed16,Iranian-17,dft,label_shuffled,12,58989756,False,0.8252,9,6,0.5473,-3.0028,6,0.5451,0.2299,0.76012,0.6062,0.7459,0.3252,0.4755
iran_dang2_zaed16,Iranian-17,dft,label_shuffled,12,58989756,False,0.8252,10,5,0.5393,-1.8705,6,0.4549,0.2133,0.65117,0.5675,0.6795,0.1743,0.5095
iran_dang2_zaed16,Iranian-17,dft,label_shuffled,12,58989756,False,0.8252,11,4,0.6223,0.5487,4,0.5216,0.282,0.33783,0.5969,0.7283,0.045,0.4684
iran_dang2_zaed16,Iranian-17,dft,none,12,1978874390,False,0.9472,0,12,0.866,3.1416,12,0.866,0.4737,0.002,0.6057,0.7364,0.0588,0.5063
iran_dang2_zaed16,Iranian-17,dft,none,12,1978874390,False,0.9472,1,6,0.7396,3.0237,6,0.7375,0.4564,0.05697,0.606,0.749,0.0069,0.4741
iran_dang2_zaed16,Iranian-17,dft,none,12,1978874390,False,0.9472,2,7,0.8351,-0.7534,7,0.6121,0.4786,0.0035,0.6062,0.7444,0.0672,0.5342
iran_dang2_zaed16,Iranian-17,dft,none,12,1978874390,False,0.9472,3,3,0.8983,-0.6776,3,0.712,0.591,0.001,0.6089,0.7502,0.183,0.5334
iran_dang2_zaed16,Iranian-17,dft,none,12,1978874390,False,0.9472,4,4,0.6898,0.23,4,0.6693,0.3221,0.11994,0.5981,0.7263,0.0079,0.5311
iran_dang2_zaed16,Iranian-17,dft,none,12,1978874390,False,0.9472,5,12,0.9301,3.1416,12,0.9301,0.548,0.0015,0.5993,0.7241,0.0037,0.5045
iran_dang2_zaed16,Iranian-17,dft,none,12,1978874390,False,0.9472,6,10,0.6052,2.0844,12,0.5337,0.2515,0.38931,0.5915,0.7074,0.1702,0.4615
iran_dang2_zaed16,Iranian-17,dft,none,12,1978874390,False,0.9472,7,7,0.5266,2.5596,7,0.4409,0.189,0.84658,0.601,0.7327,0.0929,0.4705
iran_dang2_zaed16,Iranian-17,dft,none,12,1978874390,False,0.9472,8,7,0.5109,2.5129,7,0.4144,0.1762,0.91804,0.6034,0.7354,0.1127,0.4834
iran_dang2_zaed16,Iranian-17,dft,none,12,1978874390,False,0.9472,9,9,0.8065,0.5347,9,0.6999,0.4413,0.01599,0.605,0.7431,0.152,0.4837
iran_dang2_zaed16,Iranian-17,dft,none,12,1978874390,False,0.9472,10,4,0.7277,-1.234,3,0.3988,0.3711,0.07596,0.6084,0.7469,0.0582,0.478
iran_dang2_zaed16,Iranian-17,dft,none,12,1978874390,False,0.9472,11,9,0.6501,-1.8995,3,0.4792,0.311,0.21889,0.5974,0.7289,0.0114,0.4789
iran_dang2_zaed16,Iranian-17,dft,input_shuffled,12,1978874390,False,0.9675,0,2,0.9107,-2.3198,2,0.6406,0.5907,0.0005,0.6061,0.7464,0.3041,0.4932
iran_dang2_zaed16,Iranian-17,dft,input_shuffled,12,1978874390,False,0.9675,1,10,0.6551,1.2264,7,0.4926,0.2922,0.21739,0.5997,0.7312,0.1478,0.4349
iran_dang2_zaed16,Iranian-17,dft,input_shuffled,12,1978874390,False,0.9675,2,5,0.6416,1.0721,2,0.4342,0.2901,0.27336,0.6003,0.7382,0.0144,0.4668
iran_dang2_zaed16,Iranian-17,dft,input_shuffled,12,1978874390,False,0.9675,3,7,0.7946,-0.661,7,0.6292,0.4308,0.008,0.6016,0.7269,0.194,0.507
iran_dang2_zaed16,Iranian-17,dft,input_shuffled,12,1978874390,False,0.9675,4,7,0.7204,1.1339,6,0.424,0.3708,0.05697,0.6002,0.7255,0.0625,0.4693
iran_dang2_zaed16,Iranian-17,dft,input_shuffled,12,1978874390,False,0.9675,5,12,0.9582,3.1416,12,0.9582,0.5776,0.0005,0.6,0.7292,0.0715,0.4501
iran_dang2_zaed16,Iranian-17,dft,input_shuffled,12,1978874390,False,0.9675,6,10,0.6953,2.9989,10,0.6891,0.3383,0.11694,0.6033,0.7357,0.2301,0.5188
iran_dang2_zaed16,Iranian-17,dft,input_shuffled,12,1978874390,False,0.9675,7,2,0.6628,2.9725,2,0.6544,0.3099,0.12194,0.5833,0.696,0.0421,0.4803
iran_dang2_zaed16,Iranian-17,dft,input_shuffled,12,1978874390,False,0.9675,8,12,0.9282,3.1416,12,0.9282,0.544,0.0005,0.6076,0.7438,0.0597,0.5022
iran_dang2_zaed16,Iranian-17,dft,input_shuffled,12,1978874390,False,0.9675,9,9,0.695,0.5129,9,0.6102,0.3294,0.08846,0.5951,0.7202,0.2266,0.5179
iran_dang2_zaed16,Iranian-17,dft,input_shuffled,12,1978874390,False,0.9675,10,3,0.9522,1.5793,12,0.1656,0.6325,0.0005,0.602,0.7379,0.2555,0.4781
iran_dang2_zaed16,Iranian-17,dft,input_shuffled,12,1978874390,False,0.9675,11,3,0.9236,-2.9756,3,0.9108,0.5995,0.0005,0.6051,0.7358,0.0489,0.4662
iran_dang2_zaed16,Iranian-17,dft,label_shuffled,12,1978874390,False,0.7805,0,4,0.5537,-1.7231,9,0.3883,0.2264,0.73263,0.605,0.742,0.5093,0.4761
iran_dang2_zaed16,Iranian-17,dft,label_shuffled,12,1978874390,False,0.7805,1,6,0.5065,1.8459,11,0.4197,0.1705,0.92304,0.6021,0.7367,0.1227,0.5004
iran_dang2_zaed16,Iranian-17,dft,label_shuffled,12,1978874390,False,0.7805,2,5,0.4558,-2.3598,4,0.3834,0.148,0.9955,0.6016,0.7396,0.2014,0.4846
iran_dang2_zaed16,Iranian-17,dft,label_shuffled,12,1978874390,False,0.7805,3,4,0.6144,-1.2482,5,0.3855,0.259,0.43178,0.6089,0.752,0.0683,0.4919
iran_dang2_zaed16,Iranian-17,dft,label_shuffled,12,1978874390,False,0.7805,4,1,0.6005,-2.7374,1,0.5543,0.2581,0.45177,0.5984,0.7317,0.4584,0.4666
iran_dang2_zaed16,Iranian-17,dft,label_shuffled,12,1978874390,False,0.7805,5,6,0.5463,-1.2391,12,0.5273,0.1958,0.74363,0.5952,0.7179,0.2037,0.4577
iran_dang2_zaed16,Iranian-17,dft,label_shuffled,12,1978874390,False,0.7805,6,6,0.6847,2.1377,6,0.4823,0.3255,0.15392,0.6052,0.744,0.0883,0.5242
iran_dang2_zaed16,Iranian-17,dft,label_shuffled,12,1978874390,False,0.7805,7,2,0.6346,-1.5161,4,0.4545,0.2729,0.28686,0.5989,0.7276,0.0612,0.4275
iran_dang2_zaed16,Iranian-17,dft,label_shuffled,12,1978874390,False,0.7805,8,6,0.5258,3.0012,6,0.5236,0.2076,0.67116,0.5532,0.6469,0.1958,0.4721
iran_dang2_zaed16,Iranian-17,dft,label_shuffled,12,1978874390,False,0.7805,9,8,0.4668,-0.6732,7,0.3895,0.1573,0.98251,0.5898,0.7125,0.0518,0.4204
iran_dang2_zaed16,Iranian-17,dft,label_shuffled,12,1978874390,False,0.7805,10,1,0.6739,-1.3103,11,0.369,0.307,0.21589,0.6131,0.7652,0.657,0.4144
iran_dang2_zaed16,Iranian-17,dft,label_shuffled,12,1978874390,False,0.7805,11,6,0.5816,-1.6684,5,0.3562,0.2178,0.54623,0.5952,0.719,0.1907,0.4502
iran_dang2_zaed16,Iranian-17,dft,none,12,1413513995,False,0.9837,0,5,0.7002,0.4841,5,0.6206,0.3349,0.02599,0.575,0.679,0.1754,0.5112
iran_dang2_zaed16,Iranian-17,dft,none,12,1413513995,False,0.9837,1,10,0.7576,3.0978,10,0.757,0.4056,0.02899,0.6009,0.7318,0.0307,0.4844
iran_dang2_zaed16,Iranian-17,dft,none,12,1413513995,False,0.9837,2,12,0.9155,3.1416,12,0.9155,0.5276,0.001,0.5892,0.7138,0.2251,0.4848
iran_dang2_zaed16,Iranian-17,dft,none,12,1413513995,False,0.9837,3,5,0.8572,0.8858,5,0.5467,0.4942,0.0015,0.608,0.7501,0.039,0.5341
iran_dang2_zaed16,Iranian-17,dft,none,12,1413513995,False,0.9837,4,2,0.9422,2.5495,2,0.7966,0.6395,0.0005,0.6068,0.7475,0.0653,0.5023
iran_dang2_zaed16,Iranian-17,dft,none,12,1413513995,False,0.9837,5,9,0.5632,-1.3105,5,0.4384,0.2201,0.52574,0.5735,0.6891,0.3004,0.4768
iran_dang2_zaed16,Iranian-17,dft,none,12,1413513995,False,0.9837,6,12,0.6802,-0.0,12,0.6802,0.3037,0.09545,0.589,0.7077,0.1064,0.516
iran_dang2_zaed16,Iranian-17,dft,none,12,1413513995,False,0.9837,7,6,0.9666,-0.7736,6,0.8191,0.7454,0.0005,0.6154,0.7601,0.1553,0.4767
iran_dang2_zaed16,Iranian-17,dft,none,12,1413513995,False,0.9837,8,4,0.7192,3.0978,4,0.7184,0.3499,0.06097,0.5964,0.7259,0.1632,0.4402
iran_dang2_zaed16,Iranian-17,dft,none,12,1413513995,False,0.9837,9,7,0.8898,-2.6644,7,0.7895,0.5391,0.001,0.6046,0.7446,0.3508,0.4951
iran_dang2_zaed16,Iranian-17,dft,none,12,1413513995,False,0.9837,10,5,0.6986,0.4584,5,0.6272,0.3328,0.07296,0.5958,0.7154,0.0147,0.509
iran_dang2_zaed16,Iranian-17,dft,none,12,1413513995,False,0.9837,11,12,0.8637,3.1416,12,0.8637,0.4737,0.002,0.6028,0.7396,0.0276,0.4332
iran_dang2_zaed16,Iranian-17,dft,input_shuffled,12,1413513995,False,0.9512,0,7,0.5591,-2.8772,7,0.5396,0.2297,0.67716,0.6004,0.7337,0.1024,0.4684
iran_dang2_zaed16,Iranian-17,dft,input_shuffled,12,1413513995,False,0.9512,1,12,0.679,-0.0,12,0.679,0.3024,0.1909,0.6087,0.7518,0.0687,0.4712
iran_dang2_zaed16,Iranian-17,dft,input_shuffled,12,1413513995,False,0.9512,2,12,0.9403,3.1416,12,0.9403,0.5595,0.001,0.5998,0.7295,0.0573,0.4573
iran_dang2_zaed16,Iranian-17,dft,input_shuffled,12,1413513995,False,0.9512,3,3,0.7681,2.3109,3,0.5349,0.4102,0.01449,0.5887,0.7171,0.1591,0.4364
iran_dang2_zaed16,Iranian-17,dft,input_shuffled,12,1413513995,False,0.9512,4,7,0.7179,0.9829,5,0.4402,0.3345,0.07746,0.6028,0.7426,0.0188,0.5153
iran_dang2_zaed16,Iranian-17,dft,input_shuffled,12,1413513995,False,0.9512,5,2,0.8189,-2.2441,2,0.5301,0.468,0.01049,0.6093,0.7516,0.2869,0.4763
iran_dang2_zaed16,Iranian-17,dft,input_shuffled,12,1413513995,False,0.9512,6,10,0.6878,0.2594,10,0.6674,0.333,0.11244,0.5983,0.7252,0.0411,0.46
iran_dang2_zaed16,Iranian-17,dft,input_shuffled,12,1413513995,False,0.9512,7,11,0.5869,-1.7059,6,0.3301,0.24,0.55572,0.6074,0.7463,0.4405,0.4481
iran_dang2_zaed16,Iranian-17,dft,input_shuffled,12,1413513995,False,0.9512,8,10,0.6953,-1.2024,11,0.3014,0.3271,0.07396,0.5927,0.713,0.2189,0.4671
iran_dang2_zaed16,Iranian-17,dft,input_shuffled,12,1413513995,False,0.9512,9,7,0.8606,2.4412,7,0.6606,0.5035,0.0005,0.5989,0.73,0.3383,0.4868
iran_dang2_zaed16,Iranian-17,dft,input_shuffled,12,1413513995,False,0.9512,10,3,0.7869,-1.5687,8,0.154,0.4261,0.01599,0.6029,0.7398,0.2845,0.4593
iran_dang2_zaed16,Iranian-17,dft,input_shuffled,12,1413513995,False,0.9512,11,5,0.814,-2.0119,12,0.7664,0.4272,0.01299,0.612,0.7549,0.2679,0.4303
iran_dang2_zaed16,Iranian-17,dft,label_shuffled,12,1413513995,False,0.6341,0,2,0.5398,0.0272,2,0.5396,0.2058,0.8001,0.6044,0.7449,0.1134,0.4667
iran_dang2_zaed16,Iranian-17,dft,label_shuffled,12,1413513995,False,0.6341,1,8,0.6004,-1.1634,6,0.2421,0.2561,0.43478,0.593,0.7163,0.028,0.4838
iran_dang2_zaed16,Iranian-17,dft,label_shuffled,12,1413513995,False,0.6341,2,9,0.6605,0.9142,9,0.4211,0.2949,0.22339,0.6031,0.7414,0.0815,0.4431
iran_dang2_zaed16,Iranian-17,dft,label_shuffled,12,1413513995,False,0.6341,3,10,0.6185,1.8012,6,0.4574,0.2834,0.4013,0.6064,0.7503,0.2752,0.4641
iran_dang2_zaed16,Iranian-17,dft,label_shuffled,12,1413513995,False,0.6341,4,12,0.6067,-0.0,12,0.6067,0.2469,0.41079,0.5954,0.7193,0.2282,0.4471
iran_dang2_zaed16,Iranian-17,dft,label_shuffled,12,1413513995,False,0.6341,5,10,0.5533,0.4153,10,0.5112,0.2021,0.66667,0.5907,0.7164,0.1726,0.4691
iran_dang2_zaed16,Iranian-17,dft,label_shuffled,12,1413513995,False,0.6341,6,5,0.4411,-2.659,5,0.3912,0.1365,1.0,0.6068,0.7421,0.0144,0.4875
iran_dang2_zaed16,Iranian-17,dft,label_shuffled,12,1413513995,False,0.6341,7,3,0.5015,-1.402,10,0.3907,0.1839,0.92304,0.5913,0.7143,0.0388,0.4826
iran_dang2_zaed16,Iranian-17,dft,label_shuffled,12,1413513995,False,0.6341,8,2,0.5722,-2.2236,12,0.4223,0.2298,0.61069,0.5996,0.7334,0.2396,0.4951
iran_dang2_zaed16,Iranian-17,dft,label_shuffled,12,1413513995,False,0.6341,9,9,0.5348,2.5833,8,0.4655,0.2065,0.82559,0.6099,0.7533,0.5784,0.4766
iran_dang2_zaed16,Iranian-17,dft,label_shuffled,12,1413513995,False,0.6341,10,7,0.5866,0.0056,7,0.5866,0.2459,0.53323,0.6027,0.7435,0.0528,0.4884
iran_dang2_zaed16,Iranian-17,dft,label_shuffled,12,1413513995,False,0.6341,11,10,0.6235,1.7514,3,0.5759,0.2781,0.32934,0.5986,0.727,0.073,0.4762
iran_dang2_zaed16,Iranian-17,dft,none,12,138895784,False,0.9146,0,12,0.9374,3.1416,12,0.9374,0.5493,0.0005,0.6062,0.7479,0.1074,0.4939
iran_dang2_zaed16,Iranian-17,dft,none,12,138895784,False,0.9146,1,12,0.6482,-0.0,12,0.6482,0.2881,0.27586,0.6059,0.737,0.1892,0.4218
iran_dang2_zaed16,Iranian-17,dft,none,12,138895784,False,0.9146,2,10,0.8744,2.1067,10,0.4672,0.5294,0.0005,0.594,0.7189,0.1894,0.4949
iran_dang2_zaed16,Iranian-17,dft,none,12,138895784,False,0.9146,3,7,0.8306,-2.2711,7,0.5312,0.4583,0.0055,0.6048,0.7425,0.0727,0.4707
iran_dang2_zaed16,Iranian-17,dft,none,12,138895784,False,0.9146,4,12,0.9727,3.1416,12,0.9727,0.5872,0.001,0.6069,0.7496,0.1222,0.4928
iran_dang2_zaed16,Iranian-17,dft,none,12,138895784,False,0.9146,5,5,0.7689,0.8117,5,0.5325,0.3972,0.02549,0.6047,0.7365,0.0831,0.4195
iran_dang2_zaed16,Iranian-17,dft,none,12,138895784,False,0.9146,6,4,0.6241,2.7185,2,0.5808,0.2753,0.37531,0.6065,0.7454,0.0834,0.4765
iran_dang2_zaed16,Iranian-17,dft,none,12,138895784,False,0.9146,7,2,0.8189,2.9066,2,0.7989,0.4614,0.0085,0.6067,0.7507,0.1257,0.4887
iran_dang2_zaed16,Iranian-17,dft,none,12,138895784,False,0.9146,8,10,0.6611,0.5508,10,0.5726,0.3042,0.22589,0.6072,0.7453,0.0873,0.4636
iran_dang2_zaed16,Iranian-17,dft,none,12,138895784,False,0.9146,9,12,0.6277,-0.0,12,0.6277,0.2698,0.30385,0.597,0.7261,0.1418,0.4712
iran_dang2_zaed16,Iranian-17,dft,none,12,138895784,False,0.9146,10,10,0.7539,2.8566,10,0.7269,0.4039,0.03198,0.6021,0.7363,0.1869,0.5071
iran_dang2_zaed16,Iranian-17,dft,none,12,138895784,False,0.9146,11,2,0.6745,1.4346,3,0.31,0.315,0.1959,0.6096,0.7542,0.0268,0.4602
iran_dang2_zaed16,Iranian-17,dft,input_shuffled,12,138895784,False,0.9024,0,12,0.7391,-0.0,12,0.7391,0.3556,0.04298,0.6018,0.7284,0.1354,0.4687
iran_dang2_zaed16,Iranian-17,dft,input_shuffled,12,138895784,False,0.9024,1,12,0.777,-0.0,12,0.777,0.4078,0.01149,0.5967,0.7271,0.1769,0.4848
iran_dang2_zaed16,Iranian-17,dft,input_shuffled,12,138895784,False,0.9024,2,7,0.7677,-0.9543,7,0.4486,0.4073,0.01499,0.5998,0.7231,0.0077,0.4795
iran_dang2_zaed16,Iranian-17,dft,input_shuffled,12,138895784,False,0.9024,3,2,0.5467,2.0163,11,0.3651,0.2124,0.72614,0.5926,0.7239,0.1713,0.4534
iran_dang2_zaed16,Iranian-17,dft,input_shuffled,12,138895784,False,0.9024,4,12,0.9261,3.1416,12,0.9261,0.5384,0.0005,0.6092,0.7467,0.2054,0.4615
iran_dang2_zaed16,Iranian-17,dft,input_shuffled,12,138895784,False,0.9024,5,5,0.714,1.0472,5,0.3622,0.3536,0.04748,0.5928,0.7116,0.0865,0.4914
iran_dang2_zaed16,Iranian-17,dft,input_shuffled,12,138895784,False,0.9024,6,4,0.679,-3.0703,4,0.677,0.3167,0.17791,0.605,0.7341,0.1243,0.4724
iran_dang2_zaed16,Iranian-17,dft,input_shuffled,12,138895784,False,0.9024,7,2,0.8191,0.1827,2,0.807,0.4879,0.0085,0.6077,0.7443,0.2283,0.4568
iran_dang2_zaed16,Iranian-17,dft,input_shuffled,12,138895784,False,0.9024,8,7,0.9102,-2.6362,7,0.7953,0.5575,0.0005,0.6102,0.752,0.1196,0.4733
iran_dang2_zaed16,Iranian-17,dft,input_shuffled,12,138895784,False,0.9024,9,9,0.6204,-0.4348,10,0.5888,0.2669,0.32284,0.5925,0.723,0.0246,0.4372
iran_dang2_zaed16,Iranian-17,dft,input_shuffled,12,138895784,False,0.9024,10,9,0.5539,-1.2082,10,0.5396,0.2081,0.73613,0.6019,0.7317,0.0467,0.4772
iran_dang2_zaed16,Iranian-17,dft,input_shuffled,12,138895784,False,0.9024,11,2,0.9523,1.9581,2,0.3793,0.6078,0.0005,0.6115,0.7595,0.2934,0.4854
iran_dang2_zaed16,Iranian-17,dft,label_shuffled,12,138895784,False,0.752,0,9,0.5363,2.9494,9,0.5263,0.2026,0.82259,0.6068,0.7474,0.1089,0.463
iran_dang2_zaed16,Iranian-17,dft,label_shuffled,12,138895784,False,0.752,1,2,0.603,2.3524,2,0.438,0.2591,0.43028,0.5965,0.7237,0.291,0.5184
iran_dang2_zaed16,Iranian-17,dft,label_shuffled,12,138895784,False,0.752,2,3,0.6925,-2.7784,3,0.6457,0.3234,0.13793,0.6068,0.7453,0.1791,0.4542
iran_dang2_zaed16,Iranian-17,dft,label_shuffled,12,138895784,False,0.752,3,11,0.4971,0.1803,11,0.4889,0.1686,0.95152,0.6088,0.7472,0.2399,0.4642
iran_dang2_zaed16,Iranian-17,dft,label_shuffled,12,138895784,False,0.752,4,4,0.5261,1.21,2,0.4237,0.1921,0.85907,0.6025,0.7306,0.2701,0.4685
iran_dang2_zaed16,Iranian-17,dft,label_shuffled,12,138895784,False,0.752,5,3,0.6776,-0.1211,3,0.6727,0.3273,0.17941,0.6066,0.7518,0.2031,0.5042
iran_dang2_zaed16,Iranian-17,dft,label_shuffled,12,138895784,False,0.752,6,8,0.6233,-2.8306,8,0.5897,0.2739,0.37331,0.6066,0.7477,0.1484,0.4619
iran_dang2_zaed16,Iranian-17,dft,label_shuffled,12,138895784,False,0.752,7,5,0.5604,2.4803,4,0.4858,0.2199,0.69165,0.6064,0.7479,0.1778,0.4586
iran_dang2_zaed16,Iranian-17,dft,label_shuffled,12,138895784,False,0.752,8,1,0.5875,1.4316,2,0.4666,0.2442,0.55522,0.6032,0.7345,0.5083,0.5056
iran_dang2_zaed16,Iranian-17,dft,label_shuffled,12,138895784,False,0.752,9,4,0.5012,2.6159,12,0.429,0.1802,0.94003,0.608,0.7406,0.0049,0.4887
iran_dang2_zaed16,Iranian-17,dft,label_shuffled,12,138895784,False,0.752,10,5,0.6748,0.5634,5,0.5717,0.312,0.14343,0.5975,0.7243,0.059,0.4913
iran_dang2_zaed16,Iranian-17,dft,label_shuffled,12,138895784,False,0.752,11,8,0.6211,1.0743,6,0.4428,0.2855,0.33583,0.5967,0.7227,0.0696,0.5001
iran_dang2_zaed16,Iranian-17,dft,none,12,993077569,False,0.9228,0,12,0.7847,3.1416,12,0.7847,0.4003,0.01849,0.604,0.7418,0.0699,0.5068
iran_dang2_zaed16,Iranian-17,dft,none,12,993077569,False,0.9228,1,7,0.7146,1.7091,12,0.3878,0.3424,0.08746,0.6054,0.7408,0.0306,0.4627
iran_dang2_zaed16,Iranian-17,dft,none,12,993077569,False,0.9228,2,12,0.9603,3.1416,12,0.9603,0.5746,0.0005,0.6029,0.736,0.1364,0.4973
iran_dang2_zaed16,Iranian-17,dft,none,12,993077569,False,0.9228,3,2,0.7411,1.8631,5,0.4743,0.3807,0.05847,0.6086,0.7486,0.4011,0.4891
iran_dang2_zaed16,Iranian-17,dft,none,12,993077569,False,0.9228,4,2,0.7883,-2.0805,3,0.5418,0.4278,0.02499,0.6098,0.7544,0.2815,0.4609
iran_dang2_zaed16,Iranian-17,dft,none,12,993077569,False,0.9228,5,10,0.5952,-2.093,12,0.4876,0.2429,0.4038,0.5826,0.6924,0.0071,0.4397
iran_dang2_zaed16,Iranian-17,dft,none,12,993077569,False,0.9228,6,12,0.7924,-0.0,12,0.7924,0.4052,0.01099,0.6021,0.7293,0.098,0.4797
iran_dang2_zaed16,Iranian-17,dft,none,12,993077569,False,0.9228,7,3,0.9416,2.82,3,0.895,0.6362,0.0005,0.6101,0.7505,0.1181,0.4999
iran_dang2_zaed16,Iranian-17,dft,none,12,993077569,False,0.9228,8,4,0.7633,0.1495,4,0.7537,0.3942,0.02949,0.6046,0.7448,0.0758,0.5099
iran_dang2_zaed16,Iranian-17,dft,none,12,993077569,False,0.9228,9,6,0.5442,-0.0031,6,0.5442,0.2256,0.71164,0.5873,0.7074,0.2277,0.4287
iran_dang2_zaed16,Iranian-17,dft,none,12,993077569,False,0.9228,10,9,0.7734,-2.2,9,0.4775,0.4176,0.01999,0.5977,0.7275,0.1762,0.4731
iran_dang2_zaed16,Iranian-17,dft,none,12,993077569,False,0.9228,11,3,0.5643,0.5836,9,0.4984,0.2333,0.63268,0.5946,0.7255,0.1094,0.451
iran_dang2_zaed16,Iranian-17,dft,input_shuffled,12,993077569,False,0.9309,0,9,0.964,2.9944,9,0.9534,0.6411,0.0005,0.6074,0.7444,0.2947,0.4971
iran_dang2_zaed16,Iranian-17,dft,input_shuffled,12,993077569,False,0.9309,1,2,0.778,3.108,2,0.7776,0.4381,0.02949,0.6075,0.7458,0.1535,0.5401
iran_dang2_zaed16,Iranian-17,dft,input_shuffled,12,993077569,False,0.9309,2,9,0.9498,-1.7609,9,0.229,0.6211,0.0005,0.6072,0.7515,0.0903,0.481
iran_dang2_zaed16,Iranian-17,dft,input_shuffled,12,993077569,False,0.9309,3,12,0.9625,3.1416,12,0.9625,0.5796,0.001,0.6084,0.7502,0.0546,0.489
iran_dang2_zaed16,Iranian-17,dft,input_shuffled,12,993077569,False,0.9309,4,12,0.6224,3.1416,12,0.6224,0.2588,0.35032,0.5991,0.7255,0.1396,0.5178
iran_dang2_zaed16,Iranian-17,dft,input_shuffled,12,993077569,False,0.9309,5,11,0.5184,0.125,11,0.5143,0.1871,0.87206,0.6009,0.7351,0.115,0.493
iran_dang2_zaed16,Iranian-17,dft,input_shuffled,12,993077569,False,0.9309,6,7,0.7497,-0.6677,7,0.5907,0.3853,0.03548,0.6015,0.7372,0.1247,0.4463
iran_dang2_zaed16,Iranian-17,dft,input_shuffled,12,993077569,False,0.9309,7,12,0.8207,3.1416,12,0.8207,0.4359,0.006,0.6087,0.7441,0.0233,0.4941
iran_dang2_zaed16,Iranian-17,dft,input_shuffled,12,993077569,False,0.9309,8,2,0.7438,2.073,5,0.5418,0.3782,0.07046,0.6137,0.7631,0.1202,0.499
iran_dang2_zaed16,Iranian-17,dft,input_shuffled,12,993077569,False,0.9309,9,7,0.8077,-2.2367,5,0.6257,0.4356,0.0045,0.6013,0.7296,0.0746,0.5273
iran_dang2_zaed16,Iranian-17,dft,input_shuffled,12,993077569,False,0.9309,10,2,0.7731,-0.9779,2,0.4506,0.4145,0.02799,0.6038,0.7434,0.1336,0.5063
iran_dang2_zaed16,Iranian-17,dft,input_shuffled,12,993077569,False,0.9309,11,11,0.6227,0.2471,11,0.6033,0.2552,0.30935,0.5931,0.7191,0.3169,0.5118
iran_dang2_zaed16,Iranian-17,dft,label_shuffled,12,993077569,False,0.7154,0,4,0.5914,-1.8536,11,0.3521,0.2519,0.52174,0.6027,0.7304,0.4102,0.4861
iran_dang2_zaed16,Iranian-17,dft,label_shuffled,12,993077569,False,0.7154,1,4,0.6659,-2.3841,4,0.4693,0.3069,0.1909,0.6039,0.7377,0.1425,0.4141
iran_dang2_zaed16,Iranian-17,dft,label_shuffled,12,993077569,False,0.7154,2,10,0.6738,1.0619,11,0.4608,0.3085,0.1929,0.606,0.7439,0.0708,0.4504
iran_dang2_zaed16,Iranian-17,dft,label_shuffled,12,993077569,False,0.7154,3,11,0.6694,-0.9875,1,0.4421,0.3436,0.09295,0.5811,0.6944,0.3579,0.4766
iran_dang2_zaed16,Iranian-17,dft,label_shuffled,12,993077569,False,0.7154,4,3,0.6692,0.36,3,0.6247,0.314,0.21339,0.6075,0.7544,0.2074,0.5019
iran_dang2_zaed16,Iranian-17,dft,label_shuffled,12,993077569,False,0.7154,5,4,0.5362,2.9347,4,0.5233,0.1975,0.78811,0.5962,0.7207,0.5062,0.4698
iran_dang2_zaed16,Iranian-17,dft,label_shuffled,12,993077569,False,0.7154,6,6,0.7148,-1.4888,11,0.5368,0.3176,0.07846,0.6001,0.7347,0.0089,0.4203
iran_dang2_zaed16,Iranian-17,dft,label_shuffled,12,993077569,False,0.7154,7,2,0.5981,1.1392,11,0.398,0.2476,0.50875,0.6099,0.751,0.208,0.4679
iran_dang2_zaed16,Iranian-17,dft,label_shuffled,12,993077569,False,0.7154,8,4,0.4832,0.0116,4,0.4832,0.1586,0.97401,0.5979,0.7299,0.1038,0.4417
iran_dang2_zaed16,Iranian-17,dft,label_shuffled,12,993077569,False,0.7154,9,6,0.5821,-2.3308,9,0.5166,0.2472,0.58021,0.6035,0.7359,0.0493,0.4675
iran_dang2_zaed16,Iranian-17,dft,label_shuffled,12,993077569,False,0.7154,10,4,0.7144,1.2488,11,0.5142,0.3555,0.10395,0.6091,0.7583,0.2131,0.5211
iran_dang2_zaed16,Iranian-17,dft,label_shuffled,12,993077569,False,0.7154,11,10,0.6704,1.0447,12,0.5235,0.3001,0.15792,0.5993,0.734,0.2721,0.456
iran_dang2_zaed16,Iranian-17,dft,none,12,143351089,False,0.9024,0,12,0.9794,3.1416,12,0.9794,0.5986,0.001,0.6107,0.7509,0.0977,0.4959
iran_dang2_zaed16,Iranian-17,dft,none,12,143351089,False,0.9024,1,3,0.7253,0.8956,3,0.4338,0.3627,0.05097,0.5971,0.7256,0.1527,0.472
iran_dang2_zaed16,Iranian-17,dft,none,12,143351089,False,0.9024,2,8,0.6191,2.063,6,0.5256,0.2947,0.33883,0.5962,0.7213,0.1438,0.4869
iran_dang2_zaed16,Iranian-17,dft,none,12,143351089,False,0.9024,3,9,0.9246,-1.2365,9,0.2594,0.5932,0.0005,0.6058,0.7354,0.1779,0.5006
iran_dang2_zaed16,Iranian-17,dft,none,12,143351089,False,0.9024,4,12,0.8805,-0.0,12,0.8805,0.4926,0.0015,0.6014,0.7426,0.0338,0.4719
iran_dang2_zaed16,Iranian-17,dft,none,12,143351089,False,0.9024,5,7,0.7134,2.6376,7,0.6256,0.3465,0.08246,0.6029,0.7385,0.2079,0.4928
iran_dang2_zaed16,Iranian-17,dft,none,12,143351089,False,0.9024,6,9,0.9218,-3.0075,9,0.9136,0.599,0.0005,0.6024,0.7354,0.159,0.4139
iran_dang2_zaed16,Iranian-17,dft,none,12,143351089,False,0.9024,7,7,0.5407,-1.9049,12,0.4889,0.2054,0.78111,0.6033,0.7366,0.0518,0.472
iran_dang2_zaed16,Iranian-17,dft,none,12,143351089,False,0.9024,8,2,0.6316,-2.0017,2,0.2777,0.2754,0.32434,0.604,0.7434,0.1782,0.5228
iran_dang2_zaed16,Iranian-17,dft,none,12,143351089,False,0.9024,9,3,0.8774,-0.8743,3,0.5845,0.5447,0.0005,0.603,0.7358,0.3626,0.4597
iran_dang2_zaed16,Iranian-17,dft,none,12,143351089,False,0.9024,10,2,0.5759,1.5331,5,0.4606,0.2284,0.63618,0.6115,0.7625,0.3728,0.4863
iran_dang2_zaed16,Iranian-17,dft,none,12,143351089,False,0.9024,11,2,0.6627,-1.8361,10,0.2329,0.2966,0.21239,0.6019,0.7414,0.2912,0.4924
iran_dang2_zaed16,Iranian-17,dft,input_shuffled,12,143351089,False,0.9553,0,3,0.7217,-0.8754,3,0.4802,0.371,0.05847,0.6017,0.7295,0.0058,0.4546
iran_dang2_zaed16,Iranian-17,dft,input_shuffled,12,143351089,False,0.9553,1,5,0.4852,-0.3223,5,0.4601,0.1686,0.96752,0.6,0.731,0.1901,0.4847
iran_dang2_zaed16,Iranian-17,dft,input_shuffled,12,143351089,False,0.9553,2,7,0.6564,-2.0303,5,0.4251,0.2949,0.24388,0.607,0.7538,0.0831,0.4912
iran_dang2_zaed16,Iranian-17,dft,input_shuffled,12,143351089,False,0.9553,3,10,0.6154,-0.8493,10,0.4206,0.2635,0.4058,0.6031,0.7331,0.2522,0.442
iran_dang2_zaed16,Iranian-17,dft,input_shuffled,12,143351089,False,0.9553,4,12,0.7856,-0.0,12,0.7856,0.4001,0.01899,0.6062,0.7441,0.2088,0.4415
iran_dang2_zaed16,Iranian-17,dft,input_shuffled,12,143351089,False,0.9553,5,9,0.9558,-3.0497,9,0.9518,0.6418,0.0005,0.6089,0.7472,0.3793,0.4317
iran_dang2_zaed16,Iranian-17,dft,input_shuffled,12,143351089,False,0.9553,6,9,0.6682,-1.6753,10,0.3885,0.3093,0.18791,0.6037,0.7329,0.0327,0.4706
iran_dang2_zaed16,Iranian-17,dft,input_shuffled,12,143351089,False,0.9553,7,3,0.9321,1.6721,8,0.1862,0.5999,0.0005,0.6083,0.7499,0.2252,0.5164
iran_dang2_zaed16,Iranian-17,dft,input_shuffled,12,143351089,False,0.9553,8,10,0.5735,2.1559,12,0.3707,0.2175,0.46877,0.5733,0.6835,0.1163,0.4097
iran_dang2_zaed16,Iranian-17,dft,input_shuffled,12,143351089,False,0.9553,9,12,0.9719,3.1416,12,0.9719,0.5926,0.0005,0.6034,0.7381,0.2255,0.5164
iran_dang2_zaed16,Iranian-17,dft,input_shuffled,12,143351089,False,0.9553,10,3,0.6247,1.504,11,0.342,0.2715,0.35732,0.6036,0.7366,0.1306,0.4218
iran_dang2_zaed16,Iranian-17,dft,input_shuffled,12,143351089,False,0.9553,11,5,0.627,0.3182,5,0.5958,0.2787,0.35982,0.605,0.7447,0.1699,0.4477
iran_dang2_zaed16,Iranian-17,dft,label_shuffled,12,143351089,False,0.8089,0,8,0.5354,1.9942,10,0.3632,0.2064,0.77961,0.5939,0.7243,0.1847,0.5201
iran_dang2_zaed16,Iranian-17,dft,label_shuffled,12,143351089,False,0.8089,1,9,0.666,1.9469,4,0.3375,0.3082,0.21739,0.6081,0.7564,0.2078,0.4721
iran_dang2_zaed16,Iranian-17,dft,label_shuffled,12,143351089,False,0.8089,2,3,0.5492,-2.439,3,0.4108,0.2117,0.73013,0.6021,0.7397,0.1246,0.4741
iran_dang2_zaed16,Iranian-17,dft,label_shuffled,12,143351089,False,0.8089,3,10,0.5346,2.9487,10,0.5258,0.1971,0.82009,0.6044,0.7472,0.1912,0.5182
iran_dang2_zaed16,Iranian-17,dft,label_shuffled,12,143351089,False,0.8089,4,9,0.6505,0.1271,9,0.6454,0.277,0.24538,0.604,0.7383,0.2944,0.4706
iran_dang2_zaed16,Iranian-17,dft,label_shuffled,12,143351089,False,0.8089,5,3,0.5412,-0.4457,3,0.4908,0.2114,0.78711,0.6013,0.7352,0.1059,0.4965
iran_dang2_zaed16,Iranian-17,dft,label_shuffled,12,143351089,False,0.8089,6,11,0.6148,-2.5633,11,0.509,0.2748,0.37431,0.5993,0.7301,0.2247,0.4655
iran_dang2_zaed16,Iranian-17,dft,label_shuffled,12,143351089,False,0.8089,7,10,0.5051,-2.9367,10,0.4957,0.1693,0.93003,0.6004,0.7298,0.0609,0.477
iran_dang2_zaed16,Iranian-17,dft,label_shuffled,12,143351089,False,0.8089,8,10,0.5227,2.0225,4,0.4447,0.1746,0.87706,0.6106,0.7587,0.0719,0.4596
iran_dang2_zaed16,Iranian-17,dft,label_shuffled,12,143351089,False,0.8089,9,9,0.5379,-2.7592,9,0.5006,0.1934,0.81309,0.6067,0.7501,0.0051,0.4736
iran_dang2_zaed16,Iranian-17,dft,label_shuffled,12,143351089,False,0.8089,10,2,0.5311,-1.2011,7,0.4264,0.1953,0.82909,0.5991,0.7312,0.2697,0.45
iran_dang2_zaed16,Iranian-17,dft,label_shuffled,12,143351089,False,0.8089,11,8,0.5512,-1.5305,10,0.2534,0.222,0.71614,0.6001,0.7341,0.0449,0.5364
iran_dang2_zaed16,Iranian-17,dft,none,12,1978999232,False,0.9187,0,9,0.8997,-1.7811,6,0.2661,0.5843,0.0005,0.6058,0.7441,0.0803,0.5316
iran_dang2_zaed16,Iranian-17,dft,none,12,1978999232,False,0.9187,1,12,0.6241,-0.0,12,0.6241,0.2575,0.34333,0.5984,0.7229,0.151,0.4536
iran_dang2_zaed16,Iranian-17,dft,none,12,1978999232,False,0.9187,2,12,0.7415,-0.0,12,0.7415,0.3571,0.05597,0.6075,0.7441,0.2,0.5006
iran_dang2_zaed16,Iranian-17,dft,none,12,1978999232,False,0.9187,3,2,0.5497,1.3791,8,0.4948,0.2012,0.70915,0.5929,0.7167,0.1963,0.5024
iran_dang2_zaed16,Iranian-17,dft,none,12,1978999232,False,0.9187,4,3,0.7062,2.3594,3,0.5145,0.3579,0.04048,0.5843,0.696,0.1163,0.4529
iran_dang2_zaed16,Iranian-17,dft,none,12,1978999232,False,0.9187,5,12,0.6879,3.1416,12,0.6879,0.3143,0.16042,0.6097,0.7568,0.0556,0.4387
iran_dang2_zaed16,Iranian-17,dft,none,12,1978999232,False,0.9187,6,10,0.71,3.0379,10,0.7066,0.3554,0.09345,0.6053,0.7381,0.0144,0.5107
iran_dang2_zaed16,Iranian-17,dft,none,12,1978999232,False,0.9187,7,3,0.878,2.8944,3,0.8521,0.5387,0.0005,0.6056,0.7412,0.0401,0.467
iran_dang2_zaed16,Iranian-17,dft,none,12,1978999232,False,0.9187,8,12,0.9276,-0.0,12,0.9276,0.5304,0.0005,0.5992,0.7276,0.1104,0.5127
iran_dang2_zaed16,Iranian-17,dft,none,12,1978999232,False,0.9187,9,7,0.7812,0.8032,7,0.5392,0.4094,0.01149,0.6023,0.7365,0.1891,0.4717
iran_dang2_zaed16,Iranian-17,dft,none,12,1978999232,False,0.9187,10,5,0.9017,-2.8569,5,0.8656,0.5528,0.0005,0.6078,0.7509,0.1376,0.484
iran_dang2_zaed16,Iranian-17,dft,none,12,1978999232,False,0.9187,11,5,0.5505,-0.8393,2,0.4504,0.2051,0.73463,0.6048,0.7489,0.0379,0.4818
iran_dang2_zaed16,Iranian-17,dft,input_shuffled,12,1978999232,False,0.9187,0,3,0.8718,1.6155,1,0.1851,0.5156,0.002,0.6069,0.7451,0.1959,0.497
iran_dang2_zaed16,Iranian-17,dft,input_shuffled,12,1978999232,False,0.9187,1,12,0.9556,-0.0,12,0.9556,0.5782,0.001,0.6034,0.7372,0.005,0.44
iran_dang2_zaed16,Iranian-17,dft,input_shuffled,12,1978999232,False,0.9187,2,12,0.6795,-0.0,12,0.6795,0.3246,0.17391,0.6064,0.7487,0.2726,0.4715
iran_dang2_zaed16,Iranian-17,dft,input_shuffled,12,1978999232,False,0.9187,3,2,0.8046,-1.1037,5,0.4827,0.4388,0.01749,0.6073,0.7564,0.0955,0.4766
iran_dang2_zaed16,Iranian-17,dft,input_shuffled,12,1978999232,False,0.9187,4,7,0.7186,0.8049,5,0.6162,0.3456,0.07046,0.6004,0.7337,0.2669,0.4839
iran_dang2_zaed16,Iranian-17,dft,input_shuffled,12,1978999232,False,0.9187,5,3,0.8478,-2.7939,3,0.7953,0.4988,0.0005,0.601,0.7259,0.1114,0.4641
iran_dang2_zaed16,Iranian-17,dft,input_shuffled,12,1978999232,False,0.9187,6,10,0.5732,1.7365,5,0.3839,0.2232,0.50275,0.5781,0.6845,0.1952,0.468
iran_dang2_zaed16,Iranian-17,dft,input_shuffled,12,1978999232,False,0.9187,7,7,0.7919,-1.0859,5,0.3876,0.4294,0.01799,0.6066,0.7519,0.0394,0.5026
iran_dang2_zaed16,Iranian-17,dft,input_shuffled,12,1978999232,False,0.9187,8,2,0.6865,-2.877,2,0.6653,0.3301,0.13943,0.6014,0.7394,0.0354,0.4658
iran_dang2_zaed16,Iranian-17,dft,input_shuffled,12,1978999232,False,0.9187,9,9,0.8087,1.1638,9,0.3543,0.4702,0.007,0.6045,0.7356,0.1266,0.4364
iran_dang2_zaed16,Iranian-17,dft,input_shuffled,12,1978999232,False,0.9187,10,12,0.8811,3.1416,12,0.8811,0.4966,0.0005,0.5861,0.7085,0.0592,0.4724
iran_dang2_zaed16,Iranian-17,dft,input_shuffled,12,1978999232,False,0.9187,11,12,0.8644,-0.0,12,0.8644,0.4722,0.0015,0.6055,0.7425,0.1992,0.5006
iran_dang2_zaed16,Iranian-17,dft,label_shuffled,12,1978999232,False,0.8496,0,2,0.6237,1.1734,6,0.5529,0.2988,0.32334,0.5945,0.7145,0.299,0.4888
iran_dang2_zaed16,Iranian-17,dft,label_shuffled,12,1978999232,False,0.8496,1,4,0.5792,2.3467,10,0.5696,0.2381,0.62669,0.6122,0.7594,0.3456,0.4647
iran_dang2_zaed16,Iranian-17,dft,label_shuffled,12,1978999232,False,0.8496,2,1,0.6871,2.8819,1,0.6635,0.3291,0.04998,0.5738,0.6856,0.2633,0.4993
iran_dang2_zaed16,Iranian-17,dft,label_shuffled,12,1978999232,False,0.8496,3,11,0.5757,-1.0463,3,0.4444,0.2235,0.63268,0.6084,0.7489,0.1854,0.4562
iran_dang2_zaed16,Iranian-17,dft,label_shuffled,12,1978999232,False,0.8496,4,2,0.5562,-2.4253,2,0.4306,0.2212,0.67916,0.5934,0.7166,0.3183,0.4855
iran_dang2_zaed16,Iranian-17,dft,label_shuffled,12,1978999232,False,0.8496,5,9,0.7364,1.4574,10,0.3353,0.373,0.06447,0.6088,0.7479,0.1683,0.4855
iran_dang2_zaed16,Iranian-17,dft,label_shuffled,12,1978999232,False,0.8496,6,4,0.6214,-2.4517,10,0.5147,0.2698,0.38881,0.608,0.7482,0.5776,0.4893
iran_dang2_zaed16,Iranian-17,dft,label_shuffled,12,1978999232,False,0.8496,7,3,0.6052,3.1261,3,0.6051,0.2579,0.41929,0.5986,0.7327,0.1374,0.4694
iran_dang2_zaed16,Iranian-17,dft,label_shuffled,12,1978999232,False,0.8496,8,3,0.6013,0.4106,3,0.5492,0.2664,0.48176,0.6061,0.7424,0.0338,0.4619
iran_dang2_zaed16,Iranian-17,dft,label_shuffled,12,1978999232,False,0.8496,9,4,0.5798,2.8419,4,0.5508,0.2329,0.5907,0.6052,0.743,0.1274,0.4583
iran_dang2_zaed16,Iranian-17,dft,label_shuffled,12,1978999232,False,0.8496,10,6,0.4612,-0.0833,6,0.4606,0.1589,0.98601,0.5946,0.7186,0.0525,0.4828
iran_dang2_zaed16,Iranian-17,dft,label_shuffled,12,1978999232,False,0.8496,11,9,0.682,-0.3513,9,0.6388,0.3121,0.17041,0.6079,0.7455,0.0834,0.4686
iran_dang2_zaed16,Iranian-17,dft,none,12,1122070796,False,0.9472,0,2,0.5485,-1.9669,3,0.3383,0.2136,0.72314,0.5934,0.7227,0.1439,0.4612
iran_dang2_zaed16,Iranian-17,dft,none,12,1122070796,False,0.9472,1,2,0.5427,-2.4818,2,0.4386,0.2044,0.77361,0.6008,0.731,0.0076,0.4278
iran_dang2_zaed16,Iranian-17,dft,none,12,1122070796,False,0.9472,2,3,0.9648,3.0753,3,0.9627,0.6439,0.0005,0.6078,0.7479,0.0924,0.4847
iran_dang2_zaed16,Iranian-17,dft,none,12,1122070796,False,0.9472,3,5,0.784,1.2059,12,0.7171,0.4041,0.01149,0.5967,0.7317,0.0879,0.4562
iran_dang2_zaed16,Iranian-17,dft,none,12,1122070796,False,0.9472,4,5,0.7894,-1.0369,5,0.3961,0.4187,0.0045,0.595,0.7228,0.113,0.4723
iran_dang2_zaed16,Iranian-17,dft,none,12,1122070796,False,0.9472,5,6,0.769,-1.1378,6,0.4495,0.3912,0.02849,0.604,0.7431,0.0798,0.4939
iran_dang2_zaed16,Iranian-17,dft,none,12,1122070796,False,0.9472,6,10,0.7726,-2.6531,10,0.6912,0.4251,0.02649,0.6066,0.7446,0.2316,0.4695
iran_dang2_zaed16,Iranian-17,dft,none,12,1122070796,False,0.9472,7,12,0.8048,3.1416,12,0.8048,0.4234,0.0095,0.6072,0.7431,0.2874,0.4701
iran_dang2_zaed16,Iranian-17,dft,none,12,1122070796,False,0.9472,8,12,0.9558,3.1416,12,0.9558,0.5663,0.0005,0.6052,0.7401,0.038,0.4711
iran_dang2_zaed16,Iranian-17,dft,none,12,1122070796,False,0.9472,9,7,0.7783,-0.4912,7,0.6872,0.4089,0.03398,0.6115,0.7559,0.0148,0.4926
iran_dang2_zaed16,Iranian-17,dft,none,12,1122070796,False,0.9472,10,9,0.9748,-1.5052,4,0.2171,0.6593,0.0005,0.6118,0.7575,0.0169,0.4778
iran_dang2_zaed16,Iranian-17,dft,none,12,1122070796,False,0.9472,11,4,0.5705,1.8577,1,0.3618,0.2341,0.49725,0.5767,0.698,0.1807,0.5307
iran_dang2_zaed16,Iranian-17,dft,input_shuffled,12,1122070796,False,0.935,0,7,0.6242,2.4041,7,0.4641,0.2689,0.37781,0.607,0.7477,0.0198,0.4513
iran_dang2_zaed16,Iranian-17,dft,input_shuffled,12,1122070796,False,0.935,1,3,0.7437,1.6558,4,0.4953,0.3853,0.03398,0.6006,0.7287,0.1643,0.4823
iran_dang2_zaed16,Iranian-17,dft,input_shuffled,12,1122070796,False,0.935,2,12,0.9644,-0.0,12,0.9644,0.5834,0.0005,0.6045,0.7431,0.0522,0.5144
iran_dang2_zaed16,Iranian-17,dft,input_shuffled,12,1122070796,False,0.935,3,12,0.8575,-0.0,12,0.8575,0.4681,0.003,0.6047,0.7413,0.0658,0.4574
iran_dang2_zaed16,Iranian-17,dft,input_shuffled,12,1122070796,False,0.935,4,7,0.638,3.0513,7,0.6354,0.2959,0.29835,0.6025,0.7404,0.3777,0.5072
iran_dang2_zaed16,Iranian-17,dft,input_shuffled,12,1122070796,False,0.935,5,12,0.6378,3.1416,12,0.6378,0.2684,0.33033,0.6115,0.7507,0.2119,0.4905
iran_dang2_zaed16,Iranian-17,dft,input_shuffled,12,1122070796,False,0.935,6,5,0.6009,-2.4166,5,0.4517,0.2434,0.48026,0.6046,0.7488,0.1392,0.5584
iran_dang2_zaed16,Iranian-17,dft,input_shuffled,12,1122070796,False,0.935,7,3,0.9597,-3.1222,3,0.9596,0.6468,0.0005,0.6068,0.7496,0.0329,0.5071
iran_dang2_zaed16,Iranian-17,dft,input_shuffled,12,1122070796,False,0.935,8,7,0.5708,1.78,4,0.4365,0.2301,0.62119,0.6001,0.7305,0.0491,0.4831
iran_dang2_zaed16,Iranian-17,dft,input_shuffled,12,1122070796,False,0.935,9,5,0.6429,2.6588,5,0.5687,0.283,0.27686,0.6034,0.7327,0.0323,0.4548
iran_dang2_zaed16,Iranian-17,dft,input_shuffled,12,1122070796,False,0.935,10,9,0.7395,1.4669,10,0.3794,0.3866,0.06947,0.6116,0.7518,0.0747,0.5151
iran_dang2_zaed16,Iranian-17,dft,input_shuffled,12,1122070796,False,0.935,11,10,0.7671,2.9561,10,0.7555,0.4177,0.01649,0.5971,0.7249,0.066,0.5085
iran_dang2_zaed16,Iranian-17,dft,label_shuffled,12,1122070796,False,0.7073,0,4,0.5172,1.0846,6,0.2433,0.1908,0.85257,0.586,0.7095,0.2663,0.427
iran_dang2_zaed16,Iranian-17,dft,label_shuffled,12,1122070796,False,0.7073,1,8,0.644,-2.1857,8,0.356,0.2917,0.24238,0.5958,0.7209,0.2806,0.5077
iran_dang2_zaed16,Iranian-17,dft,label_shuffled,12,1122070796,False,0.7073,2,2,0.7177,-0.3282,2,0.6836,0.3728,0.08846,0.6075,0.7485,0.0677,0.4637
iran_dang2_zaed16,Iranian-17,dft,label_shuffled,12,1122070796,False,0.7073,3,5,0.5211,2.9173,5,0.508,0.1985,0.85457,0.593,0.714,0.1019,0.4966
iran_dang2_zaed16,Iranian-17,dft,label_shuffled,12,1122070796,False,0.7073,4,3,0.5124,3.0564,3,0.5106,0.1873,0.88806,0.5938,0.7203,0.2453,0.4896
iran_dang2_zaed16,Iranian-17,dft,label_shuffled,12,1122070796,False,0.7073,5,1,0.6522,-1.8217,4,0.3957,0.2824,0.27936,0.6102,0.7581,0.4486,0.4585
iran_dang2_zaed16,Iranian-17,dft,label_shuffled,12,1122070796,False,0.7073,6,9,0.503,0.8303,12,0.4168,0.1779,0.93203,0.5991,0.729,0.0627,0.4699
iran_dang2_zaed16,Iranian-17,dft,label_shuffled,12,1122070796,False,0.7073,7,11,0.5316,0.6556,11,0.4143,0.1903,0.83558,0.6057,0.7394,0.1893,0.4303
iran_dang2_zaed16,Iranian-17,dft,label_shuffled,12,1122070796,False,0.7073,8,7,0.5643,-0.9056,2,0.4386,0.2208,0.70415,0.6081,0.7418,0.3852,0.4804
iran_dang2_zaed16,Iranian-17,dft,label_shuffled,12,1122070796,False,0.7073,9,8,0.5854,0.386,8,0.5373,0.2338,0.51274,0.5965,0.7256,0.2013,0.446
iran_dang2_zaed16,Iranian-17,dft,label_shuffled,12,1122070796,False,0.7073,10,7,0.6377,2.6268,5,0.5916,0.2856,0.26387,0.597,0.7243,0.1277,0.491
iran_dang2_zaed16,Iranian-17,dft,label_shuffled,12,1122070796,False,0.7073,11,6,0.5632,2.5845,6,0.523,0.2402,0.67966,0.6039,0.7384,0.0518,0.4568
iran_dang2_zaed16,Iranian-17,dft,none,12,139704691,False,0.9715,0,11,0.6192,-2.0716,2,0.3969,0.2638,0.41729,0.6088,0.7517,0.273,0.4899
iran_dang2_zaed16,Iranian-17,dft,none,12,139704691,False,0.9715,1,12,0.8878,3.1416,12,0.8878,0.4951,0.0005,0.6032,0.7427,0.1053,0.4338
iran_dang2_zaed16,Iranian-17,dft,none,12,139704691,False,0.9715,2,7,0.7149,-0.8943,5,0.5568,0.3447,0.09145,0.6048,0.7467,0.078,0.4926
iran_dang2_zaed16,Iranian-17,dft,none,12,139704691,False,0.9715,3,12,0.5984,3.1416,12,0.5984,0.2457,0.45027,0.596,0.725,0.2187,0.4745
iran_dang2_zaed16,Iranian-17,dft,none,12,139704691,False,0.9715,4,12,0.9812,3.1416,12,0.9812,0.5946,0.001,0.6076,0.7479,0.1133,0.4608
iran_dang2_zaed16,Iranian-17,dft,none,12,139704691,False,0.9715,5,12,0.8945,-0.0,12,0.8945,0.5086,0.001,0.6028,0.7297,0.0577,0.4665
iran_dang2_zaed16,Iranian-17,dft,none,12,139704691,False,0.9715,6,9,0.856,-3.1097,9,0.8556,0.5412,0.003,0.6081,0.7487,0.2137,0.4594
iran_dang2_zaed16,Iranian-17,dft,none,12,139704691,False,0.9715,7,6,0.9635,0.7851,6,0.811,0.7391,0.0005,0.6159,0.7636,0.0833,0.476
iran_dang2_zaed16,Iranian-17,dft,none,12,139704691,False,0.9715,8,9,0.9218,-1.688,10,0.249,0.606,0.0005,0.607,0.7493,0.0395,0.4641
iran_dang2_zaed16,Iranian-17,dft,none,12,139704691,False,0.9715,9,2,0.593,-1.4193,9,0.4018,0.2405,0.44178,0.5892,0.7094,0.2088,0.4773
iran_dang2_zaed16,Iranian-17,dft,none,12,139704691,False,0.9715,10,7,0.7618,2.4195,7,0.5741,0.3955,0.03998,0.6098,0.7516,0.0407,0.5187
iran_dang2_zaed16,Iranian-17,dft,none,12,139704691,False,0.9715,11,3,0.7999,2.1992,3,0.4933,0.4755,0.01999,0.6088,0.7553,0.1193,0.4805
iran_dang2_zaed16,Iranian-17,dft,input_shuffled,12,139704691,False,0.8902,0,3,0.919,-0.1885,3,0.9031,0.5806,0.0005,0.6021,0.7359,0.0911,0.4502
iran_dang2_zaed16,Iranian-17,dft,input_shuffled,12,139704691,False,0.8902,1,5,0.589,0.269,5,0.568,0.2347,0.43228,0.5834,0.6939,0.068,0.5217
iran_dang2_zaed16,Iranian-17,dft,input_shuffled,12,139704691,False,0.8902,2,7,0.733,-2.7779,7,0.6847,0.3662,0.06297,0.6058,0.7462,0.4027,0.4815
iran_dang2_zaed16,Iranian-17,dft,input_shuffled,12,139704691,False,0.8902,3,5,0.84,1.3447,7,0.3806,0.4816,0.003,0.6066,0.7443,0.093,0.4929
iran_dang2_zaed16,Iranian-17,dft,input_shuffled,12,139704691,False,0.8902,4,12,0.9245,3.1416,12,0.9245,0.5379,0.0005,0.6011,0.7347,0.0485,0.4862
iran_dang2_zaed16,Iranian-17,dft,input_shuffled,12,139704691,False,0.8902,5,12,0.6859,-0.0,12,0.6859,0.3089,0.10095,0.5924,0.7161,0.11,0.5088
iran_dang2_zaed16,Iranian-17,dft,input_shuffled,12,139704691,False,0.8902,6,2,0.5661,1.4159,6,0.4033,0.2279,0.68766,0.6097,0.7472,0.0088,0.4808
iran_dang2_zaed16,Iranian-17,dft,input_shuffled,12,139704691,False,0.8902,7,5,0.6575,0.2635,5,0.6349,0.3001,0.17691,0.5942,0.7164,0.2722,0.5143
iran_dang2_zaed16,Iranian-17,dft,input_shuffled,12,139704691,False,0.8902,8,9,0.9059,1.3654,4,0.2895,0.5783,0.001,0.604,0.735,0.0777,0.48
iran_dang2_zaed16,Iranian-17,dft,input_shuffled,12,139704691,False,0.8902,9,2,0.5561,-0.0619,2,0.5551,0.2128,0.70465,0.604,0.7455,0.0586,0.4157
iran_dang2_zaed16,Iranian-17,dft,input_shuffled,12,139704691,False,0.8902,10,12,0.9521,-0.0,12,0.9521,0.5679,0.0005,0.6082,0.7511,0.2077,0.4851
iran_dang2_zaed16,Iranian-17,dft,input_shuffled,12,139704691,False,0.8902,11,12,0.6254,3.1416,12,0.6254,0.2615,0.36882,0.6082,0.7514,0.1819,0.5067
iran_dang2_zaed16,Iranian-17,dft,label_shuffled,12,139704691,False,0.6951,0,9,0.5596,0.7492,9,0.4195,0.2195,0.65817,0.5942,0.7178,0.4164,0.4398
iran_dang2_zaed16,Iranian-17,dft,label_shuffled,12,139704691,False,0.6951,1,1,0.6282,1.3937,6,0.4339,0.2823,0.28386,0.5946,0.7212,0.4442,0.5211
iran_dang2_zaed16,Iranian-17,dft,label_shuffled,12,139704691,False,0.6951,2,9,0.515,-2.4736,6,0.4274,0.1961,0.90255,0.6058,0.7486,0.1228,0.4903
iran_dang2_zaed16,Iranian-17,dft,label_shuffled,12,139704691,False,0.6951,3,6,0.5441,0.5252,6,0.51,0.2196,0.76462,0.5974,0.7258,0.2802,0.4635
iran_dang2_zaed16,Iranian-17,dft,label_shuffled,12,139704691,False,0.6951,4,3,0.5414,0.3947,3,0.4981,0.2023,0.8081,0.6097,0.75,0.2316,0.5111
iran_dang2_zaed16,Iranian-17,dft,label_shuffled,12,139704691,False,0.6951,5,1,0.5278,-2.5111,11,0.4754,0.196,0.88306,0.6148,0.7578,0.4223,0.4806
iran_dang2_zaed16,Iranian-17,dft,label_shuffled,12,139704691,False,0.6951,6,5,0.6581,1.8051,4,0.4596,0.2933,0.23938,0.6054,0.7434,0.0515,0.4274
iran_dang2_zaed16,Iranian-17,dft,label_shuffled,12,139704691,False,0.6951,7,9,0.5538,-2.4964,6,0.4984,0.2313,0.71964,0.603,0.7413,0.2642,0.5067
iran_dang2_zaed16,Iranian-17,dft,label_shuffled,12,139704691,False,0.6951,8,1,0.7266,1.9977,7,0.3074,0.3633,0.06447,0.605,0.7353,0.6421,0.4779
iran_dang2_zaed16,Iranian-17,dft,label_shuffled,12,139704691,False,0.6951,9,7,0.5538,2.1526,6,0.3288,0.2169,0.67766,0.5943,0.7264,0.2431,0.4482
iran_dang2_zaed16,Iranian-17,dft,label_shuffled,12,139704691,False,0.6951,10,7,0.5392,-0.2891,7,0.5169,0.2102,0.81859,0.6096,0.7432,0.0211,0.4828
iran_dang2_zaed16,Iranian-17,dft,label_shuffled,12,139704691,False,0.6951,11,7,0.4952,1.2791,6,0.3892,0.1793,0.96252,0.6128,0.7605,0.3552,0.4425
iran_dang3_nozaed15,Iranian-17,dft,none,8,757195984,False,0.8512,0,3,0.6735,-0.2599,3,0.6516,0.312,0.18591,0.6075,0.7485,0.1149,0.4208
iran_dang3_nozaed15,Iranian-17,dft,none,8,757195984,False,0.8512,1,12,0.8524,-0.0,12,0.8524,0.4604,0.002,0.6059,0.7397,0.1485,0.4898
iran_dang3_nozaed15,Iranian-17,dft,none,8,757195984,False,0.8512,2,3,0.899,-1.3973,9,0.2207,0.562,0.001,0.608,0.748,0.2679,0.4545
iran_dang3_nozaed15,Iranian-17,dft,none,8,757195984,False,0.8512,3,12,0.9648,-0.0,12,0.9648,0.5753,0.0015,0.6094,0.7485,0.136,0.4272
iran_dang3_nozaed15,Iranian-17,dft,none,8,757195984,False,0.8512,4,3,0.8694,-2.8348,3,0.8275,0.529,0.001,0.6058,0.7453,0.1081,0.5017
iran_dang3_nozaed15,Iranian-17,dft,none,8,757195984,False,0.8512,5,5,0.7831,2.6027,5,0.6709,0.4074,0.01299,0.5993,0.7336,0.1041,0.5018
iran_dang3_nozaed15,Iranian-17,dft,none,8,757195984,False,0.8512,6,12,0.6819,3.1416,12,0.6819,0.3111,0.16142,0.6049,0.744,0.0082,0.4618
iran_dang3_nozaed15,Iranian-17,dft,none,8,757195984,False,0.8512,7,7,0.771,2.4241,7,0.5834,0.4047,0.02699,0.6074,0.7438,0.2672,0.4801
iran_dang3_nozaed15,Iranian-17,dft,input_shuffled,8,757195984,False,0.8347,0,12,0.9348,3.1416,12,0.9348,0.5526,0.001,0.6071,0.7474,0.1336,0.4724
iran_dang3_nozaed15,Iranian-17,dft,input_shuffled,8,757195984,False,0.8347,1,12,0.8617,-0.0,12,0.8617,0.4727,0.004,0.6093,0.7518,0.2346,0.4372
iran_dang3_nozaed15,Iranian-17,dft,input_shuffled,8,757195984,False,0.8347,2,9,0.7745,-1.4973,11,0.1814,0.4063,0.02099,0.606,0.742,0.1995,0.4371
iran_dang3_nozaed15,Iranian-17,dft,input_shuffled,8,757195984,False,0.8347,3,2,0.6765,-0.0362,2,0.6761,0.318,0.16242,0.6015,0.7458,0.013,0.5063
iran_dang3_nozaed15,Iranian-17,dft,input_shuffled,8,757195984,False,0.8347,4,5,0.6367,-2.8955,5,0.6176,0.2811,0.26087,0.595,0.7228,0.3089,0.431
iran_dang3_nozaed15,Iranian-17,dft,input_shuffled,8,757195984,False,0.8347,5,5,0.7768,0.7987,5,0.5451,0.3903,0.02049,0.6034,0.7423,0.2172,0.4702
iran_dang3_nozaed15,Iranian-17,dft,input_shuffled,8,757195984,False,0.8347,6,3,0.8931,0.2732,3,0.8591,0.56,0.0005,0.6071,0.7489,0.0744,0.445
iran_dang3_nozaed15,Iranian-17,dft,input_shuffled,8,757195984,False,0.8347,7,5,0.8167,-1.9044,7,0.3169,0.4533,0.009,0.6049,0.7472,0.0981,0.4803
iran_dang3_nozaed15,Iranian-17,dft,label_shuffled,8,757195984,False,0.719,0,5,0.5195,-1.3121,10,0.462,0.1956,0.87556,0.6048,0.7451,0.0814,0.4619
iran_dang3_nozaed15,Iranian-17,dft,label_shuffled,8,757195984,False,0.719,1,2,0.6903,2.5961,2,0.5997,0.3343,0.10195,0.5978,0.726,0.1875,0.4931
iran_dang3_nozaed15,Iranian-17,dft,label_shuffled,8,757195984,False,0.719,2,6,0.5647,-1.559,4,0.4363,0.203,0.67266,0.6045,0.7362,0.0831,0.4678
iran_dang3_nozaed15,Iranian-17,dft,label_shuffled,8,757195984,False,0.719,3,5,0.5865,-1.7873,3,0.3114,0.2484,0.55822,0.6081,0.7529,0.2538,0.4557
iran_dang3_nozaed15,Iranian-17,dft,label_shuffled,8,757195984,False,0.719,4,8,0.5071,2.5391,8,0.4091,0.1759,0.92804,0.6066,0.7477,0.0813,0.4121
iran_dang3_nozaed15,Iranian-17,dft,label_shuffled,8,757195984,False,0.719,5,7,0.6082,2.8287,7,0.5788,0.2601,0.46127,0.6109,0.7604,0.17,0.5003
iran_dang3_nozaed15,Iranian-17,dft,label_shuffled,8,757195984,False,0.719,6,6,0.5617,-2.962,6,0.558,0.2404,0.63468,0.5927,0.7235,0.1177,0.5187
iran_dang3_nozaed15,Iranian-17,dft,label_shuffled,8,757195984,False,0.719,7,6,0.7051,1.8529,6,0.2902,0.3249,0.08546,0.5977,0.7284,0.0462,0.442
iran_dang3_nozaed15,Iranian-17,dft,none,8,1586062359,False,0.719,0,6,0.501,-2.3959,6,0.431,0.1816,0.91454,0.5814,0.6949,0.0776,0.4622
iran_dang3_nozaed15,Iranian-17,dft,none,8,1586062359,False,0.719,1,7,0.5313,-0.5279,12,0.5292,0.198,0.78561,0.5914,0.7203,0.1209,0.4858
iran_dang3_nozaed15,Iranian-17,dft,none,8,1586062359,False,0.719,2,7,0.7764,1.9722,7,0.3101,0.4146,0.01849,0.6029,0.7346,0.0427,0.4446
iran_dang3_nozaed15,Iranian-17,dft,none,8,1586062359,False,0.719,3,3,0.8808,-1.6882,10,0.2747,0.5466,0.0005,0.604,0.7355,0.2566,0.4457
iran_dang3_nozaed15,Iranian-17,dft,none,8,1586062359,False,0.719,4,7,0.8139,-1.9786,5,0.4699,0.4445,0.008,0.6085,0.7504,0.0633,0.5064
iran_dang3_nozaed15,Iranian-17,dft,none,8,1586062359,False,0.719,5,12,0.8808,3.1416,12,0.8808,0.4966,0.0035,0.6105,0.7542,0.0009,0.5039
iran_dang3_nozaed15,Iranian-17,dft,none,8,1586062359,False,0.719,6,5,0.7075,1.0474,12,0.5629,0.3338,0.10745,0.6059,0.7531,0.2666,0.4681
iran_dang3_nozaed15,Iranian-17,dft,none,8,1586062359,False,0.719,7,12,0.7264,-0.0,12,0.7264,0.3453,0.08346,0.6095,0.7503,0.0739,0.4701
iran_dang3_nozaed15,Iranian-17,dft,input_shuffled,8,1586062359,False,0.9091,0,12,0.8273,-0.0,12,0.8273,0.4397,0.006,0.6081,0.7515,0.1613,0.4761
iran_dang3_nozaed15,Iranian-17,dft,input_shuffled,8,1586062359,False,0.9091,1,2,0.8723,0.7829,2,0.6373,0.5273,0.0035,0.6094,0.7573,0.2447,0.553
iran_dang3_nozaed15,Iranian-17,dft,input_shuffled,8,1586062359,False,0.9091,2,2,0.7026,-2.8907,2,0.6831,0.3398,0.09795,0.6005,0.7384,0.1396,0.4665
iran_dang3_nozaed15,Iranian-17,dft,input_shuffled,8,1586062359,False,0.9091,3,7,0.677,-0.8309,12,0.6648,0.3024,0.14093,0.5988,0.7264,0.0951,0.4721
iran_dang3_nozaed15,Iranian-17,dft,input_shuffled,8,1586062359,False,0.9091,4,3,0.7007,1.6469,2,0.2917,0.3449,0.13543,0.6071,0.7532,0.0877,0.4526
iran_dang3_nozaed15,Iranian-17,dft,input_shuffled,8,1586062359,False,0.9091,5,7,0.7264,2.0009,7,0.309,0.3574,0.07396,0.6064,0.7458,0.2819,0.4707
iran_dang3_nozaed15,Iranian-17,dft,input_shuffled,8,1586062359,False,0.9091,6,7,0.6429,-2.8122,7,0.6081,0.2767,0.25887,0.6004,0.7305,0.2537,0.4955
iran_dang3_nozaed15,Iranian-17,dft,input_shuffled,8,1586062359,False,0.9091,7,3,0.9096,-2.9408,3,0.891,0.5776,0.0005,0.6049,0.7408,0.0629,0.4837
iran_dang3_nozaed15,Iranian-17,dft,label_shuffled,8,1586062359,False,0.7438,0,6,0.5693,-2.5643,6,0.5252,0.2416,0.63668,0.6024,0.7446,0.121,0.4046
iran_dang3_nozaed15,Iranian-17,dft,label_shuffled,8,1586062359,False,0.7438,1,5,0.4781,-0.0151,5,0.4781,0.1593,0.95002,0.5679,0.6754,0.2647,0.4736
iran_dang3_nozaed15,Iranian-17,dft,label_shuffled,8,1586062359,False,0.7438,2,8,0.6231,-0.2556,8,0.6003,0.2703,0.4028,0.6102,0.7487,0.1438,0.449
iran_dang3_nozaed15,Iranian-17,dft,label_shuffled,8,1586062359,False,0.7438,3,10,0.5228,-0.737,8,0.4888,0.1934,0.89105,0.6111,0.751,0.2867,0.5012
iran_dang3_nozaed15,Iranian-17,dft,label_shuffled,8,1586062359,False,0.7438,4,10,0.5322,0.9859,8,0.4326,0.1993,0.83208,0.6043,0.7404,0.104,0.5123
iran_dang3_nozaed15,Iranian-17,dft,label_shuffled,8,1586062359,False,0.7438,5,7,0.5567,-0.6909,7,0.4306,0.2172,0.68916,0.5978,0.7357,0.1893,0.4661
iran_dang3_nozaed15,Iranian-17,dft,label_shuffled,8,1586062359,False,0.7438,6,7,0.4511,-1.0969,12,0.3476,0.1373,0.9975,0.6028,0.7432,0.1729,0.5254
iran_dang3_nozaed15,Iranian-17,dft,label_shuffled,8,1586062359,False,0.7438,7,10,0.5622,-2.722,10,0.5186,0.2148,0.5957,0.5848,0.7024,0.2075,0.47
iran_dang3_nozaed15,Iranian-17,dft,none,8,434577461,False,0.8678,0,3,0.6108,1.1168,8,0.5024,0.2551,0.43828,0.6077,0.7547,0.0982,0.4373
iran_dang3_nozaed15,Iranian-17,dft,none,8,434577461,False,0.8678,1,7,0.8353,-0.4055,7,0.7682,0.4685,0.0035,0.6068,0.7492,0.0266,0.5154
iran_dang3_nozaed15,Iranian-17,dft,none,8,434577461,False,0.8678,2,12,0.8265,-0.0,12,0.8265,0.4416,0.001,0.5846,0.7024,0.0923,0.4512
iran_dang3_nozaed15,Iranian-17,dft,none,8,434577461,False,0.8678,3,9,0.7878,-3.1369,9,0.7878,0.4211,0.01749,0.6078,0.7438,0.1008,0.4497
iran_dang3_nozaed15,Iranian-17,dft,none,8,434577461,False,0.8678,4,3,0.8777,1.2491,10,0.35,0.5384,0.001,0.6055,0.7486,0.1388,0.4597
iran_dang3_nozaed15,Iranian-17,dft,none,8,434577461,False,0.8678,5,12,0.8518,3.1416,12,0.8518,0.4605,0.004,0.6085,0.7503,0.1367,0.5261
iran_dang3_nozaed15,Iranian-17,dft,none,8,434577461,False,0.8678,6,7,0.6229,2.7358,12,0.61,0.2734,0.35682,0.602,0.7382,0.1069,0.4706
iran_dang3_nozaed15,Iranian-17,dft,none,8,434577461,False,0.8678,7,7,0.7327,-2.1592,7,0.4019,0.3609,0.04748,0.5965,0.7279,0.0539,0.4663
iran_dang3_nozaed15,Iranian-17,dft,input_shuffled,8,434577461,False,0.9669,0,10,0.5056,0.77,10,0.3738,0.1738,0.93303,0.6051,0.7454,0.0639,0.4403
iran_dang3_nozaed15,Iranian-17,dft,input_shuffled,8,434577461,False,0.9669,1,7,0.7321,-0.4947,5,0.7014,0.3719,0.06447,0.6056,0.7453,0.1469,0.477
iran_dang3_nozaed15,Iranian-17,dft,input_shuffled,8,434577461,False,0.9669,2,6,0.6243,-1.4807,12,0.4709,0.2427,0.32284,0.5947,0.7239,0.0322,0.429
iran_dang3_nozaed15,Iranian-17,dft,input_shuffled,8,434577461,False,0.9669,3,7,0.6276,1.3749,12,0.4657,0.2698,0.37881,0.6098,0.756,0.2253,0.5016
iran_dang3_nozaed15,Iranian-17,dft,input_shuffled,8,434577461,False,0.9669,4,3,0.7598,2.5863,9,0.7148,0.4112,0.03498,0.6078,0.7414,0.0463,0.4747
iran_dang3_nozaed15,Iranian-17,dft,input_shuffled,8,434577461,False,0.9669,5,12,0.8141,-0.0,12,0.8141,0.4273,0.0095,0.6076,0.7485,0.209,0.4284
iran_dang3_nozaed15,Iranian-17,dft,input_shuffled,8,434577461,False,0.9669,6,12,0.8478,-0.0,12,0.8478,0.4563,0.003,0.6032,0.7449,0.1263,0.4795
iran_dang3_nozaed15,Iranian-17,dft,input_shuffled,8,434577461,False,0.9669,7,6,0.98,0.7374,6,0.8467,0.7882,0.0005,0.612,0.7609,0.0564,0.4654
iran_dang3_nozaed15,Iranian-17,dft,label_shuffled,8,434577461,False,0.8017,0,3,0.6806,1.3298,6,0.2739,0.3284,0.12894,0.595,0.7241,0.0408,0.4957
iran_dang3_nozaed15,Iranian-17,dft,label_shuffled,8,434577461,False,0.8017,1,11,0.6198,-3.0097,11,0.6144,0.2648,0.27786,0.5834,0.7038,0.159,0.4562
iran_dang3_nozaed15,Iranian-17,dft,label_shuffled,8,434577461,False,0.8017,2,2,0.6103,-0.1211,2,0.6064,0.2837,0.38131,0.5983,0.738,0.0527,0.4615
iran_dang3_nozaed15,Iranian-17,dft,label_shuffled,8,434577461,False,0.8017,3,2,0.6172,1.297,3,0.4463,0.2649,0.37081,0.6013,0.7373,0.0685,0.5004
iran_dang3_nozaed15,Iranian-17,dft,label_shuffled,8,434577461,False,0.8017,4,7,0.5935,0.297,7,0.5674,0.244,0.49075,0.603,0.7404,0.0112,0.5066
iran_dang3_nozaed15,Iranian-17,dft,label_shuffled,8,434577461,False,0.8017,5,5,0.4951,-2.9813,5,0.4887,0.1726,0.93653,0.597,0.7271,0.0151,0.4422
iran_dang3_nozaed15,Iranian-17,dft,label_shuffled,8,434577461,False,0.8017,6,8,0.6288,-1.4959,9,0.5771,0.2766,0.31784,0.5982,0.7186,0.1866,0.5016
iran_dang3_nozaed15,Iranian-17,dft,label_shuffled,8,434577461,False,0.8017,7,8,0.5629,-0.0721,8,0.5612,0.2199,0.68916,0.6057,0.7384,0.0293,0.4907
iran_dang3_nozaed15,Iranian-17,dft,none,8,1807480408,False,0.8678,0,3,0.8941,-1.757,10,0.2993,0.5633,0.0005,0.601,0.7319,0.1369,0.4966
iran_dang3_nozaed15,Iranian-17,dft,none,8,1807480408,False,0.8678,1,2,0.5917,2.1622,3,0.4723,0.2353,0.36982,0.5758,0.6871,0.1064,0.4645
iran_dang3_nozaed15,Iranian-17,dft,none,8,1807480408,False,0.8678,2,2,0.831,-2.9225,2,0.8134,0.5133,0.0035,0.5998,0.7356,0.236,0.4736
iran_dang3_nozaed15,Iranian-17,dft,none,8,1807480408,False,0.8678,3,7,0.8116,-1.0931,7,0.3795,0.4366,0.01499,0.6093,0.7566,0.1333,0.5032
iran_dang3_nozaed15,Iranian-17,dft,none,8,1807480408,False,0.8678,4,5,0.7235,2.781,5,0.6766,0.3566,0.04998,0.5941,0.7229,0.186,0.4895
iran_dang3_nozaed15,Iranian-17,dft,none,8,1807480408,False,0.8678,5,7,0.7266,0.937,5,0.5221,0.355,0.08296,0.6089,0.7551,0.1676,0.4561
iran_dang3_nozaed15,Iranian-17,dft,none,8,1807480408,False,0.8678,6,12,0.6904,-0.0,12,0.6904,0.3235,0.08296,0.5921,0.7115,0.0769,0.532
iran_dang3_nozaed15,Iranian-17,dft,none,8,1807480408,False,0.8678,7,12,0.9384,3.1416,12,0.9384,0.5451,0.0005,0.6072,0.7484,0.1283,0.4632
iran_dang3_nozaed15,Iranian-17,dft,input_shuffled,8,1807480408,False,0.8264,0,3,0.7371,-2.053,10,0.3708,0.3841,0.02599,0.5918,0.7148,0.0163,0.4485
iran_dang3_nozaed15,Iranian-17,dft,input_shuffled,8,1807480408,False,0.8264,1,7,0.7776,2.288,5,0.5223,0.4112,0.03098,0.6105,0.7513,0.1011,0.519
iran_dang3_nozaed15,Iranian-17,dft,input_shuffled,8,1807480408,False,0.8264,2,3,0.9403,3.1377,3,0.9403,0.618,0.0005,0.6026,0.7347,0.0783,0.4535
iran_dang3_nozaed15,Iranian-17,dft,input_shuffled,8,1807480408,False,0.8264,3,7,0.6751,0.9975,5,0.4883,0.3148,0.13693,0.5947,0.7227,0.1377,0.445
iran_dang3_nozaed15,Iranian-17,dft,input_shuffled,8,1807480408,False,0.8264,4,12,0.8645,3.1416,12,0.8645,0.4764,0.0015,0.6082,0.7484,0.1759,0.466
iran_dang3_nozaed15,Iranian-17,dft,input_shuffled,8,1807480408,False,0.8264,5,7,0.7943,-1.0362,12,0.75,0.4069,0.01049,0.6036,0.7412,0.0202,0.4652
iran_dang3_nozaed15,Iranian-17,dft,input_shuffled,8,1807480408,False,0.8264,6,12,0.7569,-0.0,12,0.7569,0.3782,0.0055,0.5835,0.6975,0.059,0.4788
iran_dang3_nozaed15,Iranian-17,dft,input_shuffled,8,1807480408,False,0.8264,7,9,0.8675,1.1641,6,0.391,0.5653,0.002,0.6058,0.747,0.0362,0.4731
iran_dang3_nozaed15,Iranian-17,dft,label_shuffled,8,1807480408,False,0.7603,0,6,0.6344,0.5928,6,0.5824,0.3121,0.29135,0.5982,0.7281,0.4161,0.5142
iran_dang3_nozaed15,Iranian-17,dft,label_shuffled,8,1807480408,False,0.7603,1,4,0.554,0.4439,4,0.4943,0.2177,0.73863,0.6061,0.7481,0.0612,0.4739
iran_dang3_nozaed15,Iranian-17,dft,label_shuffled,8,1807480408,False,0.7603,2,1,0.6692,-1.4082,11,0.3781,0.285,0.21089,0.6084,0.7511,0.4593,0.4813
iran_dang3_nozaed15,Iranian-17,dft,label_shuffled,8,1807480408,False,0.7603,3,1,0.5525,-2.2877,4,0.4227,0.2178,0.74113,0.6069,0.7419,0.3576,0.4915
iran_dang3_nozaed15,Iranian-17,dft,label_shuffled,8,1807480408,False,0.7603,4,6,0.6269,1.5213,3,0.5447,0.2459,0.33433,0.6006,0.7301,0.0699,0.4495
iran_dang3_nozaed15,Iranian-17,dft,label_shuffled,8,1807480408,False,0.7603,5,6,0.699,-3.0215,6,0.6969,0.3917,0.10545,0.6028,0.7347,0.187,0.4314
iran_dang3_nozaed15,Iranian-17,dft,label_shuffled,8,1807480408,False,0.7603,6,2,0.696,2.2626,2,0.4603,0.3364,0.11044,0.6018,0.7327,0.0207,0.4407
iran_dang3_nozaed15,Iranian-17,dft,label_shuffled,8,1807480408,False,0.7603,7,5,0.5375,-1.6131,6,0.4711,0.2119,0.7901,0.5961,0.722,0.1216,0.4481
iran_dang3_nozaed15,Iranian-17,dft,none,8,890151167,False,0.8017,0,11,0.6751,-1.2993,7,0.3786,0.3111,0.17591,0.605,0.7509,0.1834,0.456
iran_dang3_nozaed15,Iranian-17,dft,none,8,890151167,False,0.8017,1,3,0.9431,-2.9498,3,0.9255,0.6221,0.0005,0.608,0.7397,0.0425,0.4739
iran_dang3_nozaed15,Iranian-17,dft,none,8,890151167,False,0.8017,2,7,0.8433,1.9201,12,0.6469,0.4643,0.0025,0.6056,0.7402,0.0581,0.5067
iran_dang3_nozaed15,Iranian-17,dft,none,8,890151167,False,0.8017,3,7,0.5129,-2.9726,7,0.5056,0.1742,0.89405,0.6075,0.7432,0.4197,0.4868
iran_dang3_nozaed15,Iranian-17,dft,none,8,890151167,False,0.8017,4,5,0.935,3.0966,5,0.934,0.5863,0.0005,0.6094,0.7541,0.0712,0.5012
iran_dang3_nozaed15,Iranian-17,dft,none,8,890151167,False,0.8017,5,12,0.9424,-0.0,12,0.9424,0.5632,0.0005,0.6058,0.7407,0.1938,0.4699
iran_dang3_nozaed15,Iranian-17,dft,none,8,890151167,False,0.8017,6,2,0.6887,-1.2813,10,0.3658,0.3269,0.10695,0.5948,0.7275,0.4238,0.4626
iran_dang3_nozaed15,Iranian-17,dft,none,8,890151167,False,0.8017,7,3,0.9289,1.586,12,0.2088,0.6096,0.0005,0.6041,0.7325,0.1677,0.4807
iran_dang3_nozaed15,Iranian-17,dft,input_shuffled,8,890151167,False,0.8182,0,7,0.6213,-1.2164,12,0.487,0.2511,0.36332,0.6014,0.7378,0.0346,0.4308
iran_dang3_nozaed15,Iranian-17,dft,input_shuffled,8,890151167,False,0.8182,1,3,0.933,-3.0046,3,0.9241,0.6136,0.0005,0.6084,0.7471,0.1333,0.4787
iran_dang3_nozaed15,Iranian-17,dft,input_shuffled,8,890151167,False,0.8182,2,9,0.7028,3.0088,9,0.6966,0.3346,0.10545,0.6047,0.739,0.0155,0.444
iran_dang3_nozaed15,Iranian-17,dft,input_shuffled,8,890151167,False,0.8182,3,7,0.6619,-0.8202,7,0.4543,0.2981,0.21539,0.6043,0.7365,0.4224,0.4933
iran_dang3_nozaed15,Iranian-17,dft,input_shuffled,8,890151167,False,0.8182,4,6,0.9683,-0.6522,6,0.8695,0.7989,0.001,0.614,0.7693,0.2902,0.5274
iran_dang3_nozaed15,Iranian-17,dft,input_shuffled,8,890151167,False,0.8182,5,12,0.8457,-0.0,12,0.8457,0.4565,0.0025,0.6072,0.749,0.0053,0.4723
iran_dang3_nozaed15,Iranian-17,dft,input_shuffled,8,890151167,False,0.8182,6,12,0.8853,-0.0,12,0.8853,0.4986,0.0025,0.6151,0.7685,0.2341,0.4422
iran_dang3_nozaed15,Iranian-17,dft,input_shuffled,8,890151167,False,0.8182,7,3,0.7434,1.1997,9,0.3301,0.3894,0.05197,0.6074,0.7447,0.1252,0.5209
iran_dang3_nozaed15,Iranian-17,dft,label_shuffled,8,890151167,False,0.7769,0,10,0.7008,0.4186,10,0.6466,0.3521,0.09495,0.6012,0.7297,0.1768,0.4958
iran_dang3_nozaed15,Iranian-17,dft,label_shuffled,8,890151167,False,0.7769,1,6,0.6142,-2.2831,6,0.493,0.2781,0.30635,0.5874,0.7043,0.1742,0.4772
iran_dang3_nozaed15,Iranian-17,dft,label_shuffled,8,890151167,False,0.7769,2,5,0.5642,-0.3363,5,0.5324,0.2252,0.67416,0.6012,0.73,0.0655,0.4517
iran_dang3_nozaed15,Iranian-17,dft,label_shuffled,8,890151167,False,0.7769,3,10,0.6567,-0.6535,10,0.5331,0.3155,0.23738,0.6039,0.743,0.2239,0.4654
iran_dang3_nozaed15,Iranian-17,dft,label_shuffled,8,890151167,False,0.7769,4,1,0.5371,3.0009,1,0.5317,0.1931,0.81109,0.6039,0.7423,0.0594,0.5284
iran_dang3_nozaed15,Iranian-17,dft,label_shuffled,8,890151167,False,0.7769,5,8,0.5751,-1.4423,6,0.46,0.2508,0.6017,0.5992,0.7274,0.1155,0.5208
iran_dang3_nozaed15,Iranian-17,dft,label_shuffled,8,890151167,False,0.7769,6,3,0.6443,-2.4354,9,0.4991,0.279,0.28036,0.606,0.7516,0.2292,0.5066
iran_dang3_nozaed15,Iranian-17,dft,label_shuffled,8,890151167,False,0.7769,7,11,0.536,2.4133,11,0.4092,0.1935,0.82809,0.6105,0.755,0.021,0.4692
iran_dang3_nozaed15,Iranian-17,dft,none,8,1129099384,False,0.8678,0,7,0.6862,2.384,12,0.6797,0.3066,0.14243,0.6057,0.747,0.0542,0.4319
iran_dang3_nozaed15,Iranian-17,dft,none,8,1129099384,False,0.8678,1,12,0.8757,-0.0,12,0.8757,0.4877,0.0015,0.6037,0.741,0.1553,0.5135
iran_dang3_nozaed15,Iranian-17,dft,none,8,1129099384,False,0.8678,2,12,0.8939,-0.0,12,0.8939,0.5066,0.0005,0.5996,0.7296,0.1685,0.4763
iran_dang3_nozaed15,Iranian-17,dft,none,8,1129099384,False,0.8678,3,7,0.8074,-0.8342,7,0.5461,0.4412,0.01,0.6077,0.7557,0.2181,0.5105
iran_dang3_nozaed15,Iranian-17,dft,none,8,1129099384,False,0.8678,4,3,0.7167,-2.9137,3,0.6977,0.3642,0.06197,0.6011,0.7305,0.1039,0.443
iran_dang3_nozaed15,Iranian-17,dft,none,8,1129099384,False,0.8678,5,2,0.6585,-0.9661,10,0.4368,0.3098,0.1954,0.5968,0.7154,0.1531,0.5043
iran_dang3_nozaed15,Iranian-17,dft,none,8,1129099384,False,0.8678,6,4,0.7706,0.9254,4,0.445,0.4227,0.01399,0.5977,0.7217,0.069,0.5192
iran_dang3_nozaed15,Iranian-17,dft,none,8,1129099384,False,0.8678,7,5,0.7818,2.6923,5,0.7035,0.401,0.02599,0.6109,0.7522,0.0407,0.4961
iran_dang3_nozaed15,Iranian-17,dft,input_shuffled,8,1129099384,False,0.8595,0,12,0.93,-0.0,12,0.93,0.54,0.0005,0.6088,0.7521,0.1813,0.487
iran_dang3_nozaed15,Iranian-17,dft,input_shuffled,8,1129099384,False,0.8595,1,12,0.9217,-0.0,12,0.9217,0.5342,0.0005,0.6098,0.75,0.0197,0.517
iran_dang3_nozaed15,Iranian-17,dft,input_shuffled,8,1129099384,False,0.8595,2,9,0.6829,0.541,9,0.5906,0.3275,0.17741,0.609,0.7469,0.1909,0.5347
iran_dang3_nozaed15,Iranian-17,dft,input_shuffled,8,1129099384,False,0.8595,3,7,0.7105,-1.9063,9,0.3185,0.3391,0.11044,0.6076,0.7489,0.2926,0.5294
iran_dang3_nozaed15,Iranian-17,dft,input_shuffled,8,1129099384,False,0.8595,4,2,0.8307,-2.0357,9,0.3946,0.461,0.001,0.5982,0.7344,0.1164,0.5314
iran_dang3_nozaed15,Iranian-17,dft,input_shuffled,8,1129099384,False,0.8595,5,8,0.5805,-1.992,7,0.4563,0.2355,0.58521,0.6071,0.7562,0.0912,0.4776
iran_dang3_nozaed15,Iranian-17,dft,input_shuffled,8,1129099384,False,0.8595,6,7,0.7531,-0.538,7,0.6479,0.4008,0.03448,0.5989,0.7365,0.1977,0.4852
iran_dang3_nozaed15,Iranian-17,dft,input_shuffled,8,1129099384,False,0.8595,7,3,0.9047,-1.3426,3,0.2505,0.5681,0.0005,0.6023,0.7387,0.2524,0.4556
iran_dang3_nozaed15,Iranian-17,dft,label_shuffled,8,1129099384,False,0.7521,0,6,0.6021,-2.584,6,0.559,0.2736,0.38331,0.587,0.7057,0.2868,0.4725
iran_dang3_nozaed15,Iranian-17,dft,label_shuffled,8,1129099384,False,0.7521,1,9,0.4904,1.4585,1,0.3319,0.1687,0.95752,0.6004,0.7258,0.0239,0.4646
iran_dang3_nozaed15,Iranian-17,dft,label_shuffled,8,1129099384,False,0.7521,2,10,0.5094,0.5095,10,0.4511,0.1829,0.89455,0.5869,0.7099,0.1028,0.4753
iran_dang3_nozaed15,Iranian-17,dft,label_shuffled,8,1129099384,False,0.7521,3,9,0.7095,-1.7986,11,0.3114,0.3536,0.12194,0.6093,0.7558,0.0688,0.4857
iran_dang3_nozaed15,Iranian-17,dft,label_shuffled,8,1129099384,False,0.7521,4,8,0.6248,2.0287,10,0.335,0.271,0.38531,0.6122,0.7617,0.1354,0.4596
iran_dang3_nozaed15,Iranian-17,dft,label_shuffled,8,1129099384,False,0.7521,5,1,0.5764,1.463,4,0.4389,0.2356,0.6037,0.607,0.7553,0.39,0.4489
iran_dang3_nozaed15,Iranian-17,dft,label_shuffled,8,1129099384,False,0.7521,6,8,0.5194,-1.4118,10,0.4705,0.1875,0.86307,0.5913,0.7154,0.3053,0.4429
iran_dang3_nozaed15,Iranian-17,dft,label_shuffled,8,1129099384,False,0.7521,7,3,0.6487,2.6442,3,0.574,0.2916,0.24538,0.6015,0.7327,0.2547,0.4508
iran_dang3_nozaed15,Iranian-17,dft,none,8,1052136170,False,0.8595,0,7,0.7053,2.347,7,0.497,0.3329,0.08496,0.6013,0.7341,0.2341,0.4973
iran_dang3_nozaed15,Iranian-17,dft,none,8,1052136170,False,0.8595,1,12,0.9309,3.1416,12,0.9309,0.5428,0.0005,0.6057,0.7436,0.0032,0.4408
iran_dang3_nozaed15,Iranian-17,dft,none,8,1052136170,False,0.8595,2,12,0.8067,-0.0,12,0.8067,0.4196,0.01049,0.6019,0.7359,0.1462,0.4785
iran_dang3_nozaed15,Iranian-17,dft,none,8,1052136170,False,0.8595,3,7,0.7562,-1.967,6,0.469,0.4088,0.01799,0.5972,0.7232,0.0836,0.5094
iran_dang3_nozaed15,Iranian-17,dft,none,8,1052136170,False,0.8595,4,7,0.6879,2.9116,7,0.6699,0.3146,0.08196,0.5887,0.7053,0.087,0.4723
iran_dang3_nozaed15,Iranian-17,dft,none,8,1052136170,False,0.8595,5,10,0.5903,-3.1034,10,0.5899,0.2361,0.41329,0.5804,0.6858,0.2685,0.4664
iran_dang3_nozaed15,Iranian-17,dft,none,8,1052136170,False,0.8595,6,3,0.9255,0.2074,3,0.9053,0.6012,0.0005,0.6057,0.7437,0.0658,0.501
iran_dang3_nozaed15,Iranian-17,dft,none,8,1052136170,False,0.8595,7,3,0.9369,-1.5776,2,0.2376,0.6174,0.0005,0.6086,0.7469,0.252,0.4735
iran_dang3_nozaed15,Iranian-17,dft,input_shuffled,8,1052136170,False,0.8182,0,3,0.8295,2.9091,3,0.8078,0.4824,0.0055,0.6067,0.7421,0.0117,0.4861
iran_dang3_nozaed15,Iranian-17,dft,input_shuffled,8,1052136170,False,0.8182,1,12,0.8658,3.1416,12,0.8658,0.4743,0.0015,0.6027,0.7418,0.1046,0.5241
iran_dang3_nozaed15,Iranian-17,dft,input_shuffled,8,1052136170,False,0.8182,2,7,0.7423,-1.2726,12,0.496,0.3748,0.02699,0.5967,0.7211,0.0183,0.4695
iran_dang3_nozaed15,Iranian-17,dft,input_shuffled,8,1052136170,False,0.8182,3,9,0.9249,-1.805,9,0.2614,0.5972,0.0005,0.6063,0.7412,0.0727,0.5395
iran_dang3_nozaed15,Iranian-17,dft,input_shuffled,8,1052136170,False,0.8182,4,7,0.8322,2.2047,7,0.4978,0.4722,0.0055,0.6046,0.7415,0.1945,0.4509
iran_dang3_nozaed15,Iranian-17,dft,input_shuffled,8,1052136170,False,0.8182,5,12,0.8616,-0.0,12,0.8616,0.4696,0.0035,0.6129,0.7606,0.1794,0.5053
iran_dang3_nozaed15,Iranian-17,dft,input_shuffled,8,1052136170,False,0.8182,6,12,0.7332,-0.0,12,0.7332,0.3529,0.03298,0.5916,0.7173,0.1587,0.4691
iran_dang3_nozaed15,Iranian-17,dft,input_shuffled,8,1052136170,False,0.8182,7,3,0.5953,-2.53,3,0.4812,0.2359,0.49275,0.601,0.7286,0.1615,0.4934
iran_dang3_nozaed15,Iranian-17,dft,label_shuffled,8,1052136170,False,0.8017,0,11,0.5498,1.3246,8,0.4404,0.2008,0.72164,0.5936,0.7225,0.0561,0.4634
iran_dang3_nozaed15,Iranian-17,dft,label_shuffled,8,1052136170,False,0.8017,1,10,0.5635,2.923,10,0.5517,0.2226,0.67116,0.6032,0.7429,0.1333,0.4894
iran_dang3_nozaed15,Iranian-17,dft,label_shuffled,8,1052136170,False,0.8017,2,7,0.5903,-0.4332,7,0.5362,0.2409,0.49475,0.599,0.7305,0.2601,0.4858
iran_dang3_nozaed15,Iranian-17,dft,label_shuffled,8,1052136170,False,0.8017,3,8,0.6028,-1.6807,7,0.5225,0.2604,0.46627,0.6052,0.741,0.3793,0.5395
iran_dang3_nozaed15,Iranian-17,dft,label_shuffled,8,1052136170,False,0.8017,4,4,0.7065,1.6936,1,0.5311,0.3509,0.07846,0.5976,0.7283,0.3432,0.4853
iran_dang3_nozaed15,Iranian-17,dft,label_shuffled,8,1052136170,False,0.8017,5,2,0.5718,-2.9749,2,0.5648,0.2352,0.63018,0.6047,0.7492,0.0576,0.4985
iran_dang3_nozaed15,Iranian-17,dft,label_shuffled,8,1052136170,False,0.8017,6,7,0.5307,-2.2237,9,0.5135,0.1963,0.84758,0.6076,0.7459,0.2836,0.492
iran_dang3_nozaed15,Iranian-17,dft,label_shuffled,8,1052136170,False,0.8017,7,4,0.6821,-1.5949,1,0.5673,0.3364,0.11744,0.598,0.7264,0.0024,0.4652
iran_dang3_nozaed15,Iranian-17,dft,none,8,1134538815,False,0.843,0,12,0.9065,3.1416,12,0.9065,0.5183,0.001,0.6127,0.7593,0.191,0.5199
iran_dang3_nozaed15,Iranian-17,dft,none,8,1134538815,False,0.843,1,3,0.8636,0.139,3,0.8552,0.5148,0.001,0.6014,0.7277,0.0967,0.4474
iran_dang3_nozaed15,Iranian-17,dft,none,8,1134538815,False,0.843,2,5,0.7761,-0.732,5,0.5748,0.4,0.02299,0.6013,0.7408,0.0789,0.4796
iran_dang3_nozaed15,Iranian-17,dft,none,8,1134538815,False,0.843,3,12,0.9512,3.1416,12,0.9512,0.5668,0.001,0.6069,0.7486,0.1995,0.4698
iran_dang3_nozaed15,Iranian-17,dft,none,8,1134538815,False,0.843,4,3,0.8963,-1.7628,10,0.2883,0.5642,0.0005,0.6006,0.7319,0.1178,0.4942
iran_dang3_nozaed15,Iranian-17,dft,none,8,1134538815,False,0.843,5,9,0.8856,1.421,4,0.2653,0.5581,0.001,0.5977,0.7271,0.0927,0.5375
iran_dang3_nozaed15,Iranian-17,dft,none,8,1134538815,False,0.843,6,7,0.7568,2.4046,5,0.7186,0.3925,0.04148,0.607,0.7478,0.0012,0.5089
iran_dang3_nozaed15,Iranian-17,dft,none,8,1134538815,False,0.843,7,1,0.7204,-1.6695,10,0.4069,0.3618,0.05397,0.593,0.7252,0.3172,0.4704
iran_dang3_nozaed15,Iranian-17,dft,input_shuffled,8,1134538815,False,0.8182,0,9,0.8942,-0.5123,9,0.7736,0.5368,0.0015,0.6138,0.7671,0.3661,0.4797
iran_dang3_nozaed15,Iranian-17,dft,input_shuffled,8,1134538815,False,0.8182,1,1,0.595,0.4394,1,0.5413,0.2538,0.52974,0.6094,0.7481,0.3193,0.4907
iran_dang3_nozaed15,Iranian-17,dft,input_shuffled,8,1134538815,False,0.8182,2,12,0.8249,3.1416,12,0.8249,0.4367,0.007,0.6058,0.7479,0.1878,0.4698
iran_dang3_nozaed15,Iranian-17,dft,input_shuffled,8,1134538815,False,0.8182,3,5,0.8223,0.0029,5,0.8223,0.4699,0.009,0.6096,0.7474,0.0713,0.4538
iran_dang3_nozaed15,Iranian-17,dft,input_shuffled,8,1134538815,False,0.8182,4,7,0.8177,-0.9796,7,0.461,0.4533,0.0015,0.5846,0.6939,0.0208,0.5205
iran_dang3_nozaed15,Iranian-17,dft,input_shuffled,8,1134538815,False,0.8182,5,6,0.6221,3.0865,6,0.6218,0.2955,0.37081,0.6042,0.738,0.0039,0.4757
iran_dang3_nozaed15,Iranian-17,dft,input_shuffled,8,1134538815,False,0.8182,6,9,0.924,1.0235,9,0.5122,0.6288,0.0005,0.6153,0.7675,0.1087,0.4533
iran_dang3_nozaed15,Iranian-17,dft,input_shuffled,8,1134538815,False,0.8182,7,10,0.576,0.615,10,0.48,0.2247,0.61119,0.6063,0.7445,0.0156,0.4669
iran_dang3_nozaed15,Iranian-17,dft,label_shuffled,8,1134538815,False,0.6364,0,7,0.6216,-0.8248,7,0.4246,0.2756,0.32934,0.5957,0.727,0.1362,0.4437
iran_dang3_nozaed15,Iranian-17,dft,label_shuffled,8,1134538815,False,0.6364,1,4,0.6503,-1.7497,2,0.38,0.291,0.13243,0.5766,0.6919,0.0718,0.4625
iran_dang3_nozaed15,Iranian-17,dft,label_shuffled,8,1134538815,False,0.6364,2,4,0.6362,-2.8953,4,0.6146,0.2777,0.31684,0.6065,0.7405,0.0413,0.4734
iran_dang3_nozaed15,Iranian-17,dft,label_shuffled,8,1134538815,False,0.6364,3,11,0.5427,2.0016,9,0.4002,0.2017,0.8006,0.6119,0.7652,0.6239,0.4645
iran_dang3_nozaed15,Iranian-17,dft,label_shuffled,8,1134538815,False,0.6364,4,7,0.6538,-3.092,7,0.653,0.2997,0.24038,0.6031,0.7377,0.316,0.4652
iran_dang3_nozaed15,Iranian-17,dft,label_shuffled,8,1134538815,False,0.6364,5,11,0.5937,-2.5762,2,0.5182,0.2455,0.42679,0.5888,0.7115,0.0484,0.4688
iran_dang3_nozaed15,Iranian-17,dft,label_shuffled,8,1134538815,False,0.6364,6,3,0.6001,2.324,9,0.4995,0.2569,0.45377,0.5974,0.7271,0.0351,0.466
iran_dang3_nozaed15,Iranian-17,dft,label_shuffled,8,1134538815,False,0.6364,7,8,0.5198,-2.0233,12,0.4483,0.177,0.88856,0.61,0.7492,0.1384,0.4921
iran_dang3_nozaed15,Iranian-17,dft,none,8,1295018423,False,0.8678,0,5,0.6456,-1.3874,8,0.4965,0.2781,0.28936,0.6084,0.7546,0.1523,0.4729
iran_dang3_nozaed15,Iranian-17,dft,none,8,1295018423,False,0.8678,1,12,0.8422,-0.0,12,0.8422,0.4512,0.0045,0.607,0.7528,0.197,0.4561
iran_dang3_nozaed15,Iranian-17,dft,none,8,1295018423,False,0.8678,2,7,0.7956,2.6232,7,0.6922,0.4286,0.01749,0.6105,0.7538,0.1268,0.4435
iran_dang3_nozaed15,Iranian-17,dft,none,8,1295018423,False,0.8678,3,2,0.8134,1.5091,10,0.3933,0.4496,0.008,0.6021,0.7394,0.1366,0.4551
iran_dang3_nozaed15,Iranian-17,dft,none,8,1295018423,False,0.8678,4,9,0.8983,-0.0635,9,0.8965,0.5505,0.0005,0.6019,0.7435,0.1478,0.442
iran_dang3_nozaed15,Iranian-17,dft,none,8,1295018423,False,0.8678,5,12,0.6853,-0.0,12,0.6853,0.3085,0.18341,0.612,0.7571,0.0304,0.4378
iran_dang3_nozaed15,Iranian-17,dft,none,8,1295018423,False,0.8678,6,7,0.7184,-0.8009,12,0.5846,0.3407,0.05247,0.5983,0.7203,0.0756,0.4832
iran_dang3_nozaed15,Iranian-17,dft,none,8,1295018423,False,0.8678,7,3,0.9049,-1.4485,3,0.1592,0.572,0.0005,0.6021,0.7307,0.1999,0.4899
iran_dang3_nozaed15,Iranian-17,dft,input_shuffled,8,1295018423,False,0.8264,0,5,0.7184,2.4123,5,0.5333,0.3559,0.06247,0.5987,0.7275,0.2175,0.433
iran_dang3_nozaed15,Iranian-17,dft,input_shuffled,8,1295018423,False,0.8264,1,10,0.5323,-1.4527,6,0.3868,0.2048,0.83908,0.6085,0.7563,0.0674,0.4685
iran_dang3_nozaed15,Iranian-17,dft,input_shuffled,8,1295018423,False,0.8264,2,7,0.6239,-2.503,7,0.4994,0.2718,0.34683,0.5994,0.7292,0.1743,0.4842
iran_dang3_nozaed15,Iranian-17,dft,input_shuffled,8,1295018423,False,0.8264,3,9,0.7677,-1.5765,11,0.1861,0.3948,0.03198,0.6093,0.7484,0.1734,0.4423
iran_dang3_nozaed15,Iranian-17,dft,input_shuffled,8,1295018423,False,0.8264,4,9,0.6164,-2.6331,9,0.5424,0.2483,0.33633,0.5922,0.7196,0.0677,0.4556
iran_dang3_nozaed15,Iranian-17,dft,input_shuffled,8,1295018423,False,0.8264,5,12,0.8646,3.1416,12,0.8646,0.4747,0.002,0.6083,0.7501,0.0401,0.4427
iran_dang3_nozaed15,Iranian-17,dft,input_shuffled,8,1295018423,False,0.8264,6,7,0.6937,1.9882,5,0.3433,0.3056,0.16092,0.6105,0.7566,0.0137,0.4771
iran_dang3_nozaed15,Iranian-17,dft,input_shuffled,8,1295018423,False,0.8264,7,12,0.8613,-0.0,12,0.8613,0.4716,0.0025,0.6054,0.745,0.2066,0.5068
iran_dang3_nozaed15,Iranian-17,dft,label_shuffled,8,1295018423,False,0.719,0,6,0.7319,0.9725,6,0.5329,0.3827,0.06147,0.6021,0.7432,0.4437,0.4367
iran_dang3_nozaed15,Iranian-17,dft,label_shuffled,8,1295018423,False,0.719,1,5,0.5716,2.0868,3,0.4064,0.2272,0.58171,0.5918,0.7232,0.1776,0.4828
iran_dang3_nozaed15,Iranian-17,dft,label_shuffled,8,1295018423,False,0.719,2,12,0.569,3.1416,12,0.569,0.2209,0.57121,0.5859,0.6977,0.1491,0.4362
iran_dang3_nozaed15,Iranian-17,dft,label_shuffled,8,1295018423,False,0.719,3,5,0.5372,-1.7906,12,0.3998,0.1944,0.78111,0.5974,0.7251,0.0474,0.4753
iran_dang3_nozaed15,Iranian-17,dft,label_shuffled,8,1295018423,False,0.719,4,3,0.6185,-1.3964,5,0.3461,0.2675,0.38281,0.6034,0.7366,0.4095,0.4678
iran_dang3_nozaed15,Iranian-17,dft,label_shuffled,8,1295018423,False,0.719,5,6,0.7815,1.4082,5,0.3548,0.3753,0.02149,0.6055,0.7368,0.006,0.5093
iran_dang3_nozaed15,Iranian-17,dft,label_shuffled,8,1295018423,False,0.719,6,2,0.7207,1.2076,9,0.3947,0.3631,0.07496,0.6025,0.7357,0.499,0.4583
iran_dang3_nozaed15,Iranian-17,dft,label_shuffled,8,1295018423,False,0.719,7,11,0.5996,0.3863,11,0.5536,0.2435,0.45577,0.5967,0.7204,0.1874,0.4691
iran_dang3_nozaed15,Iranian-17,dft,none,8,2029166787,False,0.8182,0,7,0.7812,2.2685,7,0.5058,0.4344,0.0085,0.5992,0.723,0.0948,0.5006
iran_dang3_nozaed15,Iranian-17,dft,none,8,2029166787,False,0.8182,1,10,0.5656,-2.8536,10,0.5449,0.2253,0.65867,0.6049,0.7436,0.0597,0.4869
iran_dang3_nozaed15,Iranian-17,dft,none,8,2029166787,False,0.8182,2,7,0.6722,-1.1476,12,0.6308,0.3047,0.12444,0.5886,0.7113,0.1734,0.4655
iran_dang3_nozaed15,Iranian-17,dft,none,8,2029166787,False,0.8182,3,3,0.7953,-0.6182,3,0.6567,0.4659,0.01999,0.6102,0.757,0.0813,0.4972
iran_dang3_nozaed15,Iranian-17,dft,none,8,2029166787,False,0.8182,4,12,0.8279,-0.0,12,0.8279,0.4405,0.009,0.6078,0.7493,0.0749,0.4979
iran_dang3_nozaed15,Iranian-17,dft,none,8,2029166787,False,0.8182,5,3,0.8126,-2.131,9,0.5817,0.4373,0.01149,0.6102,0.7468,0.1846,0.4255
iran_dang3_nozaed15,Iranian-17,dft,none,8,2029166787,False,0.8182,6,12,0.6168,3.1416,12,0.6168,0.262,0.38681,0.5999,0.7327,0.0332,0.5053
iran_dang3_nozaed15,Iranian-17,dft,none,8,2029166787,False,0.8182,7,5,0.5976,2.5589,10,0.5211,0.2465,0.42179,0.5913,0.7173,0.3764,0.4886
iran_dang3_nozaed15,Iranian-17,dft,input_shuffled,8,2029166787,False,0.9091,0,5,0.6759,1.8764,1,0.3783,0.3116,0.18641,0.6068,0.7367,0.2328,0.4854
iran_dang3_nozaed15,Iranian-17,dft,input_shuffled,8,2029166787,False,0.9091,1,2,0.7229,-2.7895,2,0.6834,0.3882,0.07346,0.6045,0.7371,0.1309,0.4573
iran_dang3_nozaed15,Iranian-17,dft,input_shuffled,8,2029166787,False,0.9091,2,12,0.7614,3.1416,12,0.7614,0.3908,0.03548,0.605,0.744,0.0294,0.4984
iran_dang3_nozaed15,Iranian-17,dft,input_shuffled,8,2029166787,False,0.9091,3,10,0.9087,-1.4879,9,0.2733,0.5233,0.0005,0.6104,0.7559,0.2442,0.4694
iran_dang3_nozaed15,Iranian-17,dft,input_shuffled,8,2029166787,False,0.9091,4,12,0.8417,-0.0,12,0.8417,0.4547,0.005,0.6083,0.7438,0.1734,0.4647
iran_dang3_nozaed15,Iranian-17,dft,input_shuffled,8,2029166787,False,0.9091,5,3,0.8109,0.3134,3,0.7702,0.4594,0.009,0.6036,0.7439,0.1757,0.4396
iran_dang3_nozaed15,Iranian-17,dft,input_shuffled,8,2029166787,False,0.9091,6,7,0.7567,2.5787,7,0.6412,0.385,0.03598,0.6011,0.7385,0.0988,0.5237
iran_dang3_nozaed15,Iranian-17,dft,input_shuffled,8,2029166787,False,0.9091,7,5,0.683,2.096,7,0.4982,0.3064,0.03048,0.5699,0.6685,0.1439,0.5156
iran_dang3_nozaed15,Iranian-17,dft,label_shuffled,8,2029166787,False,0.7934,0,4,0.5819,0.1144,4,0.5776,0.2351,0.54973,0.5993,0.7358,0.0126,0.4514
iran_dang3_nozaed15,Iranian-17,dft,label_shuffled,8,2029166787,False,0.7934,1,9,0.5625,-2.0666,4,0.4239,0.2058,0.64368,0.5953,0.7154,0.3221,0.5372
iran_dang3_nozaed15,Iranian-17,dft,label_shuffled,8,2029166787,False,0.7934,2,6,0.565,1.7373,4,0.5395,0.2042,0.6067,0.584,0.6958,0.2312,0.4922
iran_dang3_nozaed15,Iranian-17,dft,label_shuffled,8,2029166787,False,0.7934,3,3,0.57,2.3543,3,0.4134,0.2339,0.61769,0.6007,0.7322,0.0855,0.4739
iran_dang3_nozaed15,Iranian-17,dft,label_shuffled,8,2029166787,False,0.7934,4,6,0.5994,1.8077,9,0.5244,0.2348,0.44378,0.5982,0.7355,0.1374,0.4627
iran_dang3_nozaed15,Iranian-17,dft,label_shuffled,8,2029166787,False,0.7934,5,9,0.6853,2.4387,9,0.5125,0.3254,0.14243,0.6022,0.7422,0.2813,0.4992
iran_dang3_nozaed15,Iranian-17,dft,label_shuffled,8,2029166787,False,0.7934,6,3,0.6544,-0.9605,8,0.4096,0.3043,0.23738,0.6025,0.74,0.0759,0.4483
iran_dang3_nozaed15,Iranian-17,dft,label_shuffled,8,2029166787,False,0.7934,7,7,0.5939,-0.4049,7,0.5463,0.2318,0.48976,0.6006,0.7334,0.0516,0.4404
iran_dang3_nozaed15,Iranian-17,dft,none,8,305690785,False,0.9587,0,12,0.6871,3.1416,12,0.6871,0.3174,0.13493,0.6044,0.7411,0.0476,0.5014
iran_dang3_nozaed15,Iranian-17,dft,none,8,305690785,False,0.9587,1,12,0.8436,-0.0,12,0.8436,0.4565,0.0045,0.6057,0.7461,0.1262,0.462
iran_dang3_nozaed15,Iranian-17,dft,none,8,305690785,False,0.9587,2,7,0.9219,-1.6259,12,0.4476,0.5757,0.0005,0.5998,0.7288,0.0114,0.5001
iran_dang3_nozaed15,Iranian-17,dft,none,8,305690785,False,0.9587,3,7,0.7288,-0.1152,7,0.724,0.3579,0.06097,0.6012,0.7379,0.2594,0.5321
iran_dang3_nozaed15,Iranian-17,dft,none,8,305690785,False,0.9587,4,2,0.8383,-2.543,2,0.7058,0.4958,0.0045,0.6078,0.756,0.164,0.4621
iran_dang3_nozaed15,Iranian-17,dft,none,8,305690785,False,0.9587,5,6,0.9656,0.9091,6,0.7452,0.6985,0.0005,0.6132,0.762,0.041,0.4408
iran_dang3_nozaed15,Iranian-17,dft,none,8,305690785,False,0.9587,6,2,0.6732,1.9009,10,0.3772,0.311,0.17191,0.6038,0.7358,0.0237,0.5146
iran_dang3_nozaed15,Iranian-17,dft,none,8,305690785,False,0.9587,7,10,0.6123,0.4946,10,0.5462,0.2583,0.24838,0.5726,0.6766,0.1886,0.4554
iran_dang3_nozaed15,Iranian-17,dft,input_shuffled,8,305690785,False,0.8512,0,3,0.7686,-0.9917,3,0.4452,0.4228,0.02999,0.6076,0.7489,0.0712,0.4769
iran_dang3_nozaed15,Iranian-17,dft,input_shuffled,8,305690785,False,0.8512,1,7,0.6412,0.8146,5,0.4963,0.2802,0.23938,0.5947,0.7219,0.0933,0.4573
iran_dang3_nozaed15,Iranian-17,dft,input_shuffled,8,305690785,False,0.8512,2,2,0.5965,2.8737,2,0.5776,0.2414,0.48176,0.5982,0.7261,0.0502,0.4459
iran_dang3_nozaed15,Iranian-17,dft,input_shuffled,8,305690785,False,0.8512,3,5,0.7687,-2.0802,5,0.3805,0.4091,0.02849,0.6046,0.7424,0.1606,0.4492
iran_dang3_nozaed15,Iranian-17,dft,input_shuffled,8,305690785,False,0.8512,4,12,0.9476,-0.0,12,0.9476,0.5658,0.001,0.607,0.746,0.1355,0.5164
iran_dang3_nozaed15,Iranian-17,dft,input_shuffled,8,305690785,False,0.8512,5,3,0.6252,0.0652,3,0.6238,0.2693,0.37131,0.6097,0.7545,0.2165,0.467
iran_dang3_nozaed15,Iranian-17,dft,input_shuffled,8,305690785,False,0.8512,6,3,0.8949,1.3433,10,0.2685,0.5628,0.0005,0.6031,0.7379,0.1384,0.5168
iran_dang3_nozaed15,Iranian-17,dft,input_shuffled,8,305690785,False,0.8512,7,12,0.7853,3.1416,12,0.7853,0.4002,0.01199,0.5996,0.7313,0.1149,0.4702
iran_dang3_nozaed15,Iranian-17,dft,label_shuffled,8,305690785,False,0.7107,0,10,0.5699,-1.5299,8,0.4039,0.2172,0.50475,0.5785,0.6989,0.3387,0.4614
iran_dang3_nozaed15,Iranian-17,dft,label_shuffled,8,305690785,False,0.7107,1,4,0.8483,-0.891,4,0.513,0.5065,0.0045,0.6054,0.7514,0.0942,0.5166
iran_dang3_nozaed15,Iranian-17,dft,label_shuffled,8,305690785,False,0.7107,2,4,0.7171,0.3426,4,0.6704,0.3508,0.09495,0.6109,0.752,0.0364,0.4848
iran_dang3_nozaed15,Iranian-17,dft,label_shuffled,8,305690785,False,0.7107,3,4,0.551,-3.0114,4,0.5457,0.21,0.71514,0.5974,0.7265,0.12,0.4444
iran_dang3_nozaed15,Iranian-17,dft,label_shuffled,8,305690785,False,0.7107,4,6,0.5822,2.1842,11,0.5521,0.2393,0.54823,0.5976,0.7259,0.0469,0.4676
iran_dang3_nozaed15,Iranian-17,dft,label_shuffled,8,305690785,False,0.7107,5,9,0.6533,1.4675,6,0.3976,0.2985,0.22289,0.5991,0.7305,0.0121,0.5262
iran_dang3_nozaed15,Iranian-17,dft,label_shuffled,8,305690785,False,0.7107,6,2,0.5597,-0.7788,5,0.4211,0.2213,0.67566,0.5989,0.734,0.1811,0.4808
iran_dang3_nozaed15,Iranian-17,dft,label_shuffled,8,305690785,False,0.7107,7,10,0.6522,0.3678,10,0.6133,0.3225,0.24888,0.6041,0.7435,0.0723,0.5004
iran_dang3_nozaed15,Iranian-17,dft,none,8,2025294599,False,0.8264,0,3,0.8582,2.878,3,0.8295,0.5349,0.005,0.6116,0.753,0.0515,0.4942
iran_dang3_nozaed15,Iranian-17,dft,none,8,2025294599,False,0.8264,1,5,0.7504,2.4567,5,0.5791,0.384,0.05047,0.6055,0.7499,0.0595,0.4603
iran_dang3_nozaed15,Iranian-17,dft,none,8,2025294599,False,0.8264,2,3,0.8262,-2.5111,3,0.6579,0.458,0.01399,0.613,0.7648,0.0649,0.4912
iran_dang3_nozaed15,Iranian-17,dft,none,8,2025294599,False,0.8264,3,7,0.6467,-0.9506,4,0.461,0.2887,0.2074,0.5919,0.7162,0.1999,0.5036
iran_dang3_nozaed15,Iranian-17,dft,none,8,2025294599,False,0.8264,4,3,0.6943,-1.7861,11,0.3769,0.3372,0.15092,0.6119,0.7563,0.182,0.5055
iran_dang3_nozaed15,Iranian-17,dft,none,8,2025294599,False,0.8264,5,7,0.6779,-0.8472,7,0.452,0.3083,0.17791,0.6083,0.7495,0.2178,0.4787
iran_dang3_nozaed15,Iranian-17,dft,none,8,2025294599,False,0.8264,6,12,0.7763,3.1416,12,0.7763,0.4254,0.02549,0.6076,0.7452,0.1389,0.4966
iran_dang3_nozaed15,Iranian-17,dft,none,8,2025294599,False,0.8264,7,12,0.89,-0.0,12,0.89,0.4991,0.0005,0.611,0.7583,0.1958,0.5084
iran_dang3_nozaed15,Iranian-17,dft,input_shuffled,8,2025294599,False,0.8678,0,12,0.8465,-0.0,12,0.8465,0.4518,0.002,0.6109,0.7475,0.2061,0.4541
iran_dang3_nozaed15,Iranian-17,dft,input_shuffled,8,2025294599,False,0.8678,1,2,0.8662,-0.9628,10,0.58,0.5255,0.0015,0.609,0.7519,0.1615,0.4573
iran_dang3_nozaed15,Iranian-17,dft,input_shuffled,8,2025294599,False,0.8678,2,3,0.9475,-1.3656,3,0.242,0.6374,0.0005,0.6043,0.744,0.284,0.4649
iran_dang3_nozaed15,Iranian-17,dft,input_shuffled,8,2025294599,False,0.8678,3,9,0.6925,-0.6004,9,0.5644,0.3171,0.13493,0.6056,0.7422,0.1444,0.504
iran_dang3_nozaed15,Iranian-17,dft,input_shuffled,8,2025294599,False,0.8678,4,7,0.8007,2.3417,7,0.5612,0.4323,0.01649,0.6082,0.7493,0.2681,0.498
iran_dang3_nozaed15,Iranian-17,dft,input_shuffled,8,2025294599,False,0.8678,5,5,0.9457,-1.0869,5,0.4326,0.5983,0.0005,0.6064,0.7445,0.082,0.4734
iran_dang3_nozaed15,Iranian-17,dft,input_shuffled,8,2025294599,False,0.8678,6,12,0.8686,-0.0,12,0.8686,0.4796,0.002,0.614,0.7683,0.1328,0.4982
iran_dang3_nozaed15,Iranian-17,dft,input_shuffled,8,2025294599,False,0.8678,7,12,0.9227,-0.0,12,0.9227,0.5404,0.001,0.6075,0.7512,0.0322,0.4668
iran_dang3_nozaed15,Iranian-17,dft,label_shuffled,8,2025294599,False,0.7107,0,9,0.5247,-1.6172,12,0.4864,0.1883,0.85157,0.5984,0.7332,0.0601,0.4099
iran_dang3_nozaed15,Iranian-17,dft,label_shuffled,8,2025294599,False,0.7107,1,6,0.6253,1.7882,11,0.4525,0.2495,0.36132,0.6042,0.7381,0.2084,0.5369
iran_dang3_nozaed15,Iranian-17,dft,label_shuffled,8,2025294599,False,0.7107,2,11,0.5861,-2.2497,10,0.4364,0.2377,0.52574,0.5993,0.7343,0.1373,0.478
iran_dang3_nozaed15,Iranian-17,dft,label_shuffled,8,2025294599,False,0.7107,3,8,0.6963,0.501,8,0.6015,0.337,0.13743,0.6086,0.7481,0.2507,0.4708
iran_dang3_nozaed15,Iranian-17,dft,label_shuffled,8,2025294599,False,0.7107,4,4,0.8075,-0.2291,4,0.7838,0.4337,0.01299,0.6084,0.7517,0.1162,0.4903
iran_dang3_nozaed15,Iranian-17,dft,label_shuffled,8,2025294599,False,0.7107,5,2,0.7004,1.833,1,0.3989,0.3363,0.12594,0.6057,0.7542,0.0313,0.4674
iran_dang3_nozaed15,Iranian-17,dft,label_shuffled,8,2025294599,False,0.7107,6,5,0.5313,1.0737,11,0.3891,0.1977,0.73163,0.5742,0.6877,0.2718,0.4944
iran_dang3_nozaed15,Iranian-17,dft,label_shuffled,8,2025294599,False,0.7107,7,2,0.8291,0.5433,2,0.7212,0.471,0.0045,0.6059,0.739,0.0276,0.4789
iran_dang3_nozaed15,Iranian-17,dft,none,8,813663866,False,0.7603,0,3,0.9259,-3.1115,3,0.9255,0.5939,0.0005,0.6055,0.7412,0.0368,0.4467
iran_dang3_nozaed15,Iranian-17,dft,none,8,813663866,False,0.7603,1,12,0.8007,-0.0,12,0.8007,0.4121,0.0065,0.5985,0.7282,0.1002,0.4621
iran_dang3_nozaed15,Iranian-17,dft,none,8,813663866,False,0.7603,2,7,0.818,2.3949,7,0.6032,0.4555,0.005,0.6085,0.7451,0.1778,0.4944
iran_dang3_nozaed15,Iranian-17,dft,none,8,813663866,False,0.7603,3,9,0.8587,-1.8924,9,0.3115,0.5166,0.0025,0.6084,0.7521,0.1226,0.459
iran_dang3_nozaed15,Iranian-17,dft,none,8,813663866,False,0.7603,4,8,0.7167,-0.1459,8,0.708,0.3384,0.11394,0.6142,0.7581,0.4097,0.4991
iran_dang3_nozaed15,Iranian-17,dft,none,8,813663866,False,0.7603,5,6,0.7115,-2.322,12,0.6814,0.3546,0.10445,0.6064,0.7499,0.01,0.4917
iran_dang3_nozaed15,Iranian-17,dft,none,8,813663866,False,0.7603,6,7,0.6036,-0.6754,12,0.5273,0.2431,0.43878,0.5983,0.7329,0.0931,0.4873
iran_dang3_nozaed15,Iranian-17,dft,none,8,813663866,False,0.7603,7,2,0.6864,-0.3428,2,0.6508,0.3204,0.13393,0.605,0.7373,0.078,0.5138
iran_dang3_nozaed15,Iranian-17,dft,input_shuffled,8,813663866,False,0.8264,0,3,0.9529,-1.5112,4,0.16,0.639,0.0005,0.6042,0.7346,0.2385,0.4483
iran_dang3_nozaed15,Iranian-17,dft,input_shuffled,8,813663866,False,0.8264,1,12,0.6304,3.1416,12,0.6304,0.267,0.30285,0.5967,0.7254,0.0214,0.4658
iran_dang3_nozaed15,Iranian-17,dft,input_shuffled,8,813663866,False,0.8264,2,12,0.8319,3.1416,12,0.8319,0.4423,0.0075,0.6064,0.7474,0.1953,0.4795
iran_dang3_nozaed15,Iranian-17,dft,input_shuffled,8,813663866,False,0.8264,3,3,0.852,0.4168,3,0.7761,0.502,0.003,0.6066,0.7439,0.0532,0.4607
iran_dang3_nozaed15,Iranian-17,dft,input_shuffled,8,813663866,False,0.8264,4,8,0.7021,-3.1048,8,0.7016,0.3277,0.13193,0.6087,0.7562,0.3438,0.4702
iran_dang3_nozaed15,Iranian-17,dft,input_shuffled,8,813663866,False,0.8264,5,12,0.9542,3.1416,12,0.9542,0.5695,0.0005,0.6061,0.7471,0.1324,0.4922
iran_dang3_nozaed15,Iranian-17,dft,input_shuffled,8,813663866,False,0.8264,6,4,0.7578,2.813,4,0.7123,0.3988,0.04648,0.6105,0.754,0.1864,0.4925
iran_dang3_nozaed15,Iranian-17,dft,input_shuffled,8,813663866,False,0.8264,7,7,0.8758,-0.6958,7,0.6748,0.5197,0.0005,0.6049,0.7381,0.218,0.4524
iran_dang3_nozaed15,Iranian-17,dft,label_shuffled,8,813663866,False,0.8264,0,8,0.6118,2.6705,8,0.5379,0.2589,0.36732,0.5921,0.7181,0.0043,0.4549
iran_dang3_nozaed15,Iranian-17,dft,label_shuffled,8,813663866,False,0.8264,1,5,0.5661,2.3664,10,0.4539,0.219,0.64068,0.5983,0.7266,0.3084,0.4537
iran_dang3_nozaed15,Iranian-17,dft,label_shuffled,8,813663866,False,0.8264,2,11,0.6269,-0.8172,11,0.4429,0.2717,0.31134,0.5955,0.7164,0.1314,0.4715
iran_dang3_nozaed15,Iranian-17,dft,label_shuffled,8,813663866,False,0.8264,3,9,0.5431,-2.8097,9,0.5146,0.2089,0.68566,0.579,0.6987,0.051,0.4871
iran_dang3_nozaed15,Iranian-17,dft,label_shuffled,8,813663866,False,0.8264,4,2,0.6217,0.3506,2,0.588,0.2673,0.3953,0.6086,0.7489,0.0991,0.448
iran_dang3_nozaed15,Iranian-17,dft,label_shuffled,8,813663866,False,0.8264,5,7,0.7997,0.5583,7,0.6769,0.4406,0.01349,0.6072,0.7479,0.2606,0.4269
iran_dang3_nozaed15,Iranian-17,dft,label_shuffled,8,813663866,False,0.8264,6,4,0.5498,0.6305,7,0.536,0.2054,0.74563,0.6036,0.7378,0.2289,0.4768
iran_dang3_nozaed15,Iranian-17,dft,label_shuffled,8,813663866,False,0.8264,7,6,0.6847,0.5228,6,0.6422,0.3683,0.14443,0.6029,0.7346,0.0248,0.4826
iran_dang3_nozaed15,Iranian-17,dft,none,8,601387826,False,0.8182,0,3,0.8488,0.49,3,0.7441,0.4753,0.006,0.6108,0.7543,0.0005,0.4585
iran_dang3_nozaed15,Iranian-17,dft,none,8,601387826,False,0.8182,1,7,0.7982,2.19,12,0.7542,0.4172,0.01749,0.6065,0.7536,0.0066,0.5064
iran_dang3_nozaed15,Iranian-17,dft,none,8,601387826,False,0.8182,2,12,0.862,-0.0,12,0.862,0.4824,0.0025,0.6105,0.7564,0.1218,0.4602
iran_dang3_nozaed15,Iranian-17,dft,none,8,601387826,False,0.8182,3,9,0.9468,3.1302,9,0.9468,0.6329,0.0005,0.6055,0.7443,0.1819,0.4808
iran_dang3_nozaed15,Iranian-17,dft,none,8,601387826,False,0.8182,4,7,0.7546,-0.583,5,0.6847,0.3784,0.04398,0.6072,0.7483,0.1826,0.4906
iran_dang3_nozaed15,Iranian-17,dft,none,8,601387826,False,0.8182,5,12,0.8809,-0.0,12,0.8809,0.5058,0.0015,0.6094,0.7488,0.1921,0.4412
iran_dang3_nozaed15,Iranian-17,dft,none,8,601387826,False,0.8182,6,3,0.8775,-0.5479,3,0.756,0.5554,0.004,0.6139,0.7747,0.1248,0.4638
iran_dang3_nozaed15,Iranian-17,dft,none,8,601387826,False,0.8182,7,5,0.76,-1.6161,11,0.3573,0.4,0.02599,0.6021,0.7324,0.1582,0.4614
iran_dang3_nozaed15,Iranian-17,dft,input_shuffled,8,601387826,False,0.9339,0,12,0.9612,-0.0,12,0.9612,0.5764,0.0005,0.6061,0.7436,0.0773,0.4123
iran_dang3_nozaed15,Iranian-17,dft,input_shuffled,8,601387826,False,0.9339,1,5,0.8482,-1.1557,4,0.4535,0.4861,0.0035,0.6081,0.7506,0.0054,0.4813
iran_dang3_nozaed15,Iranian-17,dft,input_shuffled,8,601387826,False,0.9339,2,12,0.7034,-0.0,12,0.7034,0.3249,0.09345,0.6009,0.7324,0.171,0.4418
iran_dang3_nozaed15,Iranian-17,dft,input_shuffled,8,601387826,False,0.9339,3,12,0.7333,-0.0,12,0.7333,0.3519,0.06097,0.6041,0.7466,0.1873,0.4812
iran_dang3_nozaed15,Iranian-17,dft,input_shuffled,8,601387826,False,0.9339,4,7,0.6797,2.4669,7,0.5326,0.3217,0.13493,0.5985,0.728,0.1391,0.5131
iran_dang3_nozaed15,Iranian-17,dft,input_shuffled,8,601387826,False,0.9339,5,3,0.9049,-1.3932,3,0.2073,0.557,0.0005,0.6082,0.7447,0.1865,0.5065
iran_dang3_nozaed15,Iranian-17,dft,input_shuffled,8,601387826,False,0.9339,6,2,0.6838,0.0919,2,0.6813,0.3341,0.17741,0.6109,0.7626,0.142,0.4675
iran_dang3_nozaed15,Iranian-17,dft,input_shuffled,8,601387826,False,0.9339,7,2,0.9037,-0.7898,2,0.6559,0.5828,0.0005,0.6039,0.7444,0.2049,0.4567
iran_dang3_nozaed15,Iranian-17,dft,label_shuffled,8,601387826,False,0.7769,0,6,0.6075,1.5791,9,0.4135,0.2321,0.45027,0.6053,0.7434,0.0891,0.445
iran_dang3_nozaed15,Iranian-17,dft,label_shuffled,8,601387826,False,0.7769,1,11,0.5264,2.3693,11,0.3874,0.1985,0.84608,0.6052,0.7375,0.0666,0.5157
iran_dang3_nozaed15,Iranian-17,dft,label_shuffled,8,601387826,False,0.7769,2,11,0.5848,2.4413,11,0.4562,0.2315,0.54573,0.5996,0.7325,0.0212,0.4523
iran_dang3_nozaed15,Iranian-17,dft,label_shuffled,8,601387826,False,0.7769,3,2,0.6337,-0.7458,10,0.4823,0.2934,0.28386,0.5962,0.7167,0.1579,0.4784
iran_dang3_nozaed15,Iranian-17,dft,label_shuffled,8,601387826,False,0.7769,4,1,0.6271,-0.3069,1,0.5969,0.2701,0.1989,0.5739,0.6927,0.2922,0.4563
iran_dang3_nozaed15,Iranian-17,dft,label_shuffled,8,601387826,False,0.7769,5,2,0.6162,2.8371,2,0.591,0.2687,0.3933,0.6041,0.7347,0.0456,0.4658
iran_dang3_nozaed15,Iranian-17,dft,label_shuffled,8,601387826,False,0.7769,6,12,0.463,3.1416,12,0.463,0.151,0.98901,0.6015,0.7377,0.3837,0.4857
iran_dang3_nozaed15,Iranian-17,dft,label_shuffled,8,601387826,False,0.7769,7,5,0.6925,1.1205,11,0.5619,0.322,0.11094,0.6015,0.7296,0.0913,0.3924
iran_dang3_nozaed15,Iranian-17,dft,none,8,289690411,False,0.843,0,12,0.9134,-0.0,12,0.9134,0.5281,0.002,0.6058,0.7401,0.0288,0.4586
iran_dang3_nozaed15,Iranian-17,dft,none,8,289690411,False,0.843,1,5,0.7517,-0.9919,7,0.603,0.3833,0.06647,0.6112,0.7653,0.0086,0.4444
iran_dang3_nozaed15,Iranian-17,dft,none,8,289690411,False,0.843,2,4,0.8483,0.0669,4,0.8462,0.481,0.0005,0.596,0.7193,0.0663,0.5016
iran_dang3_nozaed15,Iranian-17,dft,none,8,289690411,False,0.843,3,7,0.8908,2.0658,12,0.4763,0.5474,0.0005,0.597,0.7298,0.0283,0.4363
iran_dang3_nozaed15,Iranian-17,dft,none,8,289690411,False,0.843,4,12,0.7489,3.1416,12,0.7489,0.3675,0.01999,0.5944,0.7177,0.0254,0.4708
iran_dang3_nozaed15,Iranian-17,dft,none,8,289690411,False,0.843,5,6,0.765,0.1694,6,0.7605,0.494,0.04448,0.6079,0.7605,0.2602,0.4533
iran_dang3_nozaed15,Iranian-17,dft,none,8,289690411,False,0.843,6,8,0.7015,-1.2291,4,0.3482,0.3469,0.10995,0.6039,0.7308,0.0974,0.4727
iran_dang3_nozaed15,Iranian-17,dft,none,8,289690411,False,0.843,7,12,0.6242,-0.0,12,0.6242,0.2614,0.30035,0.5946,0.7232,0.3354,0.4359
iran_dang3_nozaed15,Iranian-17,dft,input_shuffled,8,289690411,False,0.9256,0,5,0.7637,1.3682,7,0.4602,0.3987,0.02849,0.6021,0.7403,0.2065,0.4336
iran_dang3_nozaed15,Iranian-17,dft,input_shuffled,8,289690411,False,0.9256,1,10,0.5867,-1.0004,1,0.4502,0.2343,0.53123,0.6008,0.7358,0.371,0.4475
iran_dang3_nozaed15,Iranian-17,dft,input_shuffled,8,289690411,False,0.9256,2,7,0.719,-2.7927,7,0.6753,0.3477,0.08296,0.608,0.7522,0.0323,0.4445
iran_dang3_nozaed15,Iranian-17,dft,input_shuffled,8,289690411,False,0.9256,3,9,0.7942,-2.1448,9,0.4568,0.4573,0.0065,0.5941,0.7279,0.1346,0.437
iran_dang3_nozaed15,Iranian-17,dft,input_shuffled,8,289690411,False,0.9256,4,5,0.7489,-2.4821,12,0.7307,0.3647,0.05197,0.6086,0.7499,0.3257,0.4513
iran_dang3_nozaed15,Iranian-17,dft,input_shuffled,8,289690411,False,0.9256,5,6,0.6588,-2.9239,6,0.6523,0.328,0.24738,0.6097,0.7515,0.0964,0.4751
iran_dang3_nozaed15,Iranian-17,dft,input_shuffled,8,289690411,False,0.9256,6,3,0.7257,-2.1299,9,0.52,0.3563,0.08546,0.6112,0.7552,0.3408,0.4257
iran_dang3_nozaed15,Iranian-17,dft,input_shuffled,8,289690411,False,0.9256,7,12,0.8528,3.1416,12,0.8528,0.4644,0.001,0.6004,0.742,0.1632,0.461
iran_dang3_nozaed15,Iranian-17,dft,label_shuffled,8,289690411,False,0.6777,0,9,0.6325,-2.2541,3,0.4361,0.2853,0.28736,0.5993,0.7326,0.1457,0.4449
iran_dang3_nozaed15,Iranian-17,dft,label_shuffled,8,289690411,False,0.6777,1,8,0.64,0.3212,8,0.6032,0.2697,0.30085,0.6043,0.7478,0.3108,0.5086
iran_dang3_nozaed15,Iranian-17,dft,label_shuffled,8,289690411,False,0.6777,2,6,0.7785,1.319,11,0.5588,0.383,0.01349,0.5963,0.7263,0.0272,0.4496
iran_dang3_nozaed15,Iranian-17,dft,label_shuffled,8,289690411,False,0.6777,3,3,0.5901,2.7125,3,0.5391,0.2476,0.48876,0.5946,0.7197,0.059,0.5314
iran_dang3_nozaed15,Iranian-17,dft,label_shuffled,8,289690411,False,0.6777,4,5,0.5771,-0.7338,2,0.5142,0.2368,0.5917,0.5972,0.7204,0.3313,0.4701
iran_dang3_nozaed15,Iranian-17,dft,label_shuffled,8,289690411,False,0.6777,5,11,0.5142,-2.4474,6,0.4817,0.1963,0.89055,0.603,0.7386,0.0417,0.5107
iran_dang3_nozaed15,Iranian-17,dft,label_shuffled,8,289690411,False,0.6777,6,11,0.4966,0.3081,11,0.4724,0.1717,0.93953,0.5912,0.7187,0.1379,0.4862
iran_dang3_nozaed15,Iranian-17,dft,label_shuffled,8,289690411,False,0.6777,7,4,0.602,2.9977,4,0.595,0.241,0.47126,0.6041,0.7339,0.0668,0.4974
iran_dang3_nozaed15,Iranian-17,dft,none,8,1068452240,False,0.8512,0,12,0.8705,3.1416,12,0.8705,0.4869,0.001,0.5971,0.7244,0.1401,0.4872
iran_dang3_nozaed15,Iranian-17,dft,none,8,1068452240,False,0.8512,1,12,0.8963,-0.0,12,0.8963,0.508,0.0025,0.6103,0.7505,0.2272,0.4976
iran_dang3_nozaed15,Iranian-17,dft,none,8,1068452240,False,0.8512,2,5,0.5888,-2.6057,5,0.5071,0.2431,0.52574,0.6002,0.7302,0.169,0.469
iran_dang3_nozaed15,Iranian-17,dft,none,8,1068452240,False,0.8512,3,9,0.916,0.2008,9,0.8981,0.5819,0.0005,0.6077,0.7442,0.2119,0.5512
iran_dang3_nozaed15,Iranian-17,dft,none,8,1068452240,False,0.8512,4,5,0.8155,-0.9986,5,0.4361,0.4423,0.0045,0.5992,0.7298,0.0387,0.4437
iran_dang3_nozaed15,Iranian-17,dft,none,8,1068452240,False,0.8512,5,9,0.7939,1.6342,11,0.1739,0.4324,0.008,0.6035,0.7346,0.2192,0.4912
iran_dang3_nozaed15,Iranian-17,dft,none,8,1068452240,False,0.8512,6,12,0.7928,3.1416,12,0.7928,0.4111,0.01199,0.6018,0.7411,0.0575,0.4788
iran_dang3_nozaed15,Iranian-17,dft,none,8,1068452240,False,0.8512,7,2,0.7271,0.0368,2,0.7267,0.3868,0.05047,0.6016,0.7268,0.1544,0.4301
iran_dang3_nozaed15,Iranian-17,dft,input_shuffled,8,1068452240,False,0.8182,0,8,0.6163,1.58,2,0.3222,0.2602,0.31934,0.5891,0.7077,0.3132,0.4368
iran_dang3_nozaed15,Iranian-17,dft,input_shuffled,8,1068452240,False,0.8182,1,12,0.8789,-0.0,12,0.8789,0.4909,0.001,0.602,0.7365,0.16,0.517
iran_dang3_nozaed15,Iranian-17,dft,input_shuffled,8,1068452240,False,0.8182,2,7,0.805,1.9688,7,0.319,0.4405,0.003,0.5883,0.7182,0.2068,0.4882
iran_dang3_nozaed15,Iranian-17,dft,input_shuffled,8,1068452240,False,0.8182,3,9,0.8457,0.2143,9,0.8269,0.504,0.0005,0.6023,0.7432,0.2157,0.4504
iran_dang3_nozaed15,Iranian-17,dft,input_shuffled,8,1068452240,False,0.8182,4,12,0.7514,3.1416,12,0.7514,0.3674,0.02949,0.5989,0.7333,0.0958,0.4229
iran_dang3_nozaed15,Iranian-17,dft,input_shuffled,8,1068452240,False,0.8182,5,3,0.8962,-1.3898,9,0.2249,0.5594,0.0005,0.6074,0.7456,0.274,0.5207
iran_dang3_nozaed15,Iranian-17,dft,input_shuffled,8,1068452240,False,0.8182,6,5,0.7588,-0.6478,5,0.6032,0.3959,0.03848,0.6086,0.7502,0.1761,0.491
iran_dang3_nozaed15,Iranian-17,dft,input_shuffled,8,1068452240,False,0.8182,7,7,0.9331,-0.4273,7,0.85,0.5685,0.0005,0.6048,0.7415,0.21,0.5241
iran_dang3_nozaed15,Iranian-17,dft,label_shuffled,8,1068452240,False,0.7686,0,8,0.6746,-1.9672,6,0.3952,0.3343,0.13443,0.5935,0.7163,0.2117,0.4671
iran_dang3_nozaed15,Iranian-17,dft,label_shuffled,8,1068452240,False,0.7686,1,6,0.5389,1.5247,11,0.4604,0.1846,0.78461,0.6033,0.7479,0.0854,0.469
iran_dang3_nozaed15,Iranian-17,dft,label_shuffled,8,1068452240,False,0.7686,2,3,0.6029,2.5113,3,0.4939,0.2524,0.42229,0.5957,0.7228,0.1493,0.5331
iran_dang3_nozaed15,Iranian-17,dft,label_shuffled,8,1068452240,False,0.7686,3,5,0.7845,0.9972,5,0.4309,0.4209,0.0095,0.5988,0.7227,0.1489,0.4963
iran_dang3_nozaed15,Iranian-17,dft,label_shuffled,8,1068452240,False,0.7686,4,4,0.6142,-0.5221,4,0.5238,0.2497,0.42229,0.6063,0.7467,0.1123,0.4577
iran_dang3_nozaed15,Iranian-17,dft,label_shuffled,8,1068452240,False,0.7686,5,3,0.5863,-0.7998,2,0.4223,0.2459,0.52974,0.5977,0.7297,0.4164,0.4398
iran_dang3_nozaed15,Iranian-17,dft,label_shuffled,8,1068452240,False,0.7686,6,2,0.5755,1.4707,12,0.326,0.218,0.57171,0.5935,0.7189,0.0344,0.4594
iran_dang3_nozaed15,Iranian-17,dft,label_shuffled,8,1068452240,False,0.7686,7,4,0.676,-0.2748,4,0.6475,0.3055,0.14043,0.5949,0.7254,0.1856,0.4993
iran_dang3_nozaed15,Iranian-17,dft,none,8,1183867919,False,0.9504,0,12,0.8673,-0.0,12,0.8673,0.4783,0.0035,0.6147,0.7678,0.2172,0.475
iran_dang3_nozaed15,Iranian-17,dft,none,8,1183867919,False,0.9504,1,10,0.8348,0.3705,10,0.7843,0.4927,0.005,0.6075,0.7468,0.028,0.4025
iran_dang3_nozaed15,Iranian-17,dft,none,8,1183867919,False,0.9504,2,7,0.7305,3.0706,7,0.7287,0.3531,0.07596,0.6079,0.7495,0.0507,0.5333
iran_dang3_nozaed15,Iranian-17,dft,none,8,1183867919,False,0.9504,3,3,0.5568,-2.4244,4,0.4162,0.2159,0.68666,0.5982,0.7249,0.0069,0.4758
iran_dang3_nozaed15,Iranian-17,dft,none,8,1183867919,False,0.9504,4,7,0.8586,-1.5858,9,0.1887,0.5029,0.0035,0.61,0.7575,0.0336,0.5014
iran_dang3_nozaed15,Iranian-17,dft,none,8,1183867919,False,0.9504,5,12,0.7916,3.1416,12,0.7916,0.4028,0.01099,0.6003,0.7358,0.0743,0.4513
iran_dang3_nozaed15,Iranian-17,dft,none,8,1183867919,False,0.9504,6,7,0.6842,-0.0596,7,0.683,0.3129,0.09295,0.5911,0.7104,0.125,0.5152
iran_dang3_nozaed15,Iranian-17,dft,none,8,1183867919,False,0.9504,7,6,0.6789,-0.3033,6,0.6656,0.3693,0.14543,0.6009,0.7348,0.1329,0.4797
iran_dang3_nozaed15,Iranian-17,dft,input_shuffled,8,1183867919,False,0.9091,0,7,0.773,-2.0465,9,0.394,0.4157,0.0055,0.5904,0.7084,0.0322,0.4634
iran_dang3_nozaed15,Iranian-17,dft,input_shuffled,8,1183867919,False,0.9091,1,3,0.8927,1.3653,10,0.2923,0.561,0.001,0.6056,0.7418,0.0931,0.4782
iran_dang3_nozaed15,Iranian-17,dft,input_shuffled,8,1183867919,False,0.9091,2,12,0.9775,3.1416,12,0.9775,0.5945,0.0015,0.6102,0.749,0.0446,0.4769
iran_dang3_nozaed15,Iranian-17,dft,input_shuffled,8,1183867919,False,0.9091,3,7,0.6915,2.1313,5,0.434,0.3174,0.13893,0.6053,0.7378,0.1033,0.4825
iran_dang3_nozaed15,Iranian-17,dft,input_shuffled,8,1183867919,False,0.9091,4,2,0.6177,2.2318,5,0.4823,0.2637,0.32384,0.5919,0.7185,0.031,0.4586
iran_dang3_nozaed15,Iranian-17,dft,input_shuffled,8,1183867919,False,0.9091,5,12,0.9269,3.1416,12,0.9269,0.5396,0.001,0.6092,0.7494,0.1237,0.4624
iran_dang3_nozaed15,Iranian-17,dft,input_shuffled,8,1183867919,False,0.9091,6,7,0.8837,-0.7981,7,0.6205,0.5213,0.0015,0.5996,0.7343,0.1559,0.5118
iran_dang3_nozaed15,Iranian-17,dft,input_shuffled,8,1183867919,False,0.9091,7,2,0.7597,1.2338,12,0.4653,0.3957,0.03898,0.6097,0.7491,0.2749,0.4146
iran_dang3_nozaed15,Iranian-17,dft,label_shuffled,8,1183867919,False,0.7025,0,7,0.4496,2.5331,9,0.4201,0.1416,0.9915,0.5963,0.7191,0.353,0.4556
iran_dang3_nozaed15,Iranian-17,dft,label_shuffled,8,1183867919,False,0.7025,1,5,0.6613,0.4951,5,0.5827,0.2905,0.22689,0.6038,0.7383,0.2479,0.487
iran_dang3_nozaed15,Iranian-17,dft,label_shuffled,8,1183867919,False,0.7025,2,4,0.7839,-2.3401,4,0.5275,0.4184,0.02149,0.606,0.7514,0.1443,0.4728
iran_dang3_nozaed15,Iranian-17,dft,label_shuffled,8,1183867919,False,0.7025,3,11,0.5889,1.5178,2,0.5363,0.2456,0.42579,0.5819,0.6898,0.2188,0.485
iran_dang3_nozaed15,Iranian-17,dft,label_shuffled,8,1183867919,False,0.7025,4,2,0.6939,0.2171,2,0.6795,0.3404,0.15542,0.6109,0.7533,0.0065,0.4806
iran_dang3_nozaed15,Iranian-17,dft,label_shuffled,8,1183867919,False,0.7025,5,6,0.6564,2.2882,6,0.5288,0.313,0.26137,0.6102,0.7487,0.269,0.4888
iran_dang3_nozaed15,Iranian-17,dft,label_shuffled,8,1183867919,False,0.7025,6,7,0.6867,-0.0725,7,0.6849,0.324,0.13443,0.6009,0.7338,0.1818,0.5118
iran_dang3_nozaed15,Iranian-17,dft,label_shuffled,8,1183867919,False,0.7025,7,10,0.695,2.7202,10,0.6406,0.3555,0.15642,0.6129,0.7583,0.3223,0.4607
iran_dang3_nozaed15,Iranian-17,dft,none,8,651558538,False,0.9256,0,12,0.5325,-0.0,12,0.5325,0.1885,0.81309,0.5964,0.7188,0.3055,0.4831
iran_dang3_nozaed15,Iranian-17,dft,none,8,651558538,False,0.9256,1,12,0.9449,3.1416,12,0.9449,0.5604,0.0005,0.6069,0.7401,0.0439,0.4186
iran_dang3_nozaed15,Iranian-17,dft,none,8,651558538,False,0.9256,2,3,0.6279,2.1049,3,0.3415,0.2739,0.34833,0.6046,0.7461,0.231,0.4952
iran_dang3_nozaed15,Iranian-17,dft,none,8,651558538,False,0.9256,3,2,0.5357,-0.519,2,0.4721,0.2003,0.7971,0.5973,0.7235,0.0224,0.4914
iran_dang3_nozaed15,Iranian-17,dft,none,8,651558538,False,0.9256,4,6,0.6422,-0.0654,6,0.6417,0.3256,0.28236,0.6031,0.7319,0.2562,0.481
iran_dang3_nozaed15,Iranian-17,dft,none,8,651558538,False,0.9256,5,6,0.9768,-0.7932,6,0.8183,0.7655,0.0005,0.6144,0.768,0.1453,0.5138
iran_dang3_nozaed15,Iranian-17,dft,none,8,651558538,False,0.9256,6,9,0.8765,2.0175,3,0.4567,0.52,0.0015,0.6102,0.7531,0.0615,0.4715
iran_dang3_nozaed15,Iranian-17,dft,none,8,651558538,False,0.9256,7,9,0.8952,0.5869,9,0.7538,0.5935,0.0015,0.6139,0.7663,0.1292,0.5197
iran_dang3_nozaed15,Iranian-17,dft,input_shuffled,8,651558538,False,0.876,0,7,0.6985,2.475,7,0.5508,0.3415,0.10245,0.6027,0.7355,0.1771,0.5062
iran_dang3_nozaed15,Iranian-17,dft,input_shuffled,8,651558538,False,0.876,1,12,0.9484,3.1416,12,0.9484,0.5661,0.0005,0.6082,0.7539,0.1466,0.5309
iran_dang3_nozaed15,Iranian-17,dft,input_shuffled,8,651558538,False,0.876,2,12,0.9829,-0.0,12,0.9829,0.6023,0.002,0.6077,0.7411,0.0747,0.4521
iran_dang3_nozaed15,Iranian-17,dft,input_shuffled,8,651558538,False,0.876,3,5,0.7764,-0.9247,7,0.597,0.401,0.02499,0.6056,0.747,0.1486,0.4657
iran_dang3_nozaed15,Iranian-17,dft,input_shuffled,8,651558538,False,0.876,4,2,0.5428,-0.8359,2,0.3763,0.202,0.77411,0.6044,0.7452,0.3598,0.4861
iran_dang3_nozaed15,Iranian-17,dft,input_shuffled,8,651558538,False,0.876,5,11,0.6112,-2.9568,11,0.6006,0.2597,0.44578,0.6104,0.7608,0.1092,0.4999
iran_dang3_nozaed15,Iranian-17,dft,input_shuffled,8,651558538,False,0.876,6,3,0.9015,1.3558,10,0.2199,0.5722,0.0005,0.6037,0.731,0.1467,0.4594
iran_dang3_nozaed15,Iranian-17,dft,input_shuffled,8,651558538,False,0.876,7,3,0.9731,0.0035,3,0.9731,0.6555,0.0005,0.6067,0.742,0.0468,0.494
iran_dang3_nozaed15,Iranian-17,dft,label_shuffled,8,651558538,False,0.7355,0,1,0.5786,-0.3648,1,0.5391,0.2293,0.58871,0.6062,0.748,0.1657,0.4173
iran_dang3_nozaed15,Iranian-17,dft,label_shuffled,8,651558538,False,0.7355,1,8,0.6599,-0.7492,8,0.4689,0.298,0.18291,0.5942,0.7251,0.1729,0.4737
iran_dang3_nozaed15,Iranian-17,dft,label_shuffled,8,651558538,False,0.7355,2,4,0.6686,0.6498,4,0.5198,0.3157,0.13243,0.59,0.7162,0.1563,0.4962
iran_dang3_nozaed15,Iranian-17,dft,label_shuffled,8,651558538,False,0.7355,3,5,0.6335,-0.5303,5,0.5456,0.2799,0.32934,0.6068,0.7447,0.1976,0.4565
iran_dang3_nozaed15,Iranian-17,dft,label_shuffled,8,651558538,False,0.7355,4,4,0.5732,2.2256,9,0.415,0.2262,0.63518,0.6062,0.7477,0.3175,0.4923
iran_dang3_nozaed15,Iranian-17,dft,label_shuffled,8,651558538,False,0.7355,5,4,0.7405,-1.2678,6,0.3743,0.3908,0.02999,0.5931,0.7223,0.4499,0.4592
iran_dang3_nozaed15,Iranian-17,dft,label_shuffled,8,651558538,False,0.7355,6,8,0.5801,2.2791,12,0.4714,0.2347,0.57471,0.6032,0.7421,0.0847,0.4753
iran_dang3_nozaed15,Iranian-17,dft,label_shuffled,8,651558538,False,0.7355,7,6,0.5496,2.7341,6,0.5297,0.223,0.72164,0.5968,0.7216,0.0147,0.4805
iran_dang3_nozaed15,Iranian-17,dft,none,8,1061785348,False,0.9091,0,12,0.9611,3.1416,12,0.9611,0.5724,0.0005,0.6038,0.7467,0.1183,0.5136
iran_dang3_nozaed15,Iranian-17,dft,none,8,1061785348,False,0.9091,1,5,0.7189,-2.0796,5,0.3555,0.3487,0.07146,0.6019,0.7335,0.1569,0.4344
iran_dang3_nozaed15,Iranian-17,dft,none,8,1061785348,False,0.9091,2,6,0.9585,0.8113,6,0.7941,0.7165,0.0005,0.6123,0.7752,0.065,0.4619
iran_dang3_nozaed15,Iranian-17,dft,none,8,1061785348,False,0.9091,3,5,0.6737,-0.8357,7,0.6323,0.3032,0.14343,0.5971,0.7241,0.0699,0.4995
iran_dang3_nozaed15,Iranian-17,dft,none,8,1061785348,False,0.9091,4,12,0.9171,-0.0,12,0.9171,0.5315,0.0005,0.6084,0.7468,0.2696,0.4832
iran_dang3_nozaed15,Iranian-17,dft,none,8,1061785348,False,0.9091,5,3,0.7853,-2.8847,3,0.7589,0.428,0.01749,0.6048,0.747,0.0598,0.5033
iran_dang3_nozaed15,Iranian-17,dft,none,8,1061785348,False,0.9091,6,12,0.7824,-0.0,12,0.7824,0.3978,0.01949,0.6076,0.7448,0.1602,0.4884
iran_dang3_nozaed15,Iranian-17,dft,none,8,1061785348,False,0.9091,7,7,0.7739,-0.9146,7,0.4765,0.4141,0.01149,0.5939,0.7188,0.037,0.477
iran_dang3_nozaed15,Iranian-17,dft,input_shuffled,8,1061785348,False,0.876,0,9,0.6729,-2.9776,9,0.6641,0.3159,0.1924,0.6062,0.7405,0.3095,0.4771
iran_dang3_nozaed15,Iranian-17,dft,input_shuffled,8,1061785348,False,0.876,1,3,0.8774,-1.6317,9,0.231,0.55,0.0005,0.6058,0.7445,0.1207,0.4878
iran_dang3_nozaed15,Iranian-17,dft,input_shuffled,8,1061785348,False,0.876,2,7,0.8666,-0.6322,7,0.7011,0.512,0.0005,0.6028,0.7339,0.1146,0.4852
iran_dang3_nozaed15,Iranian-17,dft,input_shuffled,8,1061785348,False,0.876,3,12,0.8407,-0.0,12,0.8407,0.4531,0.0015,0.6047,0.7369,0.0995,0.5117
iran_dang3_nozaed15,Iranian-17,dft,input_shuffled,8,1061785348,False,0.876,4,3,0.9596,2.989,3,0.9487,0.6377,0.0005,0.6094,0.7511,0.0769,0.4636
iran_dang3_nozaed15,Iranian-17,dft,input_shuffled,8,1061785348,False,0.876,5,2,0.7201,-1.6159,10,0.3722,0.3585,0.09195,0.6059,0.7457,0.4226,0.5005
iran_dang3_nozaed15,Iranian-17,dft,input_shuffled,8,1061785348,False,0.876,6,12,0.834,-0.0,12,0.834,0.444,0.003,0.602,0.735,0.1587,0.4873
iran_dang3_nozaed15,Iranian-17,dft,input_shuffled,8,1061785348,False,0.876,7,7,0.7037,1.1427,5,0.452,0.3338,0.06197,0.5908,0.7117,0.2872,0.4479
iran_dang3_nozaed15,Iranian-17,dft,label_shuffled,8,1061785348,False,0.7851,0,3,0.6288,2.7927,3,0.5923,0.2732,0.32184,0.5997,0.7377,0.2418,0.4664
iran_dang3_nozaed15,Iranian-17,dft,label_shuffled,8,1061785348,False,0.7851,1,2,0.5784,-0.8726,2,0.3854,0.2384,0.5917,0.6041,0.7368,0.2171,0.505
iran_dang3_nozaed15,Iranian-17,dft,label_shuffled,8,1061785348,False,0.7851,2,7,0.5189,2.0541,2,0.3922,0.1899,0.88206,0.6081,0.7476,0.229,0.4393
iran_dang3_nozaed15,Iranian-17,dft,label_shuffled,8,1061785348,False,0.7851,3,6,0.597,-0.77,4,0.5184,0.2637,0.46427,0.5965,0.7226,0.0653,0.4677
iran_dang3_nozaed15,Iranian-17,dft,label_shuffled,8,1061785348,False,0.7851,4,7,0.5586,0.5203,7,0.4839,0.2137,0.70315,0.6029,0.7372,0.2237,0.5045
iran_dang3_nozaed15,Iranian-17,dft,label_shuffled,8,1061785348,False,0.7851,5,4,0.5699,-2.1945,7,0.4778,0.2356,0.64518,0.6029,0.7292,0.0701,0.4714
iran_dang3_nozaed15,Iranian-17,dft,label_shuffled,8,1061785348,False,0.7851,6,4,0.6094,-2.3637,11,0.4903,0.262,0.43428,0.6019,0.731,0.097,0.4693
iran_dang3_nozaed15,Iranian-17,dft,label_shuffled,8,1061785348,False,0.7851,7,7,0.6233,1.2805,3,0.3909,0.265,0.22789,0.5756,0.6902,0.1383,0.476
iran_dang3_nozaed15,Iranian-17,dft,none,8,662708283,False,0.9008,0,12,0.8575,-0.0,12,0.8575,0.4667,0.005,0.6075,0.75,0.2179,0.4166
iran_dang3_nozaed15,Iranian-17,dft,none,8,662708283,False,0.9008,1,12,0.8505,-0.0,12,0.8505,0.4617,0.0045,0.6064,0.7502,0.0114,0.5296
iran_dang3_nozaed15,Iranian-17,dft,none,8,662708283,False,0.9008,2,9,0.9252,-2.8995,9,0.899,0.5971,0.0005,0.6046,0.74,0.2851,0.4732
iran_dang3_nozaed15,Iranian-17,dft,none,8,662708283,False,0.9008,3,12,0.9428,3.1416,12,0.9428,0.5553,0.0005,0.6022,0.7367,0.0828,0.459
iran_dang3_nozaed15,Iranian-17,dft,none,8,662708283,False,0.9008,4,2,0.5036,-1.5002,8,0.3701,0.1771,0.91854,0.5964,0.7118,0.2297,0.4993
iran_dang3_nozaed15,Iranian-17,dft,none,8,662708283,False,0.9008,5,9,0.8054,1.6285,6,0.1971,0.4567,0.007,0.6002,0.7328,0.2366,0.4925
iran_dang3_nozaed15,Iranian-17,dft,none,8,662708283,False,0.9008,6,7,0.8012,2.415,7,0.6015,0.4429,0.01649,0.6065,0.7446,0.2956,0.4692
iran_dang3_nozaed15,Iranian-17,dft,none,8,662708283,False,0.9008,7,8,0.485,-2.3257,4,0.4802,0.157,0.96052,0.595,0.7165,0.1017,0.4713
iran_dang3_nozaed15,Iranian-17,dft,input_shuffled,8,662708283,False,0.8678,0,12,0.7596,-0.0,12,0.7596,0.3746,0.02349,0.5961,0.7282,0.1819,0.4783
iran_dang3_nozaed15,Iranian-17,dft,input_shuffled,8,662708283,False,0.8678,1,5,0.5581,1.4929,10,0.4448,0.2274,0.70065,0.6044,0.7387,0.2385,0.4674
iran_dang3_nozaed15,Iranian-17,dft,input_shuffled,8,662708283,False,0.8678,2,9,0.7628,-2.9089,9,0.7428,0.4115,0.02549,0.601,0.7344,0.1313,0.5537
iran_dang3_nozaed15,Iranian-17,dft,input_shuffled,8,662708283,False,0.8678,3,7,0.7484,-0.5371,7,0.6441,0.387,0.04398,0.6051,0.7425,0.2015,0.5041
iran_dang3_nozaed15,Iranian-17,dft,input_shuffled,8,662708283,False,0.8678,4,12,0.706,-0.0,12,0.706,0.3278,0.06197,0.5934,0.7155,0.0408,0.4588
iran_dang3_nozaed15,Iranian-17,dft,input_shuffled,8,662708283,False,0.8678,5,3,0.8872,-2.0327,9,0.4625,0.5303,0.0025,0.6122,0.762,0.2312,0.4616
iran_dang3_nozaed15,Iranian-17,dft,input_shuffled,8,662708283,False,0.8678,6,12,0.8799,-0.0,12,0.8799,0.4901,0.001,0.606,0.7462,0.0976,0.4706
iran_dang3_nozaed15,Iranian-17,dft,input_shuffled,8,662708283,False,0.8678,7,3,0.8672,2.5367,3,0.7222,0.5536,0.0045,0.614,0.7629,0.2604,0.4785
iran_dang3_nozaed15,Iranian-17,dft,label_shuffled,8,662708283,False,0.8099,0,4,0.5945,-2.3584,12,0.4481,0.2376,0.47926,0.5976,0.7296,0.2771,0.4315
iran_dang3_nozaed15,Iranian-17,dft,label_shuffled,8,662708283,False,0.8099,1,6,0.607,2.7828,6,0.5901,0.277,0.47276,0.6066,0.742,0.0142,0.5074
iran_dang3_nozaed15,Iranian-17,dft,label_shuffled,8,662708283,False,0.8099,2,3,0.5414,2.5944,9,0.4845,0.1971,0.7906,0.6059,0.7452,0.1187,0.4316
iran_dang3_nozaed15,Iranian-17,dft,label_shuffled,8,662708283,False,0.8099,3,4,0.5733,-1.2354,3,0.3751,0.2343,0.55272,0.5912,0.7148,0.3988,0.4272
iran_dang3_nozaed15,Iranian-17,dft,label_shuffled,8,662708283,False,0.8099,4,5,0.6079,-2.2853,7,0.444,0.258,0.46977,0.6114,0.7522,0.0661,0.469
iran_dang3_nozaed15,Iranian-17,dft,label_shuffled,8,662708283,False,0.8099,5,9,0.6705,1.7347,4,0.361,0.3093,0.2054,0.6092,0.7505,0.0159,0.4323
iran_dang3_nozaed15,Iranian-17,dft,label_shuffled,8,662708283,False,0.8099,6,5,0.5454,-0.9627,2,0.4763,0.1989,0.74313,0.5939,0.7172,0.3789,0.4118
iran_dang3_nozaed15,Iranian-17,dft,label_shuffled,8,662708283,False,0.8099,7,8,0.5301,2.219,5,0.3805,0.1919,0.85057,0.6105,0.7443,0.1701,0.4509
iran_dang3_nozaed15,Iranian-17,dft,none,8,405023991,False,0.8099,0,3,0.6793,2.1032,9,0.4871,0.3252,0.18491,0.6094,0.7576,0.2001,0.4708
iran_dang3_nozaed15,Iranian-17,dft,none,8,405023991,False,0.8099,1,7,0.8372,-0.8504,12,0.719,0.4601,0.0055,0.6093,0.7545,0.1118,0.4554
iran_dang3_nozaed15,Iranian-17,dft,none,8,405023991,False,0.8099,2,9,0.7316,-0.7986,9,0.4953,0.3631,0.08146,0.6137,0.7569,0.0097,0.5217
iran_dang3_nozaed15,Iranian-17,dft,none,8,405023991,False,0.8099,3,12,0.8282,3.1416,12,0.8282,0.4409,0.0035,0.607,0.7428,0.1858,0.4721
iran_dang3_nozaed15,Iranian-17,dft,none,8,405023991,False,0.8099,4,7,0.6032,0.1828,12,0.6014,0.2358,0.45027,0.6015,0.7289,0.0888,0.4654
iran_dang3_nozaed15,Iranian-17,dft,none,8,405023991,False,0.8099,5,7,0.7445,-0.4521,7,0.6704,0.3758,0.03948,0.6003,0.7319,0.1157,0.5155
iran_dang3_nozaed15,Iranian-17,dft,none,8,405023991,False,0.8099,6,4,0.5539,-2.8215,4,0.5224,0.2203,0.72414,0.604,0.7404,0.0408,0.4589
iran_dang3_nozaed15,Iranian-17,dft,none,8,405023991,False,0.8099,7,7,0.7918,1.5046,12,0.3636,0.4219,0.01249,0.6042,0.7438,0.0802,0.4554
iran_dang3_nozaed15,Iranian-17,dft,input_shuffled,8,405023991,False,0.8595,0,9,0.7346,0.0823,9,0.7322,0.3727,0.05497,0.5983,0.7364,0.2455,0.4358
iran_dang3_nozaed15,Iranian-17,dft,input_shuffled,8,405023991,False,0.8595,1,7,0.8377,2.4302,5,0.6425,0.4741,0.005,0.6072,0.748,0.1399,0.5083
iran_dang3_nozaed15,Iranian-17,dft,input_shuffled,8,405023991,False,0.8595,2,7,0.6403,1.6715,12,0.5911,0.2758,0.32234,0.6096,0.7461,0.0386,0.5191
iran_dang3_nozaed15,Iranian-17,dft,input_shuffled,8,405023991,False,0.8595,3,12,0.8365,3.1416,12,0.8365,0.4502,0.004,0.6046,0.7471,0.0967,0.4983
iran_dang3_nozaed15,Iranian-17,dft,input_shuffled,8,405023991,False,0.8595,4,12,0.76,3.1416,12,0.76,0.3775,0.02249,0.5968,0.7284,0.0298,0.4825
iran_dang3_nozaed15,Iranian-17,dft,input_shuffled,8,405023991,False,0.8595,5,2,0.9281,-2.9214,2,0.9082,0.6316,0.0005,0.6157,0.7665,0.0897,0.453
iran_dang3_nozaed15,Iranian-17,dft,input_shuffled,8,405023991,False,0.8595,6,5,0.5291,0.1373,5,0.5241,0.1916,0.82909,0.5931,0.7152,0.0163,0.5157
iran_dang3_nozaed15,Iranian-17,dft,input_shuffled,8,405023991,False,0.8595,7,4,0.6962,2.4276,4,0.5118,0.3362,0.10495,0.601,0.729,0.3267,0.4324
iran_dang3_nozaed15,Iranian-17,dft,label_shuffled,8,405023991,False,0.7107,0,8,0.6313,0.1442,8,0.6239,0.2841,0.32284,0.6013,0.7352,0.1385,0.4516
iran_dang3_nozaed15,Iranian-17,dft,label_shuffled,8,405023991,False,0.7107,1,4,0.5299,-2.4645,11,0.4652,0.1927,0.83008,0.5995,0.7312,0.2226,0.4873
iran_dang3_nozaed15,Iranian-17,dft,label_shuffled,8,405023991,False,0.7107,2,12,0.632,-0.0,12,0.632,0.274,0.29085,0.5954,0.7223,0.1601,0.4482
iran_dang3_nozaed15,Iranian-17,dft,label_shuffled,8,405023991,False,0.7107,3,4,0.5782,1.3253,3,0.3363,0.2401,0.55172,0.597,0.732,0.0226,0.5371
iran_dang3_nozaed15,Iranian-17,dft,label_shuffled,8,405023991,False,0.7107,4,6,0.6662,0.6609,6,0.5961,0.3412,0.21939,0.6093,0.7506,0.0089,0.4644
iran_dang3_nozaed15,Iranian-17,dft,label_shuffled,8,405023991,False,0.7107,5,9,0.6317,-2.801,9,0.5968,0.284,0.36082,0.6107,0.7521,0.3496,0.4929
iran_dang3_nozaed15,Iranian-17,dft,label_shuffled,8,405023991,False,0.7107,6,2,0.551,-2.5947,2,0.4783,0.2129,0.73913,0.6042,0.7449,0.2345,0.4895
iran_dang3_nozaed15,Iranian-17,dft,label_shuffled,8,405023991,False,0.7107,7,5,0.5023,-2.8613,5,0.4828,0.1779,0.93203,0.6084,0.7498,0.0828,0.4378
iran_dang3_nozaed15,Iranian-17,dft,none,8,738245476,False,0.8182,0,3,0.8567,1.9822,3,0.3786,0.5166,0.001,0.5876,0.7027,0.2601,0.4796
iran_dang3_nozaed15,Iranian-17,dft,none,8,738245476,False,0.8182,1,9,0.8071,3.1326,9,0.8071,0.4404,0.0065,0.6046,0.7433,0.1717,0.4611
iran_dang3_nozaed15,Iranian-17,dft,none,8,738245476,False,0.8182,2,7,0.6332,2.6102,7,0.5468,0.2624,0.31084,0.6009,0.7361,0.1807,0.4296
iran_dang3_nozaed15,Iranian-17,dft,none,8,738245476,False,0.8182,3,8,0.7122,-1.9665,9,0.3624,0.3392,0.07496,0.5992,0.729,0.2364,0.5372
iran_dang3_nozaed15,Iranian-17,dft,none,8,738245476,False,0.8182,4,12,0.761,-0.0,12,0.761,0.3799,0.02249,0.5986,0.7277,0.0677,0.5236
iran_dang3_nozaed15,Iranian-17,dft,none,8,738245476,False,0.8182,5,12,0.6121,-0.0,12,0.6121,0.2538,0.30135,0.5833,0.7012,0.2134,0.4695
iran_dang3_nozaed15,Iranian-17,dft,none,8,738245476,False,0.8182,6,12,0.8776,3.1416,12,0.8776,0.4889,0.0015,0.6091,0.7555,0.094,0.4854
iran_dang3_nozaed15,Iranian-17,dft,none,8,738245476,False,0.8182,7,5,0.6834,-1.2769,11,0.4509,0.3136,0.18091,0.6087,0.75,0.2645,0.4988
iran_dang3_nozaed15,Iranian-17,dft,input_shuffled,8,738245476,False,0.8512,0,9,0.9188,-0.5777,9,0.7614,0.5584,0.0005,0.6138,0.7597,0.2881,0.4265
iran_dang3_nozaed15,Iranian-17,dft,input_shuffled,8,738245476,False,0.8512,1,9,0.9181,-2.2731,9,0.6154,0.6194,0.001,0.6094,0.7655,0.2408,0.5168
iran_dang3_nozaed15,Iranian-17,dft,input_shuffled,8,738245476,False,0.8512,2,12,0.8812,-0.0,12,0.8812,0.4944,0.0005,0.6001,0.7301,0.245,0.4857
iran_dang3_nozaed15,Iranian-17,dft,input_shuffled,8,738245476,False,0.8512,3,5,0.7619,3.0911,5,0.761,0.3955,0.04098,0.6075,0.754,0.0258,0.477
iran_dang3_nozaed15,Iranian-17,dft,input_shuffled,8,738245476,False,0.8512,4,7,0.9385,2.2433,7,0.5896,0.5896,0.0005,0.606,0.7416,0.1309,0.4865
iran_dang3_nozaed15,Iranian-17,dft,input_shuffled,8,738245476,False,0.8512,5,5,0.7843,1.1963,12,0.7813,0.4039,0.02249,0.6112,0.752,0.067,0.4744
iran_dang3_nozaed15,Iranian-17,dft,input_shuffled,8,738245476,False,0.8512,6,6,0.6466,2.6957,6,0.6182,0.3276,0.29535,0.6068,0.7467,0.3146,0.4218
iran_dang3_nozaed15,Iranian-17,dft,input_shuffled,8,738245476,False,0.8512,7,7,0.8073,-1.8541,9,0.2637,0.439,0.0075,0.6034,0.7353,0.0017,0.5087
iran_dang3_nozaed15,Iranian-17,dft,label_shuffled,8,738245476,False,0.7934,0,5,0.6301,2.405,3,0.5527,0.2798,0.33833,0.6038,0.7383,0.0638,0.5233
iran_dang3_nozaed15,Iranian-17,dft,label_shuffled,8,738245476,False,0.7934,1,6,0.6305,1.5119,8,0.3758,0.2503,0.31334,0.5991,0.7277,0.2241,0.4718
iran_dang3_nozaed15,Iranian-17,dft,label_shuffled,8,738245476,False,0.7934,2,4,0.6946,2.3755,4,0.4852,0.3483,0.07796,0.5905,0.712,0.0535,0.4465
iran_dang3_nozaed15,Iranian-17,dft,label_shuffled,8,738245476,False,0.7934,3,12,0.5277,-0.0,12,0.5277,0.1863,0.83258,0.5911,0.7094,0.2117,0.4895
iran_dang3_nozaed15,Iranian-17,dft,label_shuffled,8,738245476,False,0.7934,4,11,0.6596,2.9087,11,0.6423,0.3163,0.26337,0.612,0.7542,0.2429,0.4625
iran_dang3_nozaed15,Iranian-17,dft,label_shuffled,8,738245476,False,0.7934,5,4,0.6909,-2.9846,4,0.6813,0.3283,0.09945,0.5945,0.7213,0.007,0.4962
iran_dang3_nozaed15,Iranian-17,dft,label_shuffled,8,738245476,False,0.7934,6,4,0.6609,0.7868,4,0.4518,0.3012,0.24188,0.6097,0.7599,0.2321,0.5003
iran_dang3_nozaed15,Iranian-17,dft,label_shuffled,8,738245476,False,0.7934,7,2,0.6669,-1.1348,3,0.3723,0.3042,0.21989,0.6091,0.7452,0.1588,0.4918
iran_dang3_nozaed15,Iranian-17,dft,none,8,70355838,False,0.876,0,12,0.7419,3.1416,12,0.7419,0.3519,0.02949,0.5953,0.7261,0.1417,0.4781
iran_dang3_nozaed15,Iranian-17,dft,none,8,70355838,False,0.876,1,3,0.9108,-2.9338,3,0.8908,0.5807,0.0005,0.602,0.7383,0.0093,0.4974
iran_dang3_nozaed15,Iranian-17,dft,none,8,70355838,False,0.876,2,5,0.6788,-2.0009,7,0.3874,0.314,0.1919,0.6089,0.7535,0.0807,0.4956
iran_dang3_nozaed15,Iranian-17,dft,none,8,70355838,False,0.876,3,5,0.7987,3.13,5,0.7986,0.4257,0.01949,0.6117,0.7611,0.0365,0.4763
iran_dang3_nozaed15,Iranian-17,dft,none,8,70355838,False,0.876,4,12,0.9308,-0.0,12,0.9308,0.5421,0.0005,0.6013,0.7354,0.1627,0.4532
iran_dang3_nozaed15,Iranian-17,dft,none,8,70355838,False,0.876,5,12,0.8686,3.1416,12,0.8686,0.477,0.002,0.6092,0.7549,0.1072,0.5353
iran_dang3_nozaed15,Iranian-17,dft,none,8,70355838,False,0.876,6,6,0.9665,-2.3122,6,0.7915,0.7272,0.0005,0.6176,0.7662,0.0866,0.5148
iran_dang3_nozaed15,Iranian-17,dft,none,8,70355838,False,0.876,7,3,0.9431,1.4536,2,0.2528,0.6286,0.0005,0.6053,0.7503,0.1838,0.441
iran_dang3_nozaed15,Iranian-17,dft,input_shuffled,8,70355838,False,0.8843,0,9,0.8736,1.8013,10,0.3119,0.5336,0.001,0.6054,0.7364,0.0577,0.4982
iran_dang3_nozaed15,Iranian-17,dft,input_shuffled,8,70355838,False,0.8843,1,2,0.5902,-1.6498,10,0.4208,0.2399,0.51124,0.6021,0.7422,0.2556,0.4427
iran_dang3_nozaed15,Iranian-17,dft,input_shuffled,8,70355838,False,0.8843,2,7,0.7857,2.5715,7,0.6628,0.4201,0.02199,0.6036,0.7441,0.0844,0.4345
iran_dang3_nozaed15,Iranian-17,dft,input_shuffled,8,70355838,False,0.8843,3,9,0.9494,-2.9674,9,0.9353,0.6359,0.0005,0.6057,0.7432,0.4097,0.495
iran_dang3_nozaed15,Iranian-17,dft,input_shuffled,8,70355838,False,0.8843,4,7,0.7103,1.4489,12,0.5513,0.3386,0.11594,0.6098,0.7539,0.0179,0.5023
iran_dang3_nozaed15,Iranian-17,dft,input_shuffled,8,70355838,False,0.8843,5,7,0.6974,-0.7304,12,0.6824,0.3204,0.13593,0.6083,0.7501,0.0175,0.4822
iran_dang3_nozaed15,Iranian-17,dft,input_shuffled,8,70355838,False,0.8843,6,10,0.8784,2.82,10,0.8383,0.5382,0.003,0.6108,0.7554,0.1869,0.4847
iran_dang3_nozaed15,Iranian-17,dft,input_shuffled,8,70355838,False,0.8843,7,12,0.9021,3.1416,12,0.9021,0.5136,0.001,0.6074,0.7483,0.1222,0.4432
iran_dang3_nozaed15,Iranian-17,dft,label_shuffled,8,70355838,False,0.6281,0,11,0.5627,-0.9908,4,0.5392,0.2203,0.67516,0.6035,0.7365,0.0167,0.4459
iran_dang3_nozaed15,Iranian-17,dft,label_shuffled,8,70355838,False,0.6281,1,5,0.5516,2.2826,2,0.409,0.2125,0.72064,0.6005,0.7307,0.0664,0.4784
iran_dang3_nozaed15,Iranian-17,dft,label_shuffled,8,70355838,False,0.6281,2,1,0.5791,-0.7957,10,0.4122,0.2389,0.58821,0.6014,0.7356,0.0772,0.464
iran_dang3_nozaed15,Iranian-17,dft,label_shuffled,8,70355838,False,0.6281,3,4,0.6808,2.0828,2,0.4957,0.3274,0.2014,0.612,0.7587,0.1732,0.4404
iran_dang3_nozaed15,Iranian-17,dft,label_shuffled,8,70355838,False,0.6281,4,4,0.6291,-2.5265,4,0.5027,0.2712,0.33833,0.6039,0.7388,0.2585,0.4939
iran_dang3_nozaed15,Iranian-17,dft,label_shuffled,8,70355838,False,0.6281,5,6,0.5642,-1.9839,4,0.4349,0.2139,0.70815,0.6112,0.7539,0.4031,0.5063
iran_dang3_nozaed15,Iranian-17,dft,label_shuffled,8,70355838,False,0.6281,6,4,0.5939,-0.0076,4,0.5939,0.2488,0.46077,0.5967,0.724,0.0919,0.4816
iran_dang3_nozaed15,Iranian-17,dft,label_shuffled,8,70355838,False,0.6281,7,3,0.5751,-2.4865,3,0.4488,0.2343,0.57221,0.5974,0.7203,0.2482,0.4899
iran_dang3_nozaed15,Iranian-17,dft,none,8,596459420,False,0.8678,0,3,0.9465,0.1265,3,0.9389,0.6297,0.0005,0.6031,0.7298,0.0878,0.4858
iran_dang3_nozaed15,Iranian-17,dft,none,8,596459420,False,0.8678,1,3,0.9143,-1.869,10,0.2425,0.5841,0.0005,0.6023,0.7472,0.1112,0.4268
iran_dang3_nozaed15,Iranian-17,dft,none,8,596459420,False,0.8678,2,7,0.6914,-0.9058,12,0.5314,0.3209,0.15392,0.6094,0.7502,0.0282,0.4758
iran_dang3_nozaed15,Iranian-17,dft,none,8,596459420,False,0.8678,3,12,0.9527,-0.0,12,0.9527,0.564,0.0005,0.6001,0.73,0.0416,0.4803
iran_dang3_nozaed15,Iranian-17,dft,none,8,596459420,False,0.8678,4,5,0.5774,1.9678,11,0.3904,0.23,0.5982,0.6023,0.737,0.2107,0.5157
iran_dang3_nozaed15,Iranian-17,dft,none,8,596459420,False,0.8678,5,9,0.5884,0.9755,5,0.4409,0.2431,0.52474,0.6021,0.7342,0.0143,0.4711
iran_dang3_nozaed15,Iranian-17,dft,none,8,596459420,False,0.8678,6,12,0.8513,-0.0,12,0.8513,0.4632,0.0015,0.6053,0.7452,0.1808,0.5097
iran_dang3_nozaed15,Iranian-17,dft,none,8,596459420,False,0.8678,7,5,0.7036,-2.1292,5,0.3776,0.334,0.13443,0.6114,0.7463,0.0587,0.4649
iran_dang3_nozaed15,Iranian-17,dft,input_shuffled,8,596459420,False,0.7686,0,5,0.6567,-0.9317,5,0.3879,0.2956,0.24588,0.6084,0.7478,0.1458,0.5391
iran_dang3_nozaed15,Iranian-17,dft,input_shuffled,8,596459420,False,0.7686,1,8,0.6018,-0.2603,8,0.579,0.2524,0.47276,0.6035,0.733,0.0678,0.4842
iran_dang3_nozaed15,Iranian-17,dft,input_shuffled,8,596459420,False,0.7686,2,3,0.976,-1.66,2,0.2682,0.6677,0.0005,0.6057,0.7417,0.24,0.4894
iran_dang3_nozaed15,Iranian-17,dft,input_shuffled,8,596459420,False,0.7686,3,12,0.9159,3.1416,12,0.9159,0.5293,0.001,0.6087,0.7489,0.0307,0.4435
iran_dang3_nozaed15,Iranian-17,dft,input_shuffled,8,596459420,False,0.7686,4,3,0.9019,-2.8857,3,0.8718,0.571,0.0005,0.6048,0.7435,0.0148,0.4908
iran_dang3_nozaed15,Iranian-17,dft,input_shuffled,8,596459420,False,0.7686,5,5,0.8734,2.4215,5,0.6538,0.5218,0.0005,0.6039,0.7309,0.0677,0.4713
iran_dang3_nozaed15,Iranian-17,dft,input_shuffled,8,596459420,False,0.7686,6,12,0.7727,-0.0,12,0.7727,0.3858,0.01399,0.5966,0.725,0.1694,0.4726
iran_dang3_nozaed15,Iranian-17,dft,input_shuffled,8,596459420,False,0.7686,7,7,0.8583,2.6925,7,0.774,0.5116,0.0045,0.6059,0.751,0.278,0.4523
iran_dang3_nozaed15,Iranian-17,dft,label_shuffled,8,596459420,False,0.7355,0,2,0.6714,2.7335,2,0.622,0.3208,0.2014,0.6082,0.7466,0.036,0.496
iran_dang3_nozaed15,Iranian-17,dft,label_shuffled,8,596459420,False,0.7355,1,4,0.6255,2.3116,4,0.4076,0.2811,0.37781,0.6101,0.7565,0.2185,0.466
iran_dang3_nozaed15,Iranian-17,dft,label_shuffled,8,596459420,False,0.7355,2,8,0.5148,-2.507,7,0.4926,0.1918,0.88306,0.5992,0.7287,0.4706,0.4583
iran_dang3_nozaed15,Iranian-17,dft,label_shuffled,8,596459420,False,0.7355,3,10,0.6298,-1.8704,1,0.3477,0.2727,0.34833,0.6068,0.7439,0.3974,0.48
iran_dang3_nozaed15,Iranian-17,dft,label_shuffled,8,596459420,False,0.7355,4,5,0.5415,0.5678,12,0.5355,0.2052,0.81559,0.6108,0.7515,0.1523,0.5132
iran_dang3_nozaed15,Iranian-17,dft,label_shuffled,8,596459420,False,0.7355,5,6,0.7248,0.8594,6,0.5814,0.3817,0.06897,0.6029,0.7353,0.37,0.4635
iran_dang3_nozaed15,Iranian-17,dft,label_shuffled,8,596459420,False,0.7355,6,10,0.6549,2.7404,10,0.6084,0.312,0.21789,0.6009,0.7361,0.0429,0.4614
iran_dang3_nozaed15,Iranian-17,dft,label_shuffled,8,596459420,False,0.7355,7,7,0.5049,2.5423,3,0.4758,0.1745,0.91904,0.5919,0.7175,0.2078,0.4819
iran_dang3_nozaed15,Iranian-17,dft,none,8,1872890977,False,0.8512,0,8,0.6915,1.5584,1,0.3143,0.3359,0.12944,0.6016,0.7422,0.0488,0.5148
iran_dang3_nozaed15,Iranian-17,dft,none,8,1872890977,False,0.8512,1,5,0.8063,1.1799,7,0.4084,0.4571,0.007,0.603,0.7376,0.1576,0.4759
iran_dang3_nozaed15,Iranian-17,dft,none,8,1872890977,False,0.8512,2,3,0.8699,-1.6731,1,0.1708,0.536,0.001,0.6036,0.7467,0.0516,0.5078
iran_dang3_nozaed15,Iranian-17,dft,none,8,1872890977,False,0.8512,3,5,0.8177,-2.1931,12,0.8037,0.4316,0.005,0.6074,0.7489,0.0837,0.466
iran_dang3_nozaed15,Iranian-17,dft,none,8,1872890977,False,0.8512,4,2,0.6815,-0.6355,2,0.5602,0.3319,0.15242,0.6032,0.7346,0.0333,0.4752
iran_dang3_nozaed15,Iranian-17,dft,none,8,1872890977,False,0.8512,5,12,0.9608,3.1416,12,0.9608,0.5783,0.0005,0.6083,0.7533,0.0676,0.4347
iran_dang3_nozaed15,Iranian-17,dft,none,8,1872890977,False,0.8512,6,5,0.6632,-0.2116,5,0.6484,0.305,0.21189,0.6032,0.7382,0.2622,0.4463
iran_dang3_nozaed15,Iranian-17,dft,none,8,1872890977,False,0.8512,7,7,0.7718,2.0967,12,0.7306,0.3888,0.01649,0.5996,0.7284,0.0458,0.476
iran_dang3_nozaed15,Iranian-17,dft,input_shuffled,8,1872890977,False,0.8347,0,3,0.8985,-1.3025,3,0.2824,0.5511,0.0005,0.6088,0.751,0.1667,0.4402
iran_dang3_nozaed15,Iranian-17,dft,input_shuffled,8,1872890977,False,0.8347,1,2,0.602,2.5313,2,0.5031,0.2548,0.49225,0.6094,0.7495,0.3516,0.4363
iran_dang3_nozaed15,Iranian-17,dft,input_shuffled,8,1872890977,False,0.8347,2,12,0.8155,-0.0,12,0.8155,0.4295,0.0065,0.6013,0.7362,0.1799,0.5094
iran_dang3_nozaed15,Iranian-17,dft,input_shuffled,8,1872890977,False,0.8347,3,7,0.8339,2.6028,7,0.717,0.4845,0.003,0.603,0.7357,0.2616,0.4676
iran_dang3_nozaed15,Iranian-17,dft,input_shuffled,8,1872890977,False,0.8347,4,9,0.7957,3.0619,9,0.7932,0.4292,0.01,0.6049,0.742,0.095,0.4331
iran_dang3_nozaed15,Iranian-17,dft,input_shuffled,8,1872890977,False,0.8347,5,12,0.7696,-0.0,12,0.7696,0.386,0.02449,0.6019,0.7369,0.0493,0.4454
iran_dang3_nozaed15,Iranian-17,dft,input_shuffled,8,1872890977,False,0.8347,6,5,0.729,2.3662,5,0.5178,0.3563,0.06897,0.6041,0.7465,0.0804,0.4698
iran_dang3_nozaed15,Iranian-17,dft,input_shuffled,8,1872890977,False,0.8347,7,12,0.6146,-0.0,12,0.6146,0.2507,0.32684,0.5909,0.7055,0.0464,0.4649
iran_dang3_nozaed15,Iranian-17,dft,label_shuffled,8,1872890977,False,0.843,0,10,0.4922,-2.9734,10,0.486,0.1785,0.93853,0.5963,0.7271,0.2117,0.5191
iran_dang3_nozaed15,Iranian-17,dft,label_shuffled,8,1872890977,False,0.843,1,6,0.6486,-0.5603,6,0.6017,0.323,0.23438,0.599,0.735,0.014,0.4984
iran_dang3_nozaed15,Iranian-17,dft,label_shuffled,8,1872890977,False,0.843,2,3,0.5672,-1.5666,11,0.5145,0.2157,0.66767,0.6071,0.7437,0.3289,0.4504
iran_dang3_nozaed15,Iranian-17,dft,label_shuffled,8,1872890977,False,0.843,3,5,0.7148,-2.4493,5,0.5523,0.3487,0.09595,0.6087,0.7541,0.1189,0.4701
iran_dang3_nozaed15,Iranian-17,dft,label_shuffled,8,1872890977,False,0.843,4,2,0.6606,0.7896,2,0.4796,0.2969,0.24638,0.6086,0.7464,0.0824,0.4888
iran_dang3_nozaed15,Iranian-17,dft,label_shuffled,8,1872890977,False,0.843,5,4,0.6279,2.4209,4,0.4586,0.2698,0.35832,0.6046,0.7392,0.1409,0.4884
iran_dang3_nozaed15,Iranian-17,dft,label_shuffled,8,1872890977,False,0.843,6,3,0.673,-0.0947,3,0.67,0.3128,0.16942,0.6001,0.7312,0.3447,0.4852
iran_dang3_nozaed15,Iranian-17,dft,label_shuffled,8,1872890977,False,0.843,7,4,0.6814,-2.039,7,0.2942,0.3351,0.12644,0.5972,0.7285,0.3884,0.5035
iran_dang4_diss12,Iranian-17,dft,none,12,2044170742,False,0.9268,0,7,0.6415,2.9043,7,0.6236,0.2785,0.23888,0.5949,0.7246,0.1636,0.4956
iran_dang4_diss12,Iranian-17,dft,none,12,2044170742,False,0.9268,1,10,0.5917,1.305,12,0.3985,0.2375,0.53423,0.604,0.7354,0.292,0.4773
iran_dang4_diss12,Iranian-17,dft,none,12,2044170742,False,0.9268,2,2,0.6766,-1.0107,5,0.4838,0.3138,0.18691,0.61,0.7476,0.0667,0.4173
iran_dang4_diss12,Iranian-17,dft,none,12,2044170742,False,0.9268,3,12,0.4831,3.1416,12,0.4831,0.1647,0.93503,0.5683,0.6803,0.3051,0.4737
iran_dang4_diss12,Iranian-17,dft,none,12,2044170742,False,0.9268,4,2,0.9126,-1.927,2,0.336,0.5708,0.0005,0.6102,0.7554,0.3621,0.4524
iran_dang4_diss12,Iranian-17,dft,none,12,2044170742,False,0.9268,5,2,0.9183,2.8359,2,0.8804,0.6109,0.0005,0.6084,0.76,0.0431,0.5279
iran_dang4_diss12,Iranian-17,dft,none,12,2044170742,False,0.9268,6,12,0.877,-0.0,12,0.877,0.4894,0.0005,0.5977,0.7208,0.1764,0.5052
iran_dang4_diss12,Iranian-17,dft,none,12,2044170742,False,0.9268,7,3,0.6249,2.5025,3,0.509,0.2821,0.34383,0.6014,0.7305,0.1203,0.514
iran_dang4_diss12,Iranian-17,dft,none,12,2044170742,False,0.9268,8,12,0.803,3.1416,12,0.803,0.4258,0.008,0.6049,0.7432,0.1401,0.444
iran_dang4_diss12,Iranian-17,dft,none,12,2044170742,False,0.9268,9,7,0.8036,2.5379,7,0.6633,0.4393,0.01099,0.606,0.7481,0.0438,0.45
iran_dang4_diss12,Iranian-17,dft,none,12,2044170742,False,0.9268,10,7,0.6465,0.5873,7,0.537,0.2891,0.27236,0.6057,0.7416,0.1238,0.4988
iran_dang4_diss12,Iranian-17,dft,none,12,2044170742,False,0.9268,11,10,0.5227,0.4391,10,0.4782,0.1961,0.87956,0.6042,0.7496,0.197,0.4689
iran_dang4_diss12,Iranian-17,dft,input_shuffled,12,2044170742,False,0.9472,0,4,0.5209,0.0239,4,0.5207,0.1791,0.87856,0.6083,0.7482,0.2587,0.4367
iran_dang4_diss12,Iranian-17,dft,input_shuffled,12,2044170742,False,0.9472,1,2,0.6792,2.7939,2,0.643,0.3406,0.14993,0.6011,0.7317,0.0159,0.4234
iran_dang4_diss12,Iranian-17,dft,input_shuffled,12,2044170742,False,0.9472,2,12,0.747,3.1416,12,0.747,0.362,0.03698,0.5987,0.7313,0.0452,0.4551
iran_dang4_diss12,Iranian-17,dft,input_shuffled,12,2044170742,False,0.9472,3,10,0.6401,1.2001,7,0.3203,0.2904,0.26637,0.6008,0.7302,0.2009,0.4499
iran_dang4_diss12,Iranian-17,dft,input_shuffled,12,2044170742,False,0.9472,4,12,0.6557,3.1416,12,0.6557,0.2856,0.24188,0.6062,0.7516,0.1315,0.4898
iran_dang4_diss12,Iranian-17,dft,input_shuffled,12,2044170742,False,0.9472,5,9,0.9391,-3.0492,9,0.9352,0.6218,0.0005,0.6113,0.7572,0.2089,0.4772
iran_dang4_diss12,Iranian-17,dft,input_shuffled,12,2044170742,False,0.9472,6,8,0.6485,-2.938,8,0.6334,0.2972,0.22389,0.5991,0.7321,0.0995,0.4781
iran_dang4_diss12,Iranian-17,dft,input_shuffled,12,2044170742,False,0.9472,7,2,0.7466,1.9073,12,0.4004,0.3743,0.02599,0.5944,0.7226,0.1037,0.4846
iran_dang4_diss12,Iranian-17,dft,input_shuffled,12,2044170742,False,0.9472,8,2,0.7433,-1.9791,3,0.3966,0.3781,0.06497,0.6092,0.755,0.3046,0.5046
iran_dang4_diss12,Iranian-17,dft,input_shuffled,12,2044170742,False,0.9472,9,2,0.6454,-0.1106,2,0.6419,0.2921,0.27786,0.604,0.7415,0.2231,0.471
iran_dang4_diss12,Iranian-17,dft,input_shuffled,12,2044170742,False,0.9472,10,7,0.7428,-0.6018,7,0.6138,0.3793,0.02399,0.5918,0.7114,0.082,0.4448
iran_dang4_diss12,Iranian-17,dft,input_shuffled,12,2044170742,False,0.9472,11,12,0.702,3.1416,12,0.702,0.3265,0.10395,0.6022,0.7348,0.0841,0.4169
iran_dang4_diss12,Iranian-17,dft,label_shuffled,12,2044170742,False,0.8821,0,6,0.591,-0.5936,6,0.5423,0.2644,0.52824,0.6026,0.7381,0.0717,0.4638
iran_dang4_diss12,Iranian-17,dft,label_shuffled,12,2044170742,False,0.8821,1,4,0.7383,-0.0481,4,0.7374,0.3737,0.06497,0.6065,0.7498,0.1699,0.4783
iran_dang4_diss12,Iranian-17,dft,label_shuffled,12,2044170742,False,0.8821,2,4,0.6159,2.6011,4,0.519,0.2512,0.41629,0.6069,0.7396,0.1787,0.4903
iran_dang4_diss12,Iranian-17,dft,label_shuffled,12,2044170742,False,0.8821,3,3,0.5643,1.5411,11,0.3672,0.2209,0.68016,0.607,0.752,0.3052,0.4739
iran_dang4_diss12,Iranian-17,dft,label_shuffled,12,2044170742,False,0.8821,4,6,0.566,-2.7088,6,0.5426,0.2493,0.65117,0.6007,0.7335,0.1492,0.5012
iran_dang4_diss12,Iranian-17,dft,label_shuffled,12,2044170742,False,0.8821,5,4,0.6057,-2.3071,6,0.4367,0.265,0.3958,0.5948,0.7196,0.0407,0.5175
iran_dang4_diss12,Iranian-17,dft,label_shuffled,12,2044170742,False,0.8821,6,3,0.527,0.372,3,0.4896,0.19,0.83208,0.5972,0.7262,0.0704,0.493
iran_dang4_diss12,Iranian-17,dft,label_shuffled,12,2044170742,False,0.8821,7,5,0.6266,-0.3813,5,0.5813,0.2776,0.34183,0.6034,0.7372,0.0051,0.4868
iran_dang4_diss12,Iranian-17,dft,label_shuffled,12,2044170742,False,0.8821,8,1,0.5767,1.6863,2,0.3655,0.2325,0.5982,0.6006,0.7322,0.6834,0.5096
iran_dang4_diss12,Iranian-17,dft,label_shuffled,12,2044170742,False,0.8821,9,8,0.4597,-2.2228,6,0.3833,0.1551,0.9915,0.5955,0.7239,0.4131,0.5288
iran_dang4_diss12,Iranian-17,dft,label_shuffled,12,2044170742,False,0.8821,10,6,0.863,2.1744,6,0.6317,0.5385,0.003,0.6034,0.7408,0.3841,0.4928
iran_dang4_diss12,Iranian-17,dft,label_shuffled,12,2044170742,False,0.8821,11,5,0.5483,-0.1394,5,0.5429,0.2146,0.74263,0.5999,0.732,0.2038,0.4611
iran_dang4_diss12,Iranian-17,dft,none,12,463585424,False,0.9268,0,3,0.5928,-0.6782,3,0.4697,0.2508,0.52924,0.6056,0.7376,0.4139,0.4685
iran_dang4_diss12,Iranian-17,dft,none,12,463585424,False,0.9268,1,2,0.9431,2.5368,2,0.791,0.6384,0.0005,0.6042,0.7436,0.2535,0.4498
iran_dang4_diss12,Iranian-17,dft,none,12,463585424,False,0.9268,2,12,0.8674,-0.0,12,0.8674,0.4814,0.001,0.5957,0.7203,0.1141,0.4593
iran_dang4_diss12,Iranian-17,dft,none,12,463585424,False,0.9268,3,2,0.9194,-1.6292,6,0.2574,0.5767,0.001,0.6123,0.7607,0.3531,0.53
iran_dang4_diss12,Iranian-17,dft,none,12,463585424,False,0.9268,4,7,0.8386,1.1534,7,0.3328,0.4787,0.0035,0.6002,0.7318,0.03,0.434
iran_dang4_diss12,Iranian-17,dft,none,12,463585424,False,0.9268,5,12,0.7239,-0.0,12,0.7239,0.3462,0.08396,0.6098,0.7616,0.0725,0.4498
iran_dang4_diss12,Iranian-17,dft,none,12,463585424,False,0.9268,6,10,0.7992,0.4249,10,0.7355,0.4453,0.0075,0.5979,0.7266,0.0503,0.5029
iran_dang4_diss12,Iranian-17,dft,none,12,463585424,False,0.9268,7,7,0.8707,2.4033,7,0.6469,0.5169,0.001,0.6064,0.7393,0.0165,0.5007
iran_dang4_diss12,Iranian-17,dft,none,12,463585424,False,0.9268,8,11,0.5064,0.7806,12,0.3865,0.17,0.90705,0.5909,0.7104,0.168,0.5014
iran_dang4_diss12,Iranian-17,dft,none,12,463585424,False,0.9268,9,3,0.525,1.3193,8,0.4083,0.1913,0.87156,0.6097,0.7587,0.131,0.4575
iran_dang4_diss12,Iranian-17,dft,none,12,463585424,False,0.9268,10,10,0.5292,-3.1225,10,0.5291,0.1967,0.82359,0.6015,0.7331,0.2166,0.4726
iran_dang4_diss12,Iranian-17,dft,none,12,463585424,False,0.9268,11,3,0.6905,1.6272,7,0.3708,0.3286,0.14393,0.608,0.7531,0.097,0.4404
iran_dang4_diss12,Iranian-17,dft,input_shuffled,12,463585424,False,0.9512,0,10,0.5332,-0.508,12,0.5307,0.1959,0.81609,0.5979,0.7313,0.2863,0.4758
iran_dang4_diss12,Iranian-17,dft,input_shuffled,12,463585424,False,0.9512,1,6,0.9393,-2.4899,6,0.8436,0.7429,0.0005,0.6146,0.7708,0.0971,0.4943
iran_dang4_diss12,Iranian-17,dft,input_shuffled,12,463585424,False,0.9512,2,8,0.5834,2.1471,7,0.5534,0.2313,0.58571,0.6077,0.7512,0.0809,0.4805
iran_dang4_diss12,Iranian-17,dft,input_shuffled,12,463585424,False,0.9512,3,2,0.554,-2.4402,3,0.4749,0.2212,0.71164,0.5964,0.7176,0.0612,0.4164
iran_dang4_diss12,Iranian-17,dft,input_shuffled,12,463585424,False,0.9512,4,3,0.8178,-1.4987,2,0.3557,0.4673,0.006,0.6018,0.7348,0.1338,0.4898
iran_dang4_diss12,Iranian-17,dft,input_shuffled,12,463585424,False,0.9512,5,12,0.9207,-0.0,12,0.9207,0.5337,0.002,0.6079,0.7523,0.1006,0.5109
iran_dang4_diss12,Iranian-17,dft,input_shuffled,12,463585424,False,0.9512,6,2,0.609,-2.0847,12,0.4627,0.2496,0.41629,0.5999,0.7285,0.2506,0.4936
iran_dang4_diss12,Iranian-17,dft,input_shuffled,12,463585424,False,0.9512,7,7,0.6082,-2.0324,10,0.4718,0.256,0.42529,0.6013,0.7454,0.0969,0.4801
iran_dang4_diss12,Iranian-17,dft,input_shuffled,12,463585424,False,0.9512,8,11,0.4913,2.997,11,0.4862,0.1659,0.94403,0.5956,0.7258,0.1097,0.4305
iran_dang4_diss12,Iranian-17,dft,input_shuffled,12,463585424,False,0.9512,9,1,0.5199,-2.9115,1,0.5066,0.1883,0.87306,0.6034,0.7396,0.1543,0.4709
iran_dang4_diss12,Iranian-17,dft,input_shuffled,12,463585424,False,0.9512,10,2,0.7009,3.0731,2,0.6994,0.349,0.12344,0.6079,0.7589,0.0543,0.5086
iran_dang4_diss12,Iranian-17,dft,input_shuffled,12,463585424,False,0.9512,11,12,0.8998,-0.0,12,0.8998,0.5118,0.001,0.6024,0.7297,0.0267,0.5029
iran_dang4_diss12,Iranian-17,dft,label_shuffled,12,463585424,False,0.9065,0,11,0.678,0.5774,1,0.5881,0.3184,0.17641,0.6044,0.7516,0.2202,0.479
iran_dang4_diss12,Iranian-17,dft,label_shuffled,12,463585424,False,0.9065,1,2,0.5419,-1.0807,7,0.4161,0.2043,0.75812,0.5923,0.7155,0.4125,0.4681
iran_dang4_diss12,Iranian-17,dft,label_shuffled,12,463585424,False,0.9065,2,11,0.6087,2.4638,11,0.4829,0.2724,0.43578,0.6024,0.7387,0.3905,0.4172
iran_dang4_diss12,Iranian-17,dft,label_shuffled,12,463585424,False,0.9065,3,6,0.6914,1.0579,6,0.4561,0.3215,0.11344,0.6004,0.7316,0.0761,0.455
iran_dang4_diss12,Iranian-17,dft,label_shuffled,12,463585424,False,0.9065,4,2,0.5611,-1.481,3,0.4415,0.2045,0.66717,0.5985,0.7267,0.1857,0.4772
iran_dang4_diss12,Iranian-17,dft,label_shuffled,12,463585424,False,0.9065,5,5,0.6021,0.6896,7,0.579,0.254,0.49275,0.6112,0.7624,0.2033,0.501
iran_dang4_diss12,Iranian-17,dft,label_shuffled,12,463585424,False,0.9065,6,8,0.6326,2.3415,9,0.477,0.2783,0.33683,0.6067,0.7433,0.1618,0.5064
iran_dang4_diss12,Iranian-17,dft,label_shuffled,12,463585424,False,0.9065,7,10,0.5803,-0.5555,10,0.5013,0.2367,0.51974,0.5898,0.7044,0.2616,0.4683
iran_dang4_diss12,Iranian-17,dft,label_shuffled,12,463585424,False,0.9065,8,8,0.5838,0.8114,12,0.498,0.2273,0.56822,0.6047,0.7414,0.1729,0.5079
iran_dang4_diss12,Iranian-17,dft,label_shuffled,12,463585424,False,0.9065,9,10,0.5952,0.3999,10,0.5532,0.2535,0.50425,0.6056,0.7486,0.092,0.5278
iran_dang4_diss12,Iranian-17,dft,label_shuffled,12,463585424,False,0.9065,10,2,0.5932,1.5972,11,0.4466,0.2445,0.50525,0.6025,0.738,0.0694,0.4672
iran_dang4_diss12,Iranian-17,dft,label_shuffled,12,463585424,False,0.9065,11,4,0.5668,0.6368,4,0.4454,0.2241,0.65517,0.6011,0.7328,0.2073,0.5043
iran_dang4_diss12,Iranian-17,dft,none,12,1401907089,False,0.9472,0,4,0.5314,2.967,4,0.5223,0.19,0.84758,0.6057,0.7438,0.0529,0.5045
iran_dang4_diss12,Iranian-17,dft,none,12,1401907089,False,0.9472,1,5,0.6801,3.0685,5,0.6783,0.3168,0.18691,0.6121,0.7582,0.2253,0.4113
iran_dang4_diss12,Iranian-17,dft,none,12,1401907089,False,0.9472,2,7,0.7083,2.2294,7,0.4374,0.3361,0.07796,0.5975,0.7268,0.1817,0.4527
iran_dang4_diss12,Iranian-17,dft,none,12,1401907089,False,0.9472,3,7,0.7333,2.4122,5,0.6874,0.37,0.07696,0.6095,0.7551,0.0661,0.4969
iran_dang4_diss12,Iranian-17,dft,none,12,1401907089,False,0.9472,4,8,0.6321,0.2445,8,0.6109,0.2926,0.37181,0.6117,0.7518,0.173,0.4986
iran_dang4_diss12,Iranian-17,dft,none,12,1401907089,False,0.9472,5,12,0.8721,-0.0,12,0.8721,0.4867,0.001,0.5972,0.7241,0.2245,0.4993
iran_dang4_diss12,Iranian-17,dft,none,12,1401907089,False,0.9472,6,2,0.736,0.8621,2,0.4961,0.3739,0.06997,0.6075,0.7542,0.1645,0.4652
iran_dang4_diss12,Iranian-17,dft,none,12,1401907089,False,0.9472,7,7,0.5575,-0.5193,7,0.4848,0.2026,0.68666,0.5972,0.7318,0.2628,0.4663
iran_dang4_diss12,Iranian-17,dft,none,12,1401907089,False,0.9472,8,9,0.5949,0.0178,9,0.5948,0.2574,0.43628,0.592,0.7243,0.0743,0.5151
iran_dang4_diss12,Iranian-17,dft,none,12,1401907089,False,0.9472,9,12,0.6063,3.1416,12,0.6063,0.2507,0.45377,0.607,0.7509,0.1832,0.4896
iran_dang4_diss12,Iranian-17,dft,none,12,1401907089,False,0.9472,10,11,0.5376,1.4355,10,0.448,0.2043,0.76362,0.5856,0.6937,0.0434,0.4536
iran_dang4_diss12,Iranian-17,dft,none,12,1401907089,False,0.9472,11,2,0.9395,-0.6777,2,0.7494,0.611,0.0005,0.6023,0.7353,0.0894,0.4763
iran_dang4_diss12,Iranian-17,dft,input_shuffled,12,1401907089,False,0.9228,0,5,0.9603,1.2449,12,0.3549,0.6202,0.0005,0.6104,0.7565,0.2219,0.4096
iran_dang4_diss12,Iranian-17,dft,input_shuffled,12,1401907089,False,0.9228,1,2,0.6569,-0.1805,2,0.6475,0.3091,0.21139,0.5986,0.7287,0.0387,0.4674
iran_dang4_diss12,Iranian-17,dft,input_shuffled,12,1401907089,False,0.9228,2,10,0.7186,0.5014,10,0.6389,0.3593,0.10395,0.61,0.7554,0.041,0.4779
iran_dang4_diss12,Iranian-17,dft,input_shuffled,12,1401907089,False,0.9228,3,1,0.5806,-0.9382,10,0.4067,0.2398,0.58021,0.6018,0.7342,0.502,0.4959
iran_dang4_diss12,Iranian-17,dft,input_shuffled,12,1401907089,False,0.9228,4,2,0.7817,-0.2136,2,0.7659,0.4443,0.02399,0.609,0.7543,0.1609,0.522
iran_dang4_diss12,Iranian-17,dft,input_shuffled,12,1401907089,False,0.9228,5,12,0.8925,-0.0,12,0.8925,0.4863,0.0015,0.6057,0.7342,0.0291,0.466
iran_dang4_diss12,Iranian-17,dft,input_shuffled,12,1401907089,False,0.9228,6,2,0.9176,1.7429,6,0.1894,0.5669,0.0005,0.6118,0.7583,0.213,0.4618
iran_dang4_diss12,Iranian-17,dft,input_shuffled,12,1401907089,False,0.9228,7,1,0.5228,-1.0807,6,0.4795,0.2018,0.84858,0.5945,0.7305,0.3368,0.4744
iran_dang4_diss12,Iranian-17,dft,input_shuffled,12,1401907089,False,0.9228,8,6,0.9563,-3.0668,6,0.9552,0.8814,0.0005,0.6117,0.7555,0.1189,0.4543
iran_dang4_diss12,Iranian-17,dft,input_shuffled,12,1401907089,False,0.9228,9,12,0.6493,-0.0,12,0.6493,0.2796,0.25537,0.6027,0.7346,0.284,0.4549
iran_dang4_diss12,Iranian-17,dft,input_shuffled,12,1401907089,False,0.9228,10,10,0.7265,0.1375,10,0.7204,0.3609,0.01,0.5734,0.6758,0.0155,0.4755
iran_dang4_diss12,Iranian-17,dft,input_shuffled,12,1401907089,False,0.9228,11,6,0.6402,-2.711,6,0.6141,0.325,0.29135,0.6054,0.7444,0.206,0.4891
iran_dang4_diss12,Iranian-17,dft,label_shuffled,12,1401907089,False,0.8821,0,3,0.6801,0.5193,3,0.5859,0.3191,0.17991,0.6097,0.7535,0.0771,0.4621
iran_dang4_diss12,Iranian-17,dft,label_shuffled,12,1401907089,False,0.8821,1,8,0.6141,0.924,4,0.4367,0.261,0.3988,0.6038,0.747,0.017,0.5002
iran_dang4_diss12,Iranian-17,dft,label_shuffled,12,1401907089,False,0.8821,2,12,0.5287,-0.0,12,0.5287,0.1911,0.84458,0.6056,0.7432,0.0348,0.4604
iran_dang4_diss12,Iranian-17,dft,label_shuffled,12,1401907089,False,0.8821,3,11,0.5381,-3.1125,11,0.5379,0.2042,0.82209,0.61,0.7552,0.0943,0.4515
iran_dang4_diss12,Iranian-17,dft,label_shuffled,12,1401907089,False,0.8821,4,11,0.5088,-0.8755,10,0.4324,0.1886,0.87456,0.5785,0.6915,0.0373,0.4868
iran_dang4_diss12,Iranian-17,dft,label_shuffled,12,1401907089,False,0.8821,5,2,0.54,2.3554,6,0.4536,0.2163,0.74463,0.5902,0.7117,0.1052,0.4459
iran_dang4_diss12,Iranian-17,dft,label_shuffled,12,1401907089,False,0.8821,6,4,0.6622,0.2374,4,0.6412,0.3134,0.2074,0.6026,0.7349,0.2583,0.5019
iran_dang4_diss12,Iranian-17,dft,label_shuffled,12,1401907089,False,0.8821,7,10,0.5837,1.0736,3,0.3107,0.2323,0.52574,0.5968,0.7271,0.1663,0.4681
iran_dang4_diss12,Iranian-17,dft,label_shuffled,12,1401907089,False,0.8821,8,9,0.569,-1.3827,4,0.492,0.2171,0.66217,0.6083,0.7466,0.3179,0.4989
iran_dang4_diss12,Iranian-17,dft,label_shuffled,12,1401907089,False,0.8821,9,8,0.5921,1.7951,11,0.3626,0.2516,0.47476,0.5936,0.7223,0.2878,0.5003
iran_dang4_diss12,Iranian-17,dft,label_shuffled,12,1401907089,False,0.8821,10,6,0.7157,-0.0952,6,0.7143,0.4209,0.09695,0.6073,0.7412,0.1477,0.4727
iran_dang4_diss12,Iranian-17,dft,label_shuffled,12,1401907089,False,0.8821,11,2,0.6485,-3.0664,2,0.6469,0.3044,0.27686,0.6065,0.7404,0.1147,0.4867
iran_dang4_diss12,Iranian-17,dft,none,12,837162787,False,0.935,0,6,0.6664,0.5916,6,0.612,0.3384,0.17891,0.5946,0.7254,0.257,0.4396
iran_dang4_diss12,Iranian-17,dft,none,12,837162787,False,0.935,1,8,0.6097,0.7855,8,0.4174,0.255,0.2079,0.5625,0.6692,0.3234,0.4556
iran_dang4_diss12,Iranian-17,dft,none,12,837162787,False,0.935,2,12,0.7515,-0.0,12,0.7515,0.3578,0.02249,0.5926,0.7166,0.021,0.4747
iran_dang4_diss12,Iranian-17,dft,none,12,837162787,False,0.935,3,5,0.632,1.8626,7,0.518,0.2754,0.33033,0.6046,0.7424,0.2279,0.4761
iran_dang4_diss12,Iranian-17,dft,none,12,837162787,False,0.935,4,12,0.7677,-0.0,12,0.7677,0.3806,0.02299,0.6008,0.7318,0.1476,0.473
iran_dang4_diss12,Iranian-17,dft,none,12,837162787,False,0.935,5,6,0.4511,0.3555,10,0.4453,0.1495,0.995,0.6038,0.7428,0.119,0.4884
iran_dang4_diss12,Iranian-17,dft,none,12,837162787,False,0.935,6,9,0.6551,1.9861,4,0.4409,0.3018,0.21889,0.5981,0.727,0.0465,0.4528
iran_dang4_diss12,Iranian-17,dft,none,12,837162787,False,0.935,7,3,0.8778,2.4584,3,0.693,0.5433,0.003,0.6064,0.746,0.2425,0.4831
iran_dang4_diss12,Iranian-17,dft,none,12,837162787,False,0.935,8,12,0.6566,-0.0,12,0.6566,0.2901,0.12944,0.5826,0.695,0.2617,0.4869
iran_dang4_diss12,Iranian-17,dft,none,12,837162787,False,0.935,9,7,0.7388,-0.5973,7,0.6124,0.3787,0.05897,0.6043,0.7463,0.1385,0.5202
iran_dang4_diss12,Iranian-17,dft,none,12,837162787,False,0.935,10,2,0.6667,-1.8536,3,0.4248,0.3051,0.2064,0.6049,0.739,0.2719,0.5243
iran_dang4_diss12,Iranian-17,dft,none,12,837162787,False,0.935,11,3,0.6462,0.7271,12,0.5534,0.2776,0.31534,0.6139,0.7652,0.0476,0.4459
iran_dang4_diss12,Iranian-17,dft,input_shuffled,12,837162787,False,0.9431,0,9,0.5987,0.1078,9,0.5953,0.2414,0.44428,0.5939,0.7208,0.0196,0.4964
iran_dang4_diss12,Iranian-17,dft,input_shuffled,12,837162787,False,0.9431,1,5,0.63,1.5551,2,0.5021,0.2737,0.36182,0.6097,0.7485,0.045,0.4615
iran_dang4_diss12,Iranian-17,dft,input_shuffled,12,837162787,False,0.9431,2,12,0.9423,3.1416,12,0.9423,0.5594,0.001,0.6085,0.7538,0.1482,0.5117
iran_dang4_diss12,Iranian-17,dft,input_shuffled,12,837162787,False,0.9431,3,9,0.656,0.1274,9,0.6508,0.2922,0.22889,0.6025,0.7359,0.1771,0.4824
iran_dang4_diss12,Iranian-17,dft,input_shuffled,12,837162787,False,0.9431,4,7,0.6645,-0.4802,7,0.5901,0.3057,0.2074,0.602,0.7383,0.1763,0.5099
iran_dang4_diss12,Iranian-17,dft,input_shuffled,12,837162787,False,0.9431,5,12,0.7293,3.1416,12,0.7293,0.3477,0.05297,0.6013,0.7305,0.1285,0.4815
iran_dang4_diss12,Iranian-17,dft,input_shuffled,12,837162787,False,0.9431,6,1,0.6899,-0.8896,6,0.5236,0.3539,0.11444,0.6,0.7349,0.3675,0.5583
iran_dang4_diss12,Iranian-17,dft,input_shuffled,12,837162787,False,0.9431,7,4,0.5792,-0.0791,4,0.5771,0.2234,0.57821,0.6033,0.7402,0.2916,0.5414
iran_dang4_diss12,Iranian-17,dft,input_shuffled,12,837162787,False,0.9431,8,3,0.8615,2.3527,3,0.6239,0.5269,0.001,0.6068,0.7486,0.2213,0.4587
iran_dang4_diss12,Iranian-17,dft,input_shuffled,12,837162787,False,0.9431,9,6,0.7519,-0.2817,6,0.7393,0.4716,0.06397,0.6107,0.7648,0.3972,0.4603
iran_dang4_diss12,Iranian-17,dft,input_shuffled,12,837162787,False,0.9431,10,8,0.5633,-0.1384,8,0.5572,0.2158,0.55922,0.5812,0.6966,0.0451,0.4852
iran_dang4_diss12,Iranian-17,dft,input_shuffled,12,837162787,False,0.9431,11,7,0.5325,1.5168,4,0.3909,0.1905,0.82509,0.6052,0.7478,0.2083,0.453
iran_dang4_diss12,Iranian-17,dft,label_shuffled,12,837162787,False,0.8659,0,11,0.6605,-3.1254,11,0.6604,0.2934,0.17841,0.5961,0.7237,0.1768,0.4952
iran_dang4_diss12,Iranian-17,dft,label_shuffled,12,837162787,False,0.8659,1,7,0.612,2.0354,3,0.3775,0.2583,0.41379,0.6044,0.7427,0.0263,0.4892
iran_dang4_diss12,Iranian-17,dft,label_shuffled,12,837162787,False,0.8659,2,9,0.5315,-0.0767,9,0.5299,0.1917,0.84158,0.6046,0.7371,0.2668,0.4744
iran_dang4_diss12,Iranian-17,dft,label_shuffled,12,837162787,False,0.8659,3,4,0.8185,-2.9444,4,0.8006,0.4622,0.0095,0.6081,0.7501,0.283,0.5192
iran_dang4_diss12,Iranian-17,dft,label_shuffled,12,837162787,False,0.8659,4,8,0.5307,0.5064,8,0.457,0.2036,0.8021,0.5934,0.7143,0.4501,0.5488
iran_dang4_diss12,Iranian-17,dft,label_shuffled,12,837162787,False,0.8659,5,2,0.7318,1.0158,2,0.4031,0.3736,0.02549,0.5913,0.7078,0.236,0.4834
iran_dang4_diss12,Iranian-17,dft,label_shuffled,12,837162787,False,0.8659,6,2,0.6529,0.3692,2,0.6136,0.2979,0.24588,0.6053,0.746,0.1571,0.472
iran_dang4_diss12,Iranian-17,dft,label_shuffled,12,837162787,False,0.8659,7,5,0.5895,0.5289,5,0.5098,0.2528,0.48376,0.5946,0.7246,0.1453,0.4445
iran_dang4_diss12,Iranian-17,dft,label_shuffled,12,837162787,False,0.8659,8,3,0.5754,-1.0646,10,0.3585,0.2227,0.61569,0.6062,0.7447,0.3679,0.4999
iran_dang4_diss12,Iranian-17,dft,label_shuffled,12,837162787,False,0.8659,9,8,0.5206,2.7995,8,0.4868,0.1914,0.84358,0.59,0.7196,0.0023,0.4855
iran_dang4_diss12,Iranian-17,dft,label_shuffled,12,837162787,False,0.8659,10,9,0.6459,1.6878,2,0.3818,0.3002,0.29985,0.6107,0.7584,0.1168,0.4769
iran_dang4_diss12,Iranian-17,dft,label_shuffled,12,837162787,False,0.8659,11,2,0.5683,0.8694,3,0.3879,0.2281,0.67716,0.6099,0.7558,0.1636,0.4809
iran_dang4_diss12,Iranian-17,dft,none,12,1817297641,False,0.9512,0,2,0.874,2.0317,2,0.4085,0.5161,0.0025,0.609,0.7456,0.3124,0.5
iran_dang4_diss12,Iranian-17,dft,none,12,1817297641,False,0.9512,1,4,0.5333,1.2412,3,0.4344,0.1998,0.82509,0.6066,0.7548,0.0777,0.4827
iran_dang4_diss12,Iranian-17,dft,none,12,1817297641,False,0.9512,2,4,0.6984,1.1333,8,0.3908,0.34,0.12644,0.6065,0.7428,0.4474,0.4858
iran_dang4_diss12,Iranian-17,dft,none,12,1817297641,False,0.9512,3,7,0.7595,-0.7567,7,0.555,0.3936,0.04298,0.6068,0.7512,0.2722,0.4721
iran_dang4_diss12,Iranian-17,dft,none,12,1817297641,False,0.9512,4,2,0.7313,-1.6287,3,0.3776,0.3653,0.05847,0.6034,0.7384,0.2129,0.4786
iran_dang4_diss12,Iranian-17,dft,none,12,1817297641,False,0.9512,5,12,0.5885,-0.0,12,0.5885,0.2325,0.54773,0.6058,0.7439,0.0626,0.4683
iran_dang4_diss12,Iranian-17,dft,none,12,1817297641,False,0.9512,6,10,0.6758,-3.1295,10,0.6758,0.3097,0.15842,0.5998,0.7322,0.1127,0.4203
iran_dang4_diss12,Iranian-17,dft,none,12,1817297641,False,0.9512,7,9,0.807,1.6281,7,0.4133,0.4608,0.01299,0.6093,0.7475,0.1649,0.4352
iran_dang4_diss12,Iranian-17,dft,none,12,1817297641,False,0.9512,8,12,0.8449,-0.0,12,0.8449,0.4604,0.002,0.6014,0.7317,0.0242,0.5105
iran_dang4_diss12,Iranian-17,dft,none,12,1817297641,False,0.9512,9,12,0.6551,-0.0,12,0.6551,0.2863,0.26537,0.6102,0.7436,0.2249,0.3927
iran_dang4_diss12,Iranian-17,dft,none,12,1817297641,False,0.9512,10,4,0.5733,-2.266,11,0.5014,0.2341,0.64218,0.6077,0.7447,0.1727,0.4531
iran_dang4_diss12,Iranian-17,dft,none,12,1817297641,False,0.9512,11,2,0.9362,-3.0231,2,0.9304,0.6384,0.0005,0.6118,0.7597,0.0672,0.4172
iran_dang4_diss12,Iranian-17,dft,input_shuffled,12,1817297641,False,0.9268,0,4,0.5154,-0.3113,4,0.4876,0.18,0.90105,0.6098,0.7552,0.2851,0.4915
iran_dang4_diss12,Iranian-17,dft,input_shuffled,12,1817297641,False,0.9268,1,9,0.6622,2.4316,9,0.4919,0.2804,0.07346,0.5653,0.6756,0.2807,0.4556
iran_dang4_diss12,Iranian-17,dft,input_shuffled,12,1817297641,False,0.9268,2,2,0.578,-2.2577,2,0.3801,0.2411,0.56472,0.5963,0.7231,0.2469,0.4324
iran_dang4_diss12,Iranian-17,dft,input_shuffled,12,1817297641,False,0.9268,3,3,0.7771,-2.4803,3,0.6032,0.4067,0.01949,0.6034,0.7405,0.0667,0.451
iran_dang4_diss12,Iranian-17,dft,input_shuffled,12,1817297641,False,0.9268,4,3,0.8963,2.2857,3,0.6086,0.5872,0.0025,0.6119,0.7556,0.1493,0.4842
iran_dang4_diss12,Iranian-17,dft,input_shuffled,12,1817297641,False,0.9268,5,12,0.6192,-0.0,12,0.6192,0.2507,0.35182,0.5978,0.7279,0.0027,0.5011
iran_dang4_diss12,Iranian-17,dft,input_shuffled,12,1817297641,False,0.9268,6,7,0.7145,-0.6674,7,0.5631,0.3523,0.05297,0.5953,0.7159,0.0562,0.4529
iran_dang4_diss12,Iranian-17,dft,input_shuffled,12,1817297641,False,0.9268,7,7,0.5032,0.4391,9,0.4869,0.1859,0.93303,0.6046,0.7448,0.1136,0.4609
iran_dang4_diss12,Iranian-17,dft,input_shuffled,12,1817297641,False,0.9268,8,1,0.6911,-0.2868,1,0.6621,0.3345,0.14493,0.6065,0.7433,0.1129,0.4543
iran_dang4_diss12,Iranian-17,dft,input_shuffled,12,1817297641,False,0.9268,9,12,0.6012,-0.0,12,0.6012,0.2383,0.42179,0.5913,0.7166,0.1245,0.4876
iran_dang4_diss12,Iranian-17,dft,input_shuffled,12,1817297641,False,0.9268,10,12,0.9009,3.1416,12,0.9009,0.513,0.001,0.607,0.7427,0.0384,0.5045
iran_dang4_diss12,Iranian-17,dft,input_shuffled,12,1817297641,False,0.9268,11,6,0.5787,-0.6884,6,0.5118,0.2522,0.58271,0.601,0.7409,0.4582,0.4997
iran_dang4_diss12,Iranian-17,dft,label_shuffled,12,1817297641,False,0.8902,0,3,0.5767,-1.9521,6,0.2287,0.2228,0.61969,0.6055,0.7401,0.0861,0.4607
iran_dang4_diss12,Iranian-17,dft,label_shuffled,12,1817297641,False,0.8902,1,4,0.6751,-0.0264,4,0.6748,0.3145,0.15992,0.5992,0.7336,0.0373,0.473
iran_dang4_diss12,Iranian-17,dft,label_shuffled,12,1817297641,False,0.8902,2,11,0.7351,2.362,11,0.5376,0.3681,0.05197,0.6037,0.7363,0.2246,0.4868
iran_dang4_diss12,Iranian-17,dft,label_shuffled,12,1817297641,False,0.8902,3,2,0.5793,-2.6189,2,0.5094,0.2352,0.55172,0.5935,0.7162,0.0002,0.4835
iran_dang4_diss12,Iranian-17,dft,label_shuffled,12,1817297641,False,0.8902,4,2,0.4861,0.0628,2,0.4853,0.1608,0.96302,0.603,0.7365,0.288,0.522
iran_dang4_diss12,Iranian-17,dft,label_shuffled,12,1817297641,False,0.8902,5,9,0.5761,0.9892,3,0.3822,0.2274,0.5932,0.5996,0.734,0.1603,0.4847
iran_dang4_diss12,Iranian-17,dft,label_shuffled,12,1817297641,False,0.8902,6,6,0.5626,-0.1545,6,0.5598,0.242,0.51074,0.5718,0.6873,0.184,0.4955
iran_dang4_diss12,Iranian-17,dft,label_shuffled,12,1817297641,False,0.8902,7,11,0.5737,-2.0583,6,0.298,0.2318,0.63718,0.6083,0.7467,0.1148,0.4844
iran_dang4_diss12,Iranian-17,dft,label_shuffled,12,1817297641,False,0.8902,8,4,0.5193,0.3804,4,0.4778,0.1841,0.86957,0.5967,0.7234,0.2037,0.4891
iran_dang4_diss12,Iranian-17,dft,label_shuffled,12,1817297641,False,0.8902,9,3,0.5925,-2.3577,1,0.4628,0.2437,0.45327,0.5911,0.7126,0.2824,0.4755
iran_dang4_diss12,Iranian-17,dft,label_shuffled,12,1817297641,False,0.8902,10,2,0.7029,-1.399,11,0.4345,0.3338,0.11944,0.6096,0.7597,0.0329,0.4579
iran_dang4_diss12,Iranian-17,dft,label_shuffled,12,1817297641,False,0.8902,11,1,0.6432,1.2977,10,0.4083,0.2909,0.28086,0.6059,0.7391,0.2136,0.4734
iran_dang4_diss12,Iranian-17,dft,none,12,1614889371,False,0.9553,0,7,0.6745,2.8779,7,0.6513,0.3054,0.11844,0.5913,0.7151,0.1268,0.4654
iran_dang4_diss12,Iranian-17,dft,none,12,1614889371,False,0.9553,1,7,0.5866,1.947,12,0.4962,0.2206,0.56872,0.6081,0.7473,0.1676,0.4836
iran_dang4_diss12,Iranian-17,dft,none,12,1614889371,False,0.9553,2,7,0.8171,3.0131,7,0.8104,0.4527,0.01249,0.6084,0.7553,0.2465,0.4739
iran_dang4_diss12,Iranian-17,dft,none,12,1614889371,False,0.9553,3,6,0.6243,-0.3478,6,0.608,0.312,0.36582,0.606,0.7417,0.22,0.4948
iran_dang4_diss12,Iranian-17,dft,none,12,1614889371,False,0.9553,4,4,0.5287,1.8898,12,0.4513,0.191,0.83608,0.5983,0.7228,0.1926,0.4654
iran_dang4_diss12,Iranian-17,dft,none,12,1614889371,False,0.9553,5,12,0.8766,3.1416,12,0.8766,0.4943,0.0015,0.6119,0.7612,0.0897,0.4529
iran_dang4_diss12,Iranian-17,dft,none,12,1614889371,False,0.9553,6,3,0.8221,-0.515,3,0.721,0.4959,0.01099,0.6098,0.751,0.0724,0.4732
iran_dang4_diss12,Iranian-17,dft,none,12,1614889371,False,0.9553,7,2,0.7331,-2.3602,2,0.5363,0.3724,0.05797,0.6038,0.7381,0.2217,0.4786
iran_dang4_diss12,Iranian-17,dft,none,12,1614889371,False,0.9553,8,3,0.664,-1.979,9,0.5008,0.3007,0.22239,0.6075,0.7498,0.1201,0.4999
iran_dang4_diss12,Iranian-17,dft,none,12,1614889371,False,0.9553,9,2,0.622,-0.7537,5,0.5006,0.2648,0.33183,0.5965,0.7231,0.1178,0.4841
iran_dang4_diss12,Iranian-17,dft,none,12,1614889371,False,0.9553,10,12,0.81,-0.0,12,0.81,0.4153,0.0015,0.5911,0.7145,0.1978,0.4137
iran_dang4_diss12,Iranian-17,dft,none,12,1614889371,False,0.9553,11,5,0.5816,1.1783,10,0.4886,0.2341,0.56272,0.6017,0.7377,0.3827,0.4989
iran_dang4_diss12,Iranian-17,dft,input_shuffled,12,1614889371,False,0.9634,0,2,0.6253,-2.1578,2,0.3614,0.2681,0.38531,0.6097,0.7497,0.0292,0.455
iran_dang4_diss12,Iranian-17,dft,input_shuffled,12,1614889371,False,0.9634,1,10,0.5909,-0.4512,12,0.5844,0.2413,0.49175,0.5949,0.7257,0.4327,0.4901
iran_dang4_diss12,Iranian-17,dft,input_shuffled,12,1614889371,False,0.9634,2,9,0.785,0.3266,9,0.7451,0.4329,0.01749,0.6038,0.7431,0.1228,0.4287
iran_dang4_diss12,Iranian-17,dft,input_shuffled,12,1614889371,False,0.9634,3,6,0.9292,0.1519,6,0.9247,0.8049,0.0005,0.6102,0.759,0.1101,0.4881
iran_dang4_diss12,Iranian-17,dft,input_shuffled,12,1614889371,False,0.9634,4,12,0.5915,-0.0,12,0.5915,0.2352,0.52424,0.6034,0.7339,0.2095,0.4462
iran_dang4_diss12,Iranian-17,dft,input_shuffled,12,1614889371,False,0.9634,5,7,0.7611,-0.9378,7,0.4547,0.3912,0.03898,0.6076,0.7527,0.0648,0.4791
iran_dang4_diss12,Iranian-17,dft,input_shuffled,12,1614889371,False,0.9634,6,2,0.5514,-0.3766,2,0.5169,0.2154,0.74863,0.6015,0.733,0.2561,0.4861
iran_dang4_diss12,Iranian-17,dft,input_shuffled,12,1614889371,False,0.9634,7,7,0.8983,1.7086,10,0.2232,0.5561,0.0005,0.6028,0.7425,0.1392,0.4762
iran_dang4_diss12,Iranian-17,dft,input_shuffled,12,1614889371,False,0.9634,8,2,0.7672,-2.8918,2,0.7461,0.4121,0.02149,0.6025,0.734,0.0539,0.4402
iran_dang4_diss12,Iranian-17,dft,input_shuffled,12,1614889371,False,0.9634,9,12,0.8072,3.1416,12,0.8072,0.4183,0.0075,0.6039,0.7429,0.1892,0.5047
iran_dang4_diss12,Iranian-17,dft,input_shuffled,12,1614889371,False,0.9634,10,2,0.8163,-2.557,2,0.6933,0.4752,0.01499,0.6105,0.759,0.4455,0.5458
iran_dang4_diss12,Iranian-17,dft,input_shuffled,12,1614889371,False,0.9634,11,2,0.8621,1.9848,2,0.3653,0.5048,0.001,0.5988,0.745,0.205,0.5102
iran_dang4_diss12,Iranian-17,dft,label_shuffled,12,1614889371,False,0.7764,0,2,0.6179,-1.6271,8,0.4154,0.2612,0.36232,0.5965,0.7236,0.0973,0.5171
iran_dang4_diss12,Iranian-17,dft,label_shuffled,12,1614889371,False,0.7764,1,4,0.83,-0.1312,4,0.822,0.454,0.004,0.6073,0.7469,0.0726,0.4851
iran_dang4_diss12,Iranian-17,dft,label_shuffled,12,1614889371,False,0.7764,2,2,0.4973,0.1264,2,0.4938,0.1715,0.93103,0.5986,0.7269,0.1106,0.4756
iran_dang4_diss12,Iranian-17,dft,label_shuffled,12,1614889371,False,0.7764,3,5,0.5528,-0.3667,5,0.5158,0.2273,0.74263,0.6056,0.7436,0.0747,0.4818
iran_dang4_diss12,Iranian-17,dft,label_shuffled,12,1614889371,False,0.7764,4,3,0.58,-3.1274,3,0.58,0.2267,0.58271,0.606,0.7504,0.3586,0.4768
iran_dang4_diss12,Iranian-17,dft,label_shuffled,12,1614889371,False,0.7764,5,3,0.5922,0.4258,9,0.5524,0.2429,0.53973,0.608,0.7514,0.4254,0.4628
iran_dang4_diss12,Iranian-17,dft,label_shuffled,12,1614889371,False,0.7764,6,10,0.5858,2.7008,10,0.5355,0.2361,0.54623,0.601,0.7322,0.1581,0.4564
iran_dang4_diss12,Iranian-17,dft,label_shuffled,12,1614889371,False,0.7764,7,11,0.6727,1.1224,5,0.3297,0.3114,0.16192,0.6011,0.7369,0.3215,0.4726
iran_dang4_diss12,Iranian-17,dft,label_shuffled,12,1614889371,False,0.7764,8,6,0.7451,-2.3773,6,0.6346,0.4203,0.04498,0.6071,0.74,0.0503,0.4964
iran_dang4_diss12,Iranian-17,dft,label_shuffled,12,1614889371,False,0.7764,9,3,0.5773,-2.5599,3,0.4771,0.2406,0.6017,0.6067,0.7441,0.034,0.4819
iran_dang4_diss12,Iranian-17,dft,label_shuffled,12,1614889371,False,0.7764,10,6,0.5438,2.6724,6,0.5171,0.224,0.78761,0.6098,0.7506,0.4429,0.4572
iran_dang4_diss12,Iranian-17,dft,label_shuffled,12,1614889371,False,0.7764,11,1,0.5163,-1.3995,6,0.4121,0.1921,0.89605,0.6039,0.7453,0.242,0.4535
iran_dang4_diss12,Iranian-17,dft,none,12,1550595119,False,0.9187,0,12,0.8027,3.1416,12,0.8027,0.4169,0.01,0.6049,0.7424,0.0593,0.475
iran_dang4_diss12,Iranian-17,dft,none,12,1550595119,False,0.9187,1,9,0.5264,2.4967,2,0.4248,0.194,0.86207,0.6055,0.7422,0.0207,0.4607
iran_dang4_diss12,Iranian-17,dft,none,12,1550595119,False,0.9187,2,3,0.6279,0.9133,12,0.531,0.2581,0.34833,0.6068,0.7544,0.0086,0.5145
iran_dang4_diss12,Iranian-17,dft,none,12,1550595119,False,0.9187,3,12,0.6904,3.1416,12,0.6904,0.3108,0.15392,0.6097,0.749,0.1589,0.4729
iran_dang4_diss12,Iranian-17,dft,none,12,1550595119,False,0.9187,4,5,0.5048,0.9792,12,0.502,0.1775,0.92204,0.6,0.7216,0.4442,0.5053
iran_dang4_diss12,Iranian-17,dft,none,12,1550595119,False,0.9187,5,7,0.5587,2.0989,4,0.3427,0.2075,0.66567,0.5965,0.7241,0.0461,0.4733
iran_dang4_diss12,Iranian-17,dft,none,12,1550595119,False,0.9187,6,7,0.5111,-2.0508,1,0.4786,0.19,0.89205,0.5922,0.7198,0.028,0.4795
iran_dang4_diss12,Iranian-17,dft,none,12,1550595119,False,0.9187,7,12,0.5869,-0.0,12,0.5869,0.2389,0.52624,0.5987,0.7339,0.1559,0.4943
iran_dang4_diss12,Iranian-17,dft,none,12,1550595119,False,0.9187,8,6,0.9688,0.4429,6,0.9268,0.8615,0.0005,0.6104,0.7551,0.0427,0.4479
iran_dang4_diss12,Iranian-17,dft,none,12,1550595119,False,0.9187,9,7,0.6819,1.046,10,0.463,0.3156,0.12844,0.6005,0.7306,0.0394,0.4407
iran_dang4_diss12,Iranian-17,dft,none,12,1550595119,False,0.9187,10,3,0.9137,-0.5861,3,0.7699,0.6078,0.0005,0.6155,0.7669,0.165,0.4565
iran_dang4_diss12,Iranian-17,dft,none,12,1550595119,False,0.9187,11,9,0.5434,-0.3369,9,0.5118,0.1999,0.8016,0.611,0.7615,0.097,0.4602
iran_dang4_diss12,Iranian-17,dft,input_shuffled,12,1550595119,False,0.7642,0,3,0.7059,2.6416,3,0.6239,0.3504,0.09545,0.6024,0.7373,0.3985,0.4551
iran_dang4_diss12,Iranian-17,dft,input_shuffled,12,1550595119,False,0.7642,1,8,0.6256,-0.5351,8,0.529,0.2735,0.34283,0.6008,0.7289,0.2447,0.4602
iran_dang4_diss12,Iranian-17,dft,input_shuffled,12,1550595119,False,0.7642,2,3,0.8312,-2.3491,3,0.5666,0.4722,0.0025,0.5974,0.7238,0.2088,0.4941
iran_dang4_diss12,Iranian-17,dft,input_shuffled,12,1550595119,False,0.7642,3,5,0.6811,2.1107,2,0.4443,0.3305,0.11944,0.5927,0.7254,0.0856,0.4458
iran_dang4_diss12,Iranian-17,dft,input_shuffled,12,1550595119,False,0.7642,4,3,0.6717,-2.1473,2,0.4531,0.3124,0.10245,0.5824,0.6952,0.1021,0.4488
iran_dang4_diss12,Iranian-17,dft,input_shuffled,12,1550595119,False,0.7642,5,6,0.54,2.8205,6,0.5281,0.2183,0.7916,0.6027,0.736,0.516,0.4738
iran_dang4_diss12,Iranian-17,dft,input_shuffled,12,1550595119,False,0.7642,6,8,0.5528,2.79,8,0.5149,0.2154,0.76062,0.6117,0.7513,0.2766,0.4792
iran_dang4_diss12,Iranian-17,dft,input_shuffled,12,1550595119,False,0.7642,7,11,0.6467,1.7179,10,0.3861,0.2961,0.13193,0.5777,0.6846,0.039,0.4948
iran_dang4_diss12,Iranian-17,dft,input_shuffled,12,1550595119,False,0.7642,8,5,0.6317,1.1381,12,0.4149,0.2782,0.10395,0.5559,0.6564,0.1082,0.4469
iran_dang4_diss12,Iranian-17,dft,input_shuffled,12,1550595119,False,0.7642,9,2,0.7091,1.0393,12,0.4699,0.3482,0.06997,0.6001,0.7238,0.4406,0.5076
iran_dang4_diss12,Iranian-17,dft,input_shuffled,12,1550595119,False,0.7642,10,7,0.4929,-0.774,10,0.4515,0.1688,0.95902,0.6032,0.7381,0.1581,0.5023
iran_dang4_diss12,Iranian-17,dft,input_shuffled,12,1550595119,False,0.7642,11,3,0.7394,-2.1602,8,0.4037,0.3677,0.05797,0.6064,0.7479,0.2531,0.497
iran_dang4_diss12,Iranian-17,dft,label_shuffled,12,1550595119,False,0.9228,0,6,0.6175,2.9547,6,0.613,0.3022,0.4043,0.6053,0.7445,0.0592,0.4542
iran_dang4_diss12,Iranian-17,dft,label_shuffled,12,1550595119,False,0.9228,1,2,0.544,-1.8023,9,0.3679,0.2061,0.7961,0.6056,0.7372,0.063,0.4876
iran_dang4_diss12,Iranian-17,dft,label_shuffled,12,1550595119,False,0.9228,2,1,0.6749,-0.7082,1,0.5016,0.3073,0.1939,0.6065,0.7432,0.1443,0.4908
iran_dang4_diss12,Iranian-17,dft,label_shuffled,12,1550595119,False,0.9228,3,2,0.5614,-0.7903,6,0.4496,0.2334,0.69065,0.6025,0.7322,0.3051,0.4426
iran_dang4_diss12,Iranian-17,dft,label_shuffled,12,1550595119,False,0.9228,4,10,0.5563,1.9471,8,0.344,0.2106,0.70415,0.6024,0.7398,0.0487,0.4549
iran_dang4_diss12,Iranian-17,dft,label_shuffled,12,1550595119,False,0.9228,5,11,0.623,1.1002,12,0.3555,0.2685,0.38281,0.6065,0.7417,0.2172,0.4581
iran_dang4_diss12,Iranian-17,dft,label_shuffled,12,1550595119,False,0.9228,6,7,0.5992,2.4846,7,0.476,0.2386,0.50425,0.6086,0.7516,0.1088,0.4509
iran_dang4_diss12,Iranian-17,dft,label_shuffled,12,1550595119,False,0.9228,7,8,0.6118,2.7377,8,0.5568,0.2802,0.42679,0.6061,0.7509,0.1233,0.4826
iran_dang4_diss12,Iranian-17,dft,label_shuffled,12,1550595119,False,0.9228,8,6,0.5195,-2.7578,6,0.5029,0.2044,0.89005,0.6026,0.7421,0.224,0.4848
iran_dang4_diss12,Iranian-17,dft,label_shuffled,12,1550595119,False,0.9228,9,11,0.6881,-2.9934,11,0.6805,0.3319,0.12194,0.5975,0.7267,0.3468,0.4607
iran_dang4_diss12,Iranian-17,dft,label_shuffled,12,1550595119,False,0.9228,10,10,0.5323,0.6998,10,0.4175,0.1886,0.83908,0.6075,0.7497,0.0284,0.4785
iran_dang4_diss12,Iranian-17,dft,label_shuffled,12,1550595119,False,0.9228,11,8,0.5518,-3.0499,8,0.5492,0.2051,0.73413,0.6002,0.7281,0.2946,0.4707
iran_dang4_diss12,Iranian-17,dft,none,12,1717893619,False,0.9187,0,7,0.5694,-0.9852,3,0.4095,0.2221,0.67416,0.6099,0.7515,0.1017,0.4773
iran_dang4_diss12,Iranian-17,dft,none,12,1717893619,False,0.9187,1,12,0.7239,-0.0,12,0.7239,0.3519,0.02349,0.5777,0.6943,0.3784,0.4509
iran_dang4_diss12,Iranian-17,dft,none,12,1717893619,False,0.9187,2,7,0.7165,2.3938,7,0.5279,0.351,0.07596,0.6011,0.7377,0.2038,0.5043
iran_dang4_diss12,Iranian-17,dft,none,12,1717893619,False,0.9187,3,12,0.6349,-0.0,12,0.6349,0.2718,0.31234,0.6042,0.7345,0.0299,0.4453
iran_dang4_diss12,Iranian-17,dft,none,12,1717893619,False,0.9187,4,5,0.6658,0.4338,5,0.6047,0.3046,0.17591,0.5992,0.7297,0.0405,0.433
iran_dang4_diss12,Iranian-17,dft,none,12,1717893619,False,0.9187,5,5,0.8877,-0.7697,5,0.6341,0.5381,0.002,0.6085,0.7482,0.234,0.4749
iran_dang4_diss12,Iranian-17,dft,none,12,1717893619,False,0.9187,6,2,0.9416,2.782,2,0.8879,0.6332,0.0005,0.6062,0.746,0.0592,0.4787
iran_dang4_diss12,Iranian-17,dft,none,12,1717893619,False,0.9187,7,12,0.594,-0.0,12,0.594,0.2424,0.51274,0.6049,0.7373,0.0057,0.4793
iran_dang4_diss12,Iranian-17,dft,none,12,1717893619,False,0.9187,8,7,0.6252,2.8097,7,0.5913,0.2777,0.36582,0.6047,0.7362,0.3752,0.435
iran_dang4_diss12,Iranian-17,dft,none,12,1717893619,False,0.9187,9,10,0.5465,-0.9973,7,0.4493,0.2042,0.75862,0.6034,0.731,0.1318,0.4725
iran_dang4_diss12,Iranian-17,dft,none,12,1717893619,False,0.9187,10,1,0.5484,-2.3423,12,0.4539,0.2121,0.74313,0.6011,0.7341,0.5031,0.4563
iran_dang4_diss12,Iranian-17,dft,none,12,1717893619,False,0.9187,11,10,0.7143,1.4429,8,0.34,0.3489,0.08346,0.6036,0.7385,0.0771,0.4773
iran_dang4_diss12,Iranian-17,dft,input_shuffled,12,1717893619,False,0.935,0,6,0.5131,2.8206,6,0.5018,0.2017,0.90505,0.6048,0.7437,0.4779,0.4967
iran_dang4_diss12,Iranian-17,dft,input_shuffled,12,1717893619,False,0.935,1,10,0.5893,-0.0015,10,0.5893,0.2342,0.55572,0.6092,0.758,0.093,0.4789
iran_dang4_diss12,Iranian-17,dft,input_shuffled,12,1717893619,False,0.935,2,9,0.4828,-1.449,1,0.4448,0.1668,0.97001,0.5981,0.7302,0.0551,0.5119
iran_dang4_diss12,Iranian-17,dft,input_shuffled,12,1717893619,False,0.935,3,12,0.4627,-0.0,12,0.4627,0.1475,0.98451,0.5666,0.6759,0.2975,0.438
iran_dang4_diss12,Iranian-17,dft,input_shuffled,12,1717893619,False,0.935,4,12,0.8638,-0.0,12,0.8638,0.476,0.0015,0.605,0.7399,0.0576,0.4377
iran_dang4_diss12,Iranian-17,dft,input_shuffled,12,1717893619,False,0.935,5,6,0.5286,-0.1627,6,0.5257,0.2081,0.85007,0.6008,0.7272,0.1301,0.5334
iran_dang4_diss12,Iranian-17,dft,input_shuffled,12,1717893619,False,0.935,6,7,0.7795,-0.7356,5,0.6472,0.4178,0.02149,0.6045,0.7442,0.1569,0.4725
iran_dang4_diss12,Iranian-17,dft,input_shuffled,12,1717893619,False,0.935,7,3,0.8885,-0.5915,3,0.7461,0.5712,0.0015,0.6119,0.7639,0.2049,0.4402
iran_dang4_diss12,Iranian-17,dft,input_shuffled,12,1717893619,False,0.935,8,8,0.6603,0.0596,8,0.659,0.3104,0.22589,0.6058,0.7416,0.1296,0.5137
iran_dang4_diss12,Iranian-17,dft,input_shuffled,12,1717893619,False,0.935,9,5,0.8047,-1.3231,7,0.5839,0.4274,0.01849,0.6131,0.7626,0.0165,0.5009
iran_dang4_diss12,Iranian-17,dft,input_shuffled,12,1717893619,False,0.935,10,12,0.8021,-0.0,12,0.8021,0.4127,0.01949,0.6106,0.7601,0.1341,0.4712
iran_dang4_diss12,Iranian-17,dft,input_shuffled,12,1717893619,False,0.935,11,2,0.7269,-2.2103,2,0.4513,0.3638,0.07746,0.6096,0.7496,0.2721,0.4845
iran_dang4_diss12,Iranian-17,dft,label_shuffled,12,1717893619,False,0.8984,0,9,0.7196,-2.8671,9,0.6936,0.3545,0.06997,0.6017,0.7348,0.07,0.4655
iran_dang4_diss12,Iranian-17,dft,label_shuffled,12,1717893619,False,0.8984,1,10,0.6243,-1.4791,2,0.3827,0.2731,0.35532,0.6043,0.7493,0.2216,0.4594
iran_dang4_diss12,Iranian-17,dft,label_shuffled,12,1717893619,False,0.8984,2,2,0.6164,2.8812,2,0.598,0.2838,0.3918,0.6033,0.7365,0.0244,0.4886
iran_dang4_diss12,Iranian-17,dft,label_shuffled,12,1717893619,False,0.8984,3,8,0.5768,-0.3924,8,0.5278,0.2258,0.61419,0.6081,0.7485,0.0101,0.4972
iran_dang4_diss12,Iranian-17,dft,label_shuffled,12,1717893619,False,0.8984,4,11,0.608,-2.9858,11,0.6006,0.2477,0.45327,0.6066,0.7433,0.0134,0.4607
iran_dang4_diss12,Iranian-17,dft,label_shuffled,12,1717893619,False,0.8984,5,5,0.5316,-0.3228,5,0.504,0.1972,0.84758,0.6082,0.7488,0.1697,0.5462
iran_dang4_diss12,Iranian-17,dft,label_shuffled,12,1717893619,False,0.8984,6,2,0.5362,2.6536,2,0.4799,0.2068,0.8071,0.6009,0.7333,0.1192,0.4708
iran_dang4_diss12,Iranian-17,dft,label_shuffled,12,1717893619,False,0.8984,7,4,0.655,0.1465,4,0.6471,0.2902,0.18441,0.5932,0.7123,0.1,0.4726
iran_dang4_diss12,Iranian-17,dft,label_shuffled,12,1717893619,False,0.8984,8,10,0.578,-2.0789,10,0.2948,0.2208,0.58371,0.6016,0.7358,0.2048,0.4519
iran_dang4_diss12,Iranian-17,dft,label_shuffled,12,1717893619,False,0.8984,9,11,0.5057,0.2925,11,0.4836,0.1767,0.93603,0.6076,0.7467,0.0005,0.4934
iran_dang4_diss12,Iranian-17,dft,label_shuffled,12,1717893619,False,0.8984,10,11,0.6543,1.1053,9,0.3523,0.3041,0.25587,0.6085,0.7499,0.3962,0.4401
iran_dang4_diss12,Iranian-17,dft,label_shuffled,12,1717893619,False,0.8984,11,11,0.5233,0.8527,12,0.417,0.1833,0.86007,0.6004,0.7309,0.1434,0.545
iran_dang4_diss12,Iranian-17,dft,none,12,1062325745,False,0.935,0,4,0.5576,-2.0828,6,0.4131,0.2282,0.69065,0.5978,0.732,0.0269,0.4553
iran_dang4_diss12,Iranian-17,dft,none,12,1062325745,False,0.935,1,10,0.5242,-2.1686,12,0.4399,0.1819,0.85357,0.6006,0.7374,0.0973,0.4525
iran_dang4_diss12,Iranian-17,dft,none,12,1062325745,False,0.935,2,2,0.834,-0.9416,2,0.5109,0.4742,0.0075,0.6071,0.7538,0.2616,0.4647
iran_dang4_diss12,Iranian-17,dft,none,12,1062325745,False,0.935,3,2,0.9316,-2.3137,2,0.6513,0.6008,0.0005,0.6098,0.7521,0.2723,0.5141
iran_dang4_diss12,Iranian-17,dft,none,12,1062325745,False,0.935,4,12,0.8123,-0.0,12,0.8123,0.4186,0.009,0.6025,0.7373,0.1928,0.5089
iran_dang4_diss12,Iranian-17,dft,none,12,1062325745,False,0.935,5,3,0.7302,1.3533,4,0.3374,0.3684,0.07296,0.6082,0.7436,0.2431,0.4816
iran_dang4_diss12,Iranian-17,dft,none,12,1062325745,False,0.935,6,12,0.849,3.1416,12,0.849,0.4617,0.004,0.6022,0.7372,0.4202,0.4515
iran_dang4_diss12,Iranian-17,dft,none,12,1062325745,False,0.935,7,4,0.5834,-2.3491,8,0.4743,0.2306,0.56672,0.6033,0.7376,0.4461,0.4987
iran_dang4_diss12,Iranian-17,dft,none,12,1062325745,False,0.935,8,12,0.8671,3.1416,12,0.8671,0.4718,0.0015,0.6032,0.7397,0.0915,0.4269
iran_dang4_diss12,Iranian-17,dft,none,12,1062325745,False,0.935,9,12,0.606,3.1416,12,0.606,0.2462,0.42129,0.5996,0.7199,0.162,0.4593
iran_dang4_diss12,Iranian-17,dft,none,12,1062325745,False,0.935,10,9,0.5714,2.5053,9,0.4529,0.2237,0.63768,0.6049,0.7386,0.3175,0.4782
iran_dang4_diss12,Iranian-17,dft,none,12,1062325745,False,0.935,11,5,0.831,2.0457,5,0.3734,0.4745,0.003,0.6042,0.7408,0.2464,0.4877
iran_dang4_diss12,Iranian-17,dft,input_shuffled,12,1062325745,False,0.9309,0,12,0.6676,3.1416,12,0.6676,0.2928,0.16942,0.5987,0.7307,0.07,0.4789
iran_dang4_diss12,Iranian-17,dft,input_shuffled,12,1062325745,False,0.9309,1,7,0.7194,-0.9036,7,0.449,0.3599,0.07346,0.6031,0.7341,0.05,0.435
iran_dang4_diss12,Iranian-17,dft,input_shuffled,12,1062325745,False,0.9309,2,11,0.5913,1.8444,12,0.4571,0.2395,0.51174,0.6005,0.7355,0.5041,0.461
iran_dang4_diss12,Iranian-17,dft,input_shuffled,12,1062325745,False,0.9309,3,12,0.5371,3.1416,12,0.5371,0.195,0.7996,0.6025,0.7371,0.0374,0.5128
iran_dang4_diss12,Iranian-17,dft,input_shuffled,12,1062325745,False,0.9309,4,7,0.6133,1.6889,12,0.4324,0.2493,0.33333,0.5911,0.7114,0.0908,0.4739
iran_dang4_diss12,Iranian-17,dft,input_shuffled,12,1062325745,False,0.9309,5,3,0.7256,-0.2861,3,0.6971,0.3725,0.08696,0.6084,0.7482,0.0021,0.4542
iran_dang4_diss12,Iranian-17,dft,input_shuffled,12,1062325745,False,0.9309,6,4,0.5262,0.1367,4,0.5206,0.1983,0.85107,0.6038,0.7409,0.2558,0.4961
iran_dang4_diss12,Iranian-17,dft,input_shuffled,12,1062325745,False,0.9309,7,10,0.574,-2.7218,10,0.5294,0.2441,0.58421,0.5957,0.7236,0.0844,0.4654
iran_dang4_diss12,Iranian-17,dft,input_shuffled,12,1062325745,False,0.9309,8,4,0.6775,2.4525,4,0.5094,0.3185,0.16792,0.6027,0.7353,0.0405,0.4861
iran_dang4_diss12,Iranian-17,dft,input_shuffled,12,1062325745,False,0.9309,9,5,0.6749,2.0496,10,0.4168,0.3137,0.17391,0.6034,0.7421,0.1309,0.4714
iran_dang4_diss12,Iranian-17,dft,input_shuffled,12,1062325745,False,0.9309,10,12,0.8193,3.1416,12,0.8193,0.4321,0.01349,0.6145,0.7637,0.195,0.5029
iran_dang4_diss12,Iranian-17,dft,input_shuffled,12,1062325745,False,0.9309,11,2,0.7553,1.0955,3,0.4019,0.4026,0.05547,0.6123,0.7578,0.4182,0.4872
iran_dang4_diss12,Iranian-17,dft,label_shuffled,12,1062325745,False,0.9106,0,6,0.702,1.0669,6,0.4575,0.3374,0.06947,0.5949,0.717,0.1006,0.4754
iran_dang4_diss12,Iranian-17,dft,label_shuffled,12,1062325745,False,0.9106,1,11,0.6656,0.2897,11,0.637,0.3111,0.18291,0.6,0.7323,0.113,0.4317
iran_dang4_diss12,Iranian-17,dft,label_shuffled,12,1062325745,False,0.9106,2,10,0.5896,-1.2788,9,0.5496,0.2454,0.54673,0.6074,0.7475,0.0059,0.4208
iran_dang4_diss12,Iranian-17,dft,label_shuffled,12,1062325745,False,0.9106,3,5,0.8719,1.7541,2,0.2695,0.5161,0.0035,0.6153,0.777,0.1273,0.4712
iran_dang4_diss12,Iranian-17,dft,label_shuffled,12,1062325745,False,0.9106,4,6,0.5339,-1.8374,7,0.4719,0.1899,0.78661,0.5906,0.7132,0.3578,0.4855
iran_dang4_diss12,Iranian-17,dft,label_shuffled,12,1062325745,False,0.9106,5,7,0.4795,-1.785,12,0.4696,0.1605,0.96352,0.5873,0.7014,0.0363,0.4958
iran_dang4_diss12,Iranian-17,dft,label_shuffled,12,1062325745,False,0.9106,6,4,0.6943,-2.2162,4,0.4009,0.3361,0.14193,0.6074,0.7478,0.2252,0.4635
iran_dang4_diss12,Iranian-17,dft,label_shuffled,12,1062325745,False,0.9106,7,1,0.5364,0.8697,6,0.3906,0.2069,0.7951,0.5978,0.7327,0.4536,0.4848
iran_dang4_diss12,Iranian-17,dft,label_shuffled,12,1062325745,False,0.9106,8,1,0.6029,0.7273,11,0.5367,0.2537,0.46827,0.604,0.7406,0.2791,0.4467
iran_dang4_diss12,Iranian-17,dft,label_shuffled,12,1062325745,False,0.9106,9,2,0.5825,2.7541,2,0.5439,0.2486,0.56822,0.6033,0.736,0.1357,0.4875
iran_dang4_diss12,Iranian-17,dft,label_shuffled,12,1062325745,False,0.9106,10,10,0.5381,-0.6931,10,0.4242,0.2096,0.78861,0.5967,0.7244,0.0595,0.4729
iran_dang4_diss12,Iranian-17,dft,label_shuffled,12,1062325745,False,0.9106,11,2,0.5175,1.6674,4,0.4975,0.1877,0.90505,0.6106,0.7573,0.4938,0.5123
iran_dang4_diss12,Iranian-17,dft,none,12,2048731336,False,0.9268,0,12,0.7295,-0.0,12,0.7295,0.3495,0.04898,0.6,0.7291,0.1751,0.4653
iran_dang4_diss12,Iranian-17,dft,none,12,2048731336,False,0.9268,1,10,0.8922,1.7903,12,0.4817,0.526,0.0005,0.6027,0.7397,0.1338,0.426
iran_dang4_diss12,Iranian-17,dft,none,12,2048731336,False,0.9268,2,6,0.9582,2.8191,6,0.9369,0.86,0.0005,0.6128,0.7645,0.1589,0.5056
iran_dang4_diss12,Iranian-17,dft,none,12,2048731336,False,0.9268,3,2,0.7191,-0.9874,2,0.4134,0.3625,0.09495,0.6078,0.747,0.2742,0.4358
iran_dang4_diss12,Iranian-17,dft,none,12,2048731336,False,0.9268,4,7,0.6905,-1.3045,6,0.3479,0.3267,0.15142,0.6093,0.749,0.1489,0.4866
iran_dang4_diss12,Iranian-17,dft,none,12,2048731336,False,0.9268,5,10,0.6222,2.6237,10,0.5486,0.2612,0.35932,0.6017,0.7344,0.1584,0.4989
iran_dang4_diss12,Iranian-17,dft,none,12,2048731336,False,0.9268,6,2,0.5447,-0.7177,10,0.4804,0.2235,0.73363,0.5934,0.7199,0.039,0.4232
iran_dang4_diss12,Iranian-17,dft,none,12,2048731336,False,0.9268,7,9,0.6712,-2.5683,9,0.5699,0.3008,0.18491,0.6039,0.7449,0.0341,0.4994
iran_dang4_diss12,Iranian-17,dft,none,12,2048731336,False,0.9268,8,2,0.908,3.0841,2,0.9067,0.6005,0.0005,0.6067,0.7504,0.0568,0.5068
iran_dang4_diss12,Iranian-17,dft,none,12,2048731336,False,0.9268,9,2,0.699,1.7652,12,0.2983,0.3325,0.07696,0.5958,0.7184,0.0762,0.4705
iran_dang4_diss12,Iranian-17,dft,none,12,2048731336,False,0.9268,10,7,0.7267,1.4165,2,0.4194,0.3651,0.06797,0.6056,0.7402,0.0761,0.4594
iran_dang4_diss12,Iranian-17,dft,none,12,2048731336,False,0.9268,11,5,0.7167,-1.7012,12,0.6372,0.3367,0.10095,0.6103,0.7498,0.3382,0.4943
iran_dang4_diss12,Iranian-17,dft,input_shuffled,12,2048731336,False,0.9553,0,5,0.8142,-0.8512,7,0.619,0.4374,0.01499,0.6084,0.7493,0.1287,0.4909
iran_dang4_diss12,Iranian-17,dft,input_shuffled,12,2048731336,False,0.9553,1,1,0.5112,1.1928,9,0.4879,0.1764,0.91954,0.609,0.7512,0.304,0.5071
iran_dang4_diss12,Iranian-17,dft,input_shuffled,12,2048731336,False,0.9553,2,9,0.8515,-1.3852,10,0.494,0.496,0.0015,0.5996,0.737,0.0607,0.5128
iran_dang4_diss12,Iranian-17,dft,input_shuffled,12,2048731336,False,0.9553,3,7,0.6802,-0.7987,7,0.4773,0.316,0.12594,0.5934,0.7269,0.2979,0.5078
iran_dang4_diss12,Iranian-17,dft,input_shuffled,12,2048731336,False,0.9553,4,2,0.7272,-1.786,3,0.3448,0.3618,0.08396,0.6083,0.7527,0.15,0.46
iran_dang4_diss12,Iranian-17,dft,input_shuffled,12,2048731336,False,0.9553,5,9,0.6235,1.1466,12,0.4661,0.2612,0.33233,0.5974,0.7262,0.0077,0.457
iran_dang4_diss12,Iranian-17,dft,input_shuffled,12,2048731336,False,0.9553,6,2,0.9012,-1.4559,10,0.2593,0.5462,0.0005,0.61,0.7497,0.37,0.4756
iran_dang4_diss12,Iranian-17,dft,input_shuffled,12,2048731336,False,0.9553,7,5,0.5875,-2.1501,4,0.3774,0.24,0.52674,0.6009,0.7327,0.1532,0.4959
iran_dang4_diss12,Iranian-17,dft,input_shuffled,12,2048731336,False,0.9553,8,12,0.8954,3.1416,12,0.8954,0.5047,0.001,0.6041,0.7367,0.1244,0.4892
iran_dang4_diss12,Iranian-17,dft,input_shuffled,12,2048731336,False,0.9553,9,12,0.6881,-0.0,12,0.6881,0.3139,0.09195,0.5941,0.7172,0.0234,0.5262
iran_dang4_diss12,Iranian-17,dft,input_shuffled,12,2048731336,False,0.9553,10,12,0.5425,-0.0,12,0.5425,0.1983,0.76612,0.6036,0.7423,0.4666,0.5036
iran_dang4_diss12,Iranian-17,dft,input_shuffled,12,2048731336,False,0.9553,11,2,0.739,-2.828,2,0.7069,0.395,0.05547,0.6045,0.743,0.0441,0.4673
iran_dang4_diss12,Iranian-17,dft,label_shuffled,12,2048731336,False,0.8333,0,10,0.5907,-2.4327,10,0.46,0.2353,0.46127,0.5902,0.7121,0.1892,0.5062
iran_dang4_diss12,Iranian-17,dft,label_shuffled,12,2048731336,False,0.8333,1,4,0.6703,2.5438,6,0.5867,0.3461,0.17841,0.6023,0.7361,0.2134,0.4978
iran_dang4_diss12,Iranian-17,dft,label_shuffled,12,2048731336,False,0.8333,2,6,0.5429,2.1845,6,0.4013,0.2047,0.7906,0.6071,0.7458,0.2567,0.4874
iran_dang4_diss12,Iranian-17,dft,label_shuffled,12,2048731336,False,0.8333,3,7,0.5449,1.1993,10,0.4691,0.2109,0.78511,0.6105,0.7518,0.0669,0.4367
iran_dang4_diss12,Iranian-17,dft,label_shuffled,12,2048731336,False,0.8333,4,8,0.7055,2.8433,8,0.6705,0.3438,0.10845,0.6072,0.7418,0.0347,0.4496
iran_dang4_diss12,Iranian-17,dft,label_shuffled,12,2048731336,False,0.8333,5,9,0.496,-1.7067,6,0.3547,0.1735,0.93853,0.6003,0.7332,0.0987,0.4217
iran_dang4_diss12,Iranian-17,dft,label_shuffled,12,2048731336,False,0.8333,6,10,0.6188,0.6411,10,0.5067,0.2691,0.41429,0.6095,0.7513,0.0147,0.5055
iran_dang4_diss12,Iranian-17,dft,label_shuffled,12,2048731336,False,0.8333,7,1,0.6174,-1.1837,12,0.4435,0.2564,0.35882,0.5982,0.7309,0.5947,0.4566
iran_dang4_diss12,Iranian-17,dft,label_shuffled,12,2048731336,False,0.8333,8,5,0.7872,-1.4577,10,0.3444,0.4205,0.02149,0.6065,0.7458,0.0153,0.4715
iran_dang4_diss12,Iranian-17,dft,label_shuffled,12,2048731336,False,0.8333,9,7,0.4954,0.7875,5,0.4115,0.17,0.95952,0.6028,0.7314,0.0528,0.5112
iran_dang4_diss12,Iranian-17,dft,label_shuffled,12,2048731336,False,0.8333,10,7,0.5944,1.0549,10,0.4617,0.2457,0.48526,0.5981,0.7322,0.1863,0.476
iran_dang4_diss12,Iranian-17,dft,label_shuffled,12,2048731336,False,0.8333,11,6,0.6333,0.765,6,0.5392,0.2915,0.33433,0.6073,0.7409,0.0685,0.4484
iran_dang4_diss12,Iranian-17,dft,none,12,841981127,False,0.9593,0,5,0.6584,2.6103,5,0.5667,0.2857,0.25637,0.6106,0.756,0.2078,0.5229
iran_dang4_diss12,Iranian-17,dft,none,12,841981127,False,0.9593,1,10,0.5743,-2.4069,12,0.494,0.2276,0.57021,0.5928,0.7107,0.1373,0.4513
iran_dang4_diss12,Iranian-17,dft,none,12,841981127,False,0.9593,2,7,0.81,-0.4129,7,0.7425,0.4451,0.0085,0.6034,0.7398,0.2062,0.4648
iran_dang4_diss12,Iranian-17,dft,none,12,841981127,False,0.9593,3,7,0.5564,1.1018,6,0.3809,0.2173,0.70215,0.6023,0.7355,0.0441,0.4328
iran_dang4_diss12,Iranian-17,dft,none,12,841981127,False,0.9593,4,4,0.5803,-0.4542,2,0.5555,0.2372,0.57971,0.6043,0.7421,0.2579,0.5059
iran_dang4_diss12,Iranian-17,dft,none,12,841981127,False,0.9593,5,2,0.8674,-1.8939,10,0.3949,0.5168,0.0025,0.6103,0.757,0.3283,0.5256
iran_dang4_diss12,Iranian-17,dft,none,12,841981127,False,0.9593,6,2,0.5776,0.4562,2,0.5246,0.2177,0.5917,0.6024,0.7338,0.0066,0.4737
iran_dang4_diss12,Iranian-17,dft,none,12,841981127,False,0.9593,7,12,0.7915,-0.0,12,0.7915,0.4042,0.007,0.5912,0.7133,0.2816,0.4505
iran_dang4_diss12,Iranian-17,dft,none,12,841981127,False,0.9593,8,7,0.7252,-0.7249,7,0.5452,0.3497,0.02749,0.5895,0.7058,0.0269,0.475
iran_dang4_diss12,Iranian-17,dft,none,12,841981127,False,0.9593,9,10,0.6468,0.5088,10,0.5729,0.308,0.29485,0.6112,0.7646,0.1256,0.527
iran_dang4_diss12,Iranian-17,dft,none,12,841981127,False,0.9593,10,7,0.5522,2.4877,6,0.493,0.2294,0.74313,0.6064,0.7475,0.3101,0.4808
iran_dang4_diss12,Iranian-17,dft,none,12,841981127,False,0.9593,11,2,0.7335,1.0405,2,0.3884,0.3651,0.06697,0.6067,0.7516,0.1344,0.4346
iran_dang4_diss12,Iranian-17,dft,input_shuffled,12,841981127,False,0.9675,0,8,0.519,2.1645,3,0.4313,0.1912,0.87756,0.5982,0.724,0.0877,0.4661
iran_dang4_diss12,Iranian-17,dft,input_shuffled,12,841981127,False,0.9675,1,2,0.9161,-0.4383,2,0.8385,0.5963,0.0005,0.6027,0.7315,0.1357,0.4855
iran_dang4_diss12,Iranian-17,dft,input_shuffled,12,841981127,False,0.9675,2,7,0.82,-0.6239,7,0.6674,0.4536,0.003,0.6053,0.7379,0.0308,0.4643
iran_dang4_diss12,Iranian-17,dft,input_shuffled,12,841981127,False,0.9675,3,6,0.9693,0.3004,6,0.9507,0.8906,0.0005,0.6174,0.7722,0.0022,0.454
iran_dang4_diss12,Iranian-17,dft,input_shuffled,12,841981127,False,0.9675,4,12,0.6059,-0.0,12,0.6059,0.2408,0.28336,0.5736,0.683,0.2385,0.5507
iran_dang4_diss12,Iranian-17,dft,input_shuffled,12,841981127,False,0.9675,5,3,0.8913,2.4779,3,0.7136,0.5905,0.001,0.6097,0.7595,0.1617,0.4651
iran_dang4_diss12,Iranian-17,dft,input_shuffled,12,841981127,False,0.9675,6,7,0.6452,2.1054,12,0.5193,0.2861,0.29935,0.6111,0.7531,0.3032,0.4484
iran_dang4_diss12,Iranian-17,dft,input_shuffled,12,841981127,False,0.9675,7,6,0.4769,-3.0763,6,0.4765,0.1632,0.97151,0.5875,0.7113,0.0374,0.501
iran_dang4_diss12,Iranian-17,dft,input_shuffled,12,841981127,False,0.9675,8,12,0.714,3.1416,12,0.714,0.3295,0.07196,0.6008,0.7311,0.2455,0.4752
iran_dang4_diss12,Iranian-17,dft,input_shuffled,12,841981127,False,0.9675,9,3,0.6336,-3.0887,3,0.6327,0.2819,0.35632,0.6123,0.7591,0.2705,0.4687
iran_dang4_diss12,Iranian-17,dft,input_shuffled,12,841981127,False,0.9675,10,2,0.6673,-0.9585,5,0.5857,0.3063,0.2059,0.6069,0.7435,0.2241,0.4935
iran_dang4_diss12,Iranian-17,dft,input_shuffled,12,841981127,False,0.9675,11,12,0.9423,3.1416,12,0.9423,0.5614,0.001,0.6065,0.7437,0.0764,0.4618
iran_dang4_diss12,Iranian-17,dft,label_shuffled,12,841981127,False,0.9106,0,6,0.7551,-0.7009,6,0.664,0.4367,0.04048,0.6068,0.7463,0.114,0.4799
iran_dang4_diss12,Iranian-17,dft,label_shuffled,12,841981127,False,0.9106,1,8,0.5882,-0.39,8,0.5389,0.2332,0.51974,0.6012,0.7345,0.0487,0.4806
iran_dang4_diss12,Iranian-17,dft,label_shuffled,12,841981127,False,0.9106,2,3,0.7379,2.3701,3,0.5427,0.3977,0.05997,0.6049,0.748,0.0559,0.4721
iran_dang4_diss12,Iranian-17,dft,label_shuffled,12,841981127,False,0.9106,3,8,0.534,-0.827,1,0.4378,0.1969,0.81259,0.5981,0.7207,0.2159,0.4851
iran_dang4_diss12,Iranian-17,dft,label_shuffled,12,841981127,False,0.9106,4,2,0.6329,3.0762,2,0.6317,0.28,0.26387,0.5926,0.7114,0.3942,0.492
iran_dang4_diss12,Iranian-17,dft,label_shuffled,12,841981127,False,0.9106,5,2,0.7162,0.4803,2,0.6433,0.3703,0.09095,0.6014,0.7414,0.0767,0.4217
iran_dang4_diss12,Iranian-17,dft,label_shuffled,12,841981127,False,0.9106,6,4,0.6642,-2.5632,4,0.5454,0.3119,0.22639,0.6067,0.7483,0.2812,0.4764
iran_dang4_diss12,Iranian-17,dft,label_shuffled,12,841981127,False,0.9106,7,2,0.5619,-0.3198,2,0.5365,0.2252,0.65867,0.5973,0.7206,0.1312,0.4921
iran_dang4_diss12,Iranian-17,dft,label_shuffled,12,841981127,False,0.9106,8,6,0.5807,-1.5971,11,0.4473,0.2164,0.5912,0.6072,0.7494,0.3263,0.4897
iran_dang4_diss12,Iranian-17,dft,label_shuffled,12,841981127,False,0.9106,9,6,0.584,1.8586,4,0.4293,0.2236,0.54423,0.5976,0.7282,0.1603,0.4482
iran_dang4_diss12,Iranian-17,dft,label_shuffled,12,841981127,False,0.9106,10,8,0.5064,2.1717,9,0.4651,0.181,0.93253,0.6065,0.7424,0.262,0.4615
iran_dang4_diss12,Iranian-17,dft,label_shuffled,12,841981127,False,0.9106,11,7,0.5929,3.1143,7,0.5927,0.2267,0.42979,0.5868,0.7067,0.0591,0.4863
iran_dang4_diss12,Iranian-17,dft,none,12,1227522607,False,0.935,0,12,0.8119,-0.0,12,0.8119,0.4256,0.006,0.6041,0.7323,0.3435,0.4874
iran_dang4_diss12,Iranian-17,dft,none,12,1227522607,False,0.935,1,9,0.626,0.6365,9,0.5107,0.2804,0.30985,0.5965,0.7285,0.1195,0.5035
iran_dang4_diss12,Iranian-17,dft,none,12,1227522607,False,0.935,2,12,0.9379,-0.0,12,0.9379,0.5555,0.0005,0.6032,0.7371,0.0963,0.4849
iran_dang4_diss12,Iranian-17,dft,none,12,1227522607,False,0.935,3,12,0.519,-0.0,12,0.519,0.1846,0.88306,0.6019,0.7397,0.276,0.4709
iran_dang4_diss12,Iranian-17,dft,none,12,1227522607,False,0.935,4,5,0.7507,0.6795,7,0.6401,0.3941,0.05797,0.6117,0.7542,0.1202,0.4733
iran_dang4_diss12,Iranian-17,dft,none,12,1227522607,False,0.935,5,3,0.7262,2.9839,3,0.7174,0.3614,0.07346,0.6018,0.7476,0.0008,0.4751
iran_dang4_diss12,Iranian-17,dft,none,12,1227522607,False,0.935,6,9,0.7858,0.2725,9,0.7577,0.4375,0.02499,0.609,0.7513,0.3397,0.491
iran_dang4_diss12,Iranian-17,dft,none,12,1227522607,False,0.935,7,2,0.5717,-2.7648,2,0.5359,0.2266,0.56072,0.5891,0.7157,0.1948,0.5
iran_dang4_diss12,Iranian-17,dft,none,12,1227522607,False,0.935,8,2,0.8809,1.1775,10,0.374,0.534,0.0015,0.6026,0.7348,0.2841,0.4496
iran_dang4_diss12,Iranian-17,dft,none,12,1227522607,False,0.935,9,9,0.5846,-0.5461,9,0.4951,0.229,0.48726,0.5909,0.7181,0.0896,0.4635
iran_dang4_diss12,Iranian-17,dft,none,12,1227522607,False,0.935,10,5,0.6087,-0.2175,5,0.5942,0.2566,0.44928,0.6087,0.7531,0.2126,0.4884
iran_dang4_diss12,Iranian-17,dft,none,12,1227522607,False,0.935,11,1,0.6492,1.4543,10,0.4165,0.2891,0.26187,0.6052,0.7458,0.5846,0.5234
iran_dang4_diss12,Iranian-17,dft,input_shuffled,12,1227522607,False,0.9715,0,12,0.5008,-0.0,12,0.5008,0.1705,0.94503,0.6077,0.7516,0.0377,0.4781
iran_dang4_diss12,Iranian-17,dft,input_shuffled,12,1227522607,False,0.9715,1,6,0.9337,2.4649,6,0.8299,0.7285,0.0005,0.614,0.7649,0.1277,0.4518
iran_dang4_diss12,Iranian-17,dft,input_shuffled,12,1227522607,False,0.9715,2,10,0.6665,-0.4474,10,0.6076,0.313,0.1969,0.6063,0.7483,0.0476,0.5103
iran_dang4_diss12,Iranian-17,dft,input_shuffled,12,1227522607,False,0.9715,3,2,0.8598,0.026,2,0.8595,0.5388,0.0025,0.6006,0.7386,0.0523,0.4895
iran_dang4_diss12,Iranian-17,dft,input_shuffled,12,1227522607,False,0.9715,4,7,0.6103,2.3132,7,0.4153,0.2688,0.38181,0.595,0.7207,0.2488,0.4853
iran_dang4_diss12,Iranian-17,dft,input_shuffled,12,1227522607,False,0.9715,5,9,0.7304,-0.24,9,0.7089,0.371,0.08196,0.6097,0.7517,0.1388,0.521
iran_dang4_diss12,Iranian-17,dft,input_shuffled,12,1227522607,False,0.9715,6,5,0.6497,-2.4327,5,0.4952,0.2886,0.24288,0.6012,0.7361,0.0563,0.4725
iran_dang4_diss12,Iranian-17,dft,input_shuffled,12,1227522607,False,0.9715,7,12,0.765,3.1416,12,0.765,0.383,0.01549,0.5965,0.7172,0.0861,0.4869
iran_dang4_diss12,Iranian-17,dft,input_shuffled,12,1227522607,False,0.9715,8,12,0.8847,-0.0,12,0.8847,0.4983,0.0015,0.601,0.7381,0.2154,0.4728
iran_dang4_diss12,Iranian-17,dft,input_shuffled,12,1227522607,False,0.9715,9,2,0.934,-1.4378,12,0.2328,0.5762,0.0005,0.6087,0.7538,0.3101,0.4457
iran_dang4_diss12,Iranian-17,dft,input_shuffled,12,1227522607,False,0.9715,10,2,0.5338,-2.4503,10,0.501,0.1922,0.82859,0.6028,0.738,0.3283,0.4381
iran_dang4_diss12,Iranian-17,dft,input_shuffled,12,1227522607,False,0.9715,11,2,0.5443,-0.064,2,0.5433,0.2059,0.76112,0.6023,0.7357,0.2685,0.4411
iran_dang4_diss12,Iranian-17,dft,label_shuffled,12,1227522607,False,0.8618,0,4,0.6235,0.4743,4,0.5472,0.2674,0.4033,0.6099,0.7584,0.113,0.4857
iran_dang4_diss12,Iranian-17,dft,label_shuffled,12,1227522607,False,0.8618,1,2,0.5584,0.116,2,0.5551,0.2272,0.66517,0.5978,0.7289,0.2996,0.5176
iran_dang4_diss12,Iranian-17,dft,label_shuffled,12,1227522607,False,0.8618,2,11,0.7128,0.7361,11,0.5155,0.3648,0.06797,0.598,0.7298,0.1503,0.5065
iran_dang4_diss12,Iranian-17,dft,label_shuffled,12,1227522607,False,0.8618,3,3,0.4705,-2.8404,3,0.4487,0.1523,0.98801,0.6013,0.7314,0.2302,0.4902
iran_dang4_diss12,Iranian-17,dft,label_shuffled,12,1227522607,False,0.8618,4,9,0.6048,0.7448,9,0.455,0.2654,0.45527,0.6044,0.7417,0.124,0.4918
iran_dang4_diss12,Iranian-17,dft,label_shuffled,12,1227522607,False,0.8618,5,8,0.568,0.9907,8,0.2978,0.2261,0.64618,0.6037,0.7396,0.0182,0.4159
iran_dang4_diss12,Iranian-17,dft,label_shuffled,12,1227522607,False,0.8618,6,8,0.6149,3.1372,8,0.6149,0.2588,0.44228,0.6106,0.7529,0.1399,0.507
iran_dang4_diss12,Iranian-17,dft,label_shuffled,12,1227522607,False,0.8618,7,3,0.5394,-1.9154,6,0.4016,0.2117,0.7971,0.6006,0.7238,0.0627,0.4872
iran_dang4_diss12,Iranian-17,dft,label_shuffled,12,1227522607,False,0.8618,8,7,0.6392,0.195,7,0.627,0.2768,0.26737,0.5977,0.7247,0.1846,0.4904
iran_dang4_diss12,Iranian-17,dft,label_shuffled,12,1227522607,False,0.8618,9,2,0.7424,-0.9448,7,0.5799,0.3735,0.04698,0.6037,0.7391,0.2985,0.4785
iran_dang4_diss12,Iranian-17,dft,label_shuffled,12,1227522607,False,0.8618,10,6,0.5483,-0.9813,6,0.3956,0.2105,0.74713,0.6055,0.7477,0.1572,0.4575
iran_dang4_diss12,Iranian-17,dft,label_shuffled,12,1227522607,False,0.8618,11,11,0.5474,-2.5622,11,0.4529,0.2109,0.72764,0.592,0.7102,0.0113,0.5059
iran_dang4_diss12,Iranian-17,dft,none,12,868087413,False,0.9553,0,12,0.5898,3.1416,12,0.5898,0.2264,0.56022,0.6119,0.7567,0.2609,0.4787
iran_dang4_diss12,Iranian-17,dft,none,12,868087413,False,0.9553,1,12,0.5955,-0.0,12,0.5955,0.241,0.48626,0.597,0.7158,0.4073,0.468
iran_dang4_diss12,Iranian-17,dft,none,12,868087413,False,0.9553,2,8,0.644,-1.6961,1,0.3709,0.2826,0.26387,0.6016,0.7378,0.2033,0.4848
iran_dang4_diss12,Iranian-17,dft,none,12,868087413,False,0.9553,3,2,0.7979,-2.0341,2,0.3747,0.4317,0.01899,0.6104,0.7511,0.2598,0.5161
iran_dang4_diss12,Iranian-17,dft,none,12,868087413,False,0.9553,4,8,0.4996,0.1781,8,0.4907,0.1764,0.93903,0.6049,0.7437,0.422,0.5352
iran_dang4_diss12,Iranian-17,dft,none,12,868087413,False,0.9553,5,12,0.684,-0.0,12,0.684,0.3036,0.12944,0.5975,0.7309,0.0548,0.4962
iran_dang4_diss12,Iranian-17,dft,none,12,868087413,False,0.9553,6,5,0.8616,1.6069,12,0.4088,0.4938,0.0025,0.6059,0.7477,0.0162,0.5249
iran_dang4_diss12,Iranian-17,dft,none,12,868087413,False,0.9553,7,2,0.8901,1.7842,6,0.2846,0.541,0.001,0.6067,0.748,0.3905,0.4919
iran_dang4_diss12,Iranian-17,dft,none,12,868087413,False,0.9553,8,11,0.5905,-2.0446,4,0.3051,0.2375,0.52674,0.602,0.7322,0.2956,0.5189
iran_dang4_diss12,Iranian-17,dft,none,12,868087413,False,0.9553,9,12,0.8512,-0.0,12,0.8512,0.4639,0.001,0.5944,0.7192,0.2191,0.4787
iran_dang4_diss12,Iranian-17,dft,none,12,868087413,False,0.9553,10,7,0.789,-0.384,7,0.732,0.4223,0.01649,0.6085,0.7459,0.3624,0.4531
iran_dang4_diss12,Iranian-17,dft,none,12,868087413,False,0.9553,11,5,0.5866,0.2638,5,0.5664,0.2284,0.54373,0.6022,0.7416,0.0521,0.4415
iran_dang4_diss12,Iranian-17,dft,input_shuffled,12,868087413,False,0.939,0,4,0.5477,0.4793,3,0.4977,0.2117,0.75262,0.6051,0.752,0.1991,0.4355
iran_dang4_diss12,Iranian-17,dft,input_shuffled,12,868087413,False,0.939,1,8,0.538,1.9523,12,0.3453,0.2019,0.81559,0.6045,0.7355,0.114,0.4635
iran_dang4_diss12,Iranian-17,dft,input_shuffled,12,868087413,False,0.939,2,7,0.6776,-0.9292,5,0.4396,0.3138,0.09695,0.5876,0.7041,0.1702,0.46
iran_dang4_diss12,Iranian-17,dft,input_shuffled,12,868087413,False,0.939,3,9,0.8544,0.7299,9,0.6507,0.495,0.001,0.5879,0.7134,0.2874,0.4885
iran_dang4_diss12,Iranian-17,dft,input_shuffled,12,868087413,False,0.939,4,6,0.4721,1.3341,10,0.3965,0.1536,0.98501,0.6037,0.7416,0.0753,0.485
iran_dang4_diss12,Iranian-17,dft,input_shuffled,12,868087413,False,0.939,5,11,0.607,0.972,5,0.5678,0.2455,0.4083,0.5968,0.7269,0.1307,0.4579
iran_dang4_diss12,Iranian-17,dft,input_shuffled,12,868087413,False,0.939,6,5,0.6312,-1.8591,8,0.2009,0.2807,0.2024,0.579,0.6877,0.2215,0.4373
iran_dang4_diss12,Iranian-17,dft,input_shuffled,12,868087413,False,0.939,7,2,0.9131,0.9209,2,0.5743,0.5781,0.0005,0.6107,0.7457,0.3825,0.4875
iran_dang4_diss12,Iranian-17,dft,input_shuffled,12,868087413,False,0.939,8,9,0.7453,-2.2502,12,0.4939,0.3803,0.03748,0.6024,0.7353,0.0545,0.4708
iran_dang4_diss12,Iranian-17,dft,input_shuffled,12,868087413,False,0.939,9,12,0.9286,-0.0,12,0.9286,0.5388,0.001,0.603,0.74,0.0981,0.4825
iran_dang4_diss12,Iranian-17,dft,input_shuffled,12,868087413,False,0.939,10,3,0.6215,-0.5255,3,0.5421,0.2701,0.37031,0.6037,0.7439,0.5057,0.4809
iran_dang4_diss12,Iranian-17,dft,input_shuffled,12,868087413,False,0.939,11,3,0.7149,2.5197,3,0.5889,0.367,0.09195,0.6072,0.7485,0.0874,0.4592
iran_dang4_diss12,Iranian-17,dft,label_shuffled,12,868087413,False,0.8821,0,8,0.5573,-2.2146,3,0.444,0.216,0.69965,0.603,0.7419,0.0667,0.4488
iran_dang4_diss12,Iranian-17,dft,label_shuffled,12,868087413,False,0.8821,1,6,0.6623,-1.2691,8,0.4315,0.2865,0.22989,0.6094,0.7597,0.0546,0.4865
iran_dang4_diss12,Iranian-17,dft,label_shuffled,12,868087413,False,0.8821,2,11,0.7259,1.3884,1,0.3846,0.3548,0.05247,0.5998,0.7279,0.3057,0.5426
iran_dang4_diss12,Iranian-17,dft,label_shuffled,12,868087413,False,0.8821,3,11,0.6098,1.0286,7,0.3288,0.2556,0.44278,0.6063,0.7516,0.4219,0.5245
iran_dang4_diss12,Iranian-17,dft,label_shuffled,12,868087413,False,0.8821,4,9,0.4545,1.8772,10,0.3701,0.1475,0.9945,0.6092,0.7518,0.0863,0.471
iran_dang4_diss12,Iranian-17,dft,label_shuffled,12,868087413,False,0.8821,5,4,0.6076,-1.8273,12,0.2596,0.2506,0.44578,0.6049,0.7403,0.3177,0.5134
iran_dang4_diss12,Iranian-17,dft,label_shuffled,12,868087413,False,0.8821,6,2,0.7062,2.2155,2,0.4413,0.3515,0.08496,0.5982,0.7262,0.4172,0.4604
iran_dang4_diss12,Iranian-17,dft,label_shuffled,12,868087413,False,0.8821,7,6,0.4582,-0.6062,4,0.4397,0.1485,0.9935,0.6055,0.747,0.0268,0.4029
iran_dang4_diss12,Iranian-17,dft,label_shuffled,12,868087413,False,0.8821,8,10,0.5533,0.2246,10,0.541,0.2137,0.73163,0.6027,0.7361,0.2844,0.4276
iran_dang4_diss12,Iranian-17,dft,label_shuffled,12,868087413,False,0.8821,9,11,0.6226,-0.6504,11,0.5036,0.2656,0.38631,0.6084,0.7462,0.2848,0.4315
iran_dang4_diss12,Iranian-17,dft,label_shuffled,12,868087413,False,0.8821,10,11,0.6838,1.2485,12,0.4267,0.3096,0.12844,0.6002,0.732,0.0791,0.5233
iran_dang4_diss12,Iranian-17,dft,label_shuffled,12,868087413,False,0.8821,11,10,0.5651,1.8169,6,0.4149,0.2281,0.63818,0.6003,0.7397,0.0271,0.4914
iran_dang4_diss12,Iranian-17,dft,none,12,1405554712,False,0.9797,0,12,0.8077,-0.0,12,0.8077,0.4212,0.01349,0.6071,0.7501,0.1481,0.4886
iran_dang4_diss12,Iranian-17,dft,none,12,1405554712,False,0.9797,1,8,0.518,2.9994,8,0.5121,0.1915,0.89105,0.6111,0.7624,0.0088,0.4629
iran_dang4_diss12,Iranian-17,dft,none,12,1405554712,False,0.9797,2,6,0.6141,0.03,6,0.614,0.2955,0.3983,0.6016,0.7319,0.2,0.4448
iran_dang4_diss12,Iranian-17,dft,none,12,1405554712,False,0.9797,3,2,0.6255,-1.469,9,0.5028,0.259,0.33933,0.6028,0.7371,0.4417,0.474
iran_dang4_diss12,Iranian-17,dft,none,12,1405554712,False,0.9797,4,7,0.8476,2.414,7,0.6357,0.4797,0.0025,0.6046,0.7478,0.0192,0.4677
iran_dang4_diss12,Iranian-17,dft,none,12,1405554712,False,0.9797,5,2,0.7396,-1.2083,9,0.3033,0.3703,0.04548,0.6057,0.7355,0.41,0.4611
iran_dang4_diss12,Iranian-17,dft,none,12,1405554712,False,0.9797,6,6,0.9401,0.4797,6,0.8918,0.7897,0.0005,0.6125,0.7593,0.0707,0.4347
iran_dang4_diss12,Iranian-17,dft,none,12,1405554712,False,0.9797,7,9,0.6572,2.3497,10,0.5387,0.2964,0.24138,0.6047,0.7435,0.1722,0.4614
iran_dang4_diss12,Iranian-17,dft,none,12,1405554712,False,0.9797,8,12,0.7172,-0.0,12,0.7172,0.3365,0.08846,0.6041,0.7392,0.0884,0.4764
iran_dang4_diss12,Iranian-17,dft,none,12,1405554712,False,0.9797,9,4,0.6627,-2.4257,4,0.4863,0.3042,0.21489,0.6039,0.7431,0.0758,0.4588
iran_dang4_diss12,Iranian-17,dft,none,12,1405554712,False,0.9797,10,12,0.7764,3.1416,12,0.7764,0.3878,0.02099,0.6041,0.7388,0.0091,0.4754
iran_dang4_diss12,Iranian-17,dft,none,12,1405554712,False,0.9797,11,3,0.6907,1.8709,6,0.2976,0.3364,0.10995,0.5993,0.7298,0.0242,0.575
iran_dang4_diss12,Iranian-17,dft,input_shuffled,12,1405554712,False,0.9106,0,12,0.7937,-0.0,12,0.7937,0.3966,0.007,0.5981,0.7277,0.0803,0.4937
iran_dang4_diss12,Iranian-17,dft,input_shuffled,12,1405554712,False,0.9106,1,7,0.8464,1.613,6,0.3392,0.5055,0.005,0.6035,0.7453,0.1713,0.5262
iran_dang4_diss12,Iranian-17,dft,input_shuffled,12,1405554712,False,0.9106,2,7,0.6201,2.052,12,0.4009,0.2659,0.37731,0.6045,0.7409,0.0451,0.5
iran_dang4_diss12,Iranian-17,dft,input_shuffled,12,1405554712,False,0.9106,3,2,0.6761,-1.1361,12,0.3304,0.3098,0.16842,0.6045,0.7445,0.2161,0.4555
iran_dang4_diss12,Iranian-17,dft,input_shuffled,12,1405554712,False,0.9106,4,2,0.707,1.242,3,0.5281,0.339,0.12444,0.61,0.7601,0.1013,0.4493
iran_dang4_diss12,Iranian-17,dft,input_shuffled,12,1405554712,False,0.9106,5,12,0.8212,3.1416,12,0.8212,0.4389,0.0045,0.5983,0.7302,0.087,0.4901
iran_dang4_diss12,Iranian-17,dft,input_shuffled,12,1405554712,False,0.9106,6,2,0.8074,2.0429,3,0.4264,0.4399,0.01049,0.6064,0.7496,0.2277,0.4634
iran_dang4_diss12,Iranian-17,dft,input_shuffled,12,1405554712,False,0.9106,7,9,0.6198,-1.7108,10,0.3521,0.2719,0.4053,0.6104,0.7541,0.2819,0.5115
iran_dang4_diss12,Iranian-17,dft,input_shuffled,12,1405554712,False,0.9106,8,12,0.627,3.1416,12,0.627,0.2597,0.37381,0.6081,0.7553,0.1211,0.4565
iran_dang4_diss12,Iranian-17,dft,input_shuffled,12,1405554712,False,0.9106,9,7,0.9167,3.024,7,0.9104,0.5661,0.001,0.6076,0.7476,0.0805,0.4489
iran_dang4_diss12,Iranian-17,dft,input_shuffled,12,1405554712,False,0.9106,10,11,0.5287,-2.4031,10,0.4682,0.2033,0.85207,0.6043,0.7383,0.0174,0.4701
iran_dang4_diss12,Iranian-17,dft,input_shuffled,12,1405554712,False,0.9106,11,2,0.6221,0.1597,2,0.6151,0.2736,0.4023,0.614,0.7722,0.2285,0.4582
iran_dang4_diss12,Iranian-17,dft,label_shuffled,12,1405554712,False,0.9187,0,3,0.6451,-1.7498,12,0.4164,0.283,0.29135,0.611,0.7506,0.1471,0.462
iran_dang4_diss12,Iranian-17,dft,label_shuffled,12,1405554712,False,0.9187,1,9,0.6884,2.6494,9,0.6027,0.3191,0.13293,0.6035,0.7377,0.1428,0.4581
iran_dang4_diss12,Iranian-17,dft,label_shuffled,12,1405554712,False,0.9187,2,5,0.5733,3.0388,5,0.5702,0.2311,0.52274,0.583,0.7018,0.4316,0.4844
iran_dang4_diss12,Iranian-17,dft,label_shuffled,12,1405554712,False,0.9187,3,6,0.6054,1.7876,4,0.4989,0.2366,0.46627,0.6068,0.746,0.1046,0.5178
iran_dang4_diss12,Iranian-17,dft,label_shuffled,12,1405554712,False,0.9187,4,4,0.6643,2.6433,8,0.577,0.306,0.23488,0.6098,0.7525,0.0431,0.5205
iran_dang4_diss12,Iranian-17,dft,label_shuffled,12,1405554712,False,0.9187,5,11,0.6228,0.0377,11,0.6223,0.2737,0.37031,0.6054,0.7415,0.2213,0.4507
iran_dang4_diss12,Iranian-17,dft,label_shuffled,12,1405554712,False,0.9187,6,8,0.6109,-2.0315,5,0.3506,0.2444,0.45727,0.6121,0.7612,0.0038,0.5269
iran_dang4_diss12,Iranian-17,dft,label_shuffled,12,1405554712,False,0.9187,7,9,0.583,1.9882,11,0.4257,0.2409,0.55522,0.6038,0.7389,0.352,0.5161
iran_dang4_diss12,Iranian-17,dft,label_shuffled,12,1405554712,False,0.9187,8,6,0.4766,3.0631,6,0.476,0.1651,0.97001,0.5784,0.6853,0.3684,0.5093
iran_dang4_diss12,Iranian-17,dft,label_shuffled,12,1405554712,False,0.9187,9,9,0.5329,-0.5559,8,0.4811,0.1985,0.81859,0.6029,0.7364,0.0693,0.4872
iran_dang4_diss12,Iranian-17,dft,label_shuffled,12,1405554712,False,0.9187,10,7,0.4767,-0.3275,3,0.4688,0.1591,0.98201,0.6048,0.7389,0.0961,0.4534
iran_dang4_diss12,Iranian-17,dft,label_shuffled,12,1405554712,False,0.9187,11,4,0.5607,3.054,4,0.5583,0.2157,0.64668,0.5904,0.7041,0.141,0.451
iran_dang4_diss12,Iranian-17,dft,none,12,80947948,False,0.9553,0,9,0.5616,1.5654,4,0.5115,0.2146,0.66917,0.5993,0.7365,0.0115,0.4997
iran_dang4_diss12,Iranian-17,dft,none,12,80947948,False,0.9553,1,12,0.9531,3.1416,12,0.9531,0.5648,0.0015,0.6068,0.7413,0.1036,0.4882
iran_dang4_diss12,Iranian-17,dft,none,12,80947948,False,0.9553,2,2,0.9094,-1.9232,2,0.3316,0.5778,0.001,0.61,0.7559,0.4005,0.4598
iran_dang4_diss12,Iranian-17,dft,none,12,80947948,False,0.9553,3,5,0.6007,0.3322,5,0.5681,0.2544,0.38381,0.587,0.7091,0.076,0.4677
iran_dang4_diss12,Iranian-17,dft,none,12,80947948,False,0.9553,4,2,0.7485,1.1848,7,0.3924,0.3811,0.04048,0.6026,0.7391,0.2433,0.4974
iran_dang4_diss12,Iranian-17,dft,none,12,80947948,False,0.9553,5,11,0.6871,1.1925,5,0.3876,0.3241,0.15892,0.6084,0.7559,0.2315,0.4746
iran_dang4_diss12,Iranian-17,dft,none,12,80947948,False,0.9553,6,7,0.5757,2.1435,4,0.432,0.2226,0.56272,0.596,0.7374,0.2705,0.461
iran_dang4_diss12,Iranian-17,dft,none,12,80947948,False,0.9553,7,7,0.832,-0.7284,7,0.6236,0.4748,0.004,0.6006,0.7411,0.0032,0.5165
iran_dang4_diss12,Iranian-17,dft,none,12,80947948,False,0.9553,8,10,0.6405,-1.4282,7,0.5104,0.2793,0.16992,0.5805,0.6992,0.0798,0.4825
iran_dang4_diss12,Iranian-17,dft,none,12,80947948,False,0.9553,9,12,0.8803,-0.0,12,0.8803,0.4891,0.0005,0.6079,0.7504,0.1538,0.4943
iran_dang4_diss12,Iranian-17,dft,none,12,80947948,False,0.9553,10,3,0.6437,-2.4772,2,0.605,0.2885,0.24788,0.598,0.7297,0.2113,0.4966
iran_dang4_diss12,Iranian-17,dft,none,12,80947948,False,0.9553,11,2,0.9352,-0.3682,2,0.8793,0.624,0.0005,0.6067,0.7526,0.0768,0.4594
iran_dang4_diss12,Iranian-17,dft,input_shuffled,12,80947948,False,0.9512,0,3,0.6509,2.9507,3,0.6393,0.2843,0.22789,0.599,0.7356,0.1344,0.4588
iran_dang4_diss12,Iranian-17,dft,input_shuffled,12,80947948,False,0.9512,1,12,0.9296,3.1416,12,0.9296,0.5438,0.001,0.602,0.7358,0.1737,0.4721
iran_dang4_diss12,Iranian-17,dft,input_shuffled,12,80947948,False,0.9512,2,2,0.5659,1.8732,7,0.3695,0.2212,0.65117,0.6015,0.7335,0.0687,0.4516
iran_dang4_diss12,Iranian-17,dft,input_shuffled,12,80947948,False,0.9512,3,2,0.9352,-2.5772,2,0.8038,0.6146,0.0005,0.6064,0.7434,0.1571,0.4432
iran_dang4_diss12,Iranian-17,dft,input_shuffled,12,80947948,False,0.9512,4,12,0.8569,-0.0,12,0.8569,0.4819,0.003,0.6114,0.7619,0.1054,0.5175
iran_dang4_diss12,Iranian-17,dft,input_shuffled,12,80947948,False,0.9512,5,11,0.6291,-1.8662,10,0.4839,0.2712,0.27986,0.5915,0.7141,0.1703,0.4368
iran_dang4_diss12,Iranian-17,dft,input_shuffled,12,80947948,False,0.9512,6,5,0.788,-2.7515,5,0.7293,0.4201,0.01149,0.6048,0.7351,0.153,0.4627
iran_dang4_diss12,Iranian-17,dft,input_shuffled,12,80947948,False,0.9512,7,6,0.5214,-0.185,6,0.5177,0.2073,0.85057,0.5951,0.7199,0.2727,0.4684
iran_dang4_diss12,Iranian-17,dft,input_shuffled,12,80947948,False,0.9512,8,2,0.6137,-2.5258,2,0.5111,0.2578,0.43178,0.6083,0.7497,0.2188,0.5066
iran_dang4_diss12,Iranian-17,dft,input_shuffled,12,80947948,False,0.9512,9,2,0.9154,1.8933,2,0.3068,0.5735,0.0005,0.6096,0.7543,0.2697,0.4637
iran_dang4_diss12,Iranian-17,dft,input_shuffled,12,80947948,False,0.9512,10,2,0.5581,-0.6903,2,0.441,0.2187,0.68866,0.5997,0.7328,0.0885,0.4162
iran_dang4_diss12,Iranian-17,dft,input_shuffled,12,80947948,False,0.9512,11,4,0.6944,-0.1154,4,0.6892,0.3436,0.12444,0.6039,0.7353,0.0005,0.4762
iran_dang4_diss12,Iranian-17,dft,label_shuffled,12,80947948,False,0.9146,0,3,0.4859,-1.2628,6,0.4251,0.1731,0.95952,0.6025,0.7388,0.4625,0.4905
iran_dang4_diss12,Iranian-17,dft,label_shuffled,12,80947948,False,0.9146,1,2,0.7814,0.8071,2,0.5578,0.4307,0.01599,0.6007,0.7355,0.4507,0.4989
iran_dang4_diss12,Iranian-17,dft,label_shuffled,12,80947948,False,0.9146,2,8,0.6883,1.8888,9,0.402,0.3382,0.15392,0.6056,0.7535,0.3108,0.4808
iran_dang4_diss12,Iranian-17,dft,label_shuffled,12,80947948,False,0.9146,3,2,0.6215,-2.2734,9,0.5374,0.2809,0.4078,0.6106,0.7556,0.2235,0.4681
iran_dang4_diss12,Iranian-17,dft,label_shuffled,12,80947948,False,0.9146,4,2,0.5569,-0.1922,2,0.5479,0.2199,0.71114,0.6052,0.7501,0.056,0.5028
iran_dang4_diss12,Iranian-17,dft,label_shuffled,12,80947948,False,0.9146,5,11,0.4576,-1.8519,3,0.4165,0.1428,0.992,0.6076,0.7536,0.0504,0.4459
iran_dang4_diss12,Iranian-17,dft,label_shuffled,12,80947948,False,0.9146,6,11,0.6529,-1.569,12,0.4568,0.284,0.18991,0.5912,0.7152,0.2698,0.4268
iran_dang4_diss12,Iranian-17,dft,label_shuffled,12,80947948,False,0.9146,7,8,0.6852,0.7383,8,0.4921,0.3202,0.15942,0.6063,0.7518,0.0495,0.4825
iran_dang4_diss12,Iranian-17,dft,label_shuffled,12,80947948,False,0.9146,8,5,0.5133,-1.5554,11,0.3026,0.1841,0.90955,0.6106,0.7572,0.5952,0.4845
iran_dang4_diss12,Iranian-17,dft,label_shuffled,12,80947948,False,0.9146,9,2,0.4957,-2.5199,2,0.4112,0.1768,0.95452,0.6067,0.7454,0.3838,0.4996
iran_dang4_diss12,Iranian-17,dft,label_shuffled,12,80947948,False,0.9146,10,10,0.5064,0.7539,11,0.4874,0.18,0.92354,0.6078,0.7476,0.4658,0.4901
iran_dang4_diss12,Iranian-17,dft,label_shuffled,12,80947948,False,0.9146,11,4,0.6283,0.2978,4,0.5972,0.272,0.35182,0.6061,0.7449,0.0179,0.4624
iran_dang4_diss12,Iranian-17,dft,none,12,2061176526,False,0.8821,0,12,0.7718,-0.0,12,0.7718,0.3778,0.01949,0.6016,0.7329,0.2583,0.4811
iran_dang4_diss12,Iranian-17,dft,none,12,2061176526,False,0.8821,1,11,0.5213,-2.92,11,0.5083,0.1894,0.85307,0.5973,0.7257,0.0261,0.534
iran_dang4_diss12,Iranian-17,dft,none,12,2061176526,False,0.8821,2,12,0.6292,3.1416,12,0.6292,0.2664,0.34183,0.6024,0.7375,0.0956,0.4679
iran_dang4_diss12,Iranian-17,dft,none,12,2061176526,False,0.8821,3,8,0.6057,1.3087,1,0.3344,0.2642,0.43428,0.6018,0.7397,0.0362,0.5044
iran_dang4_diss12,Iranian-17,dft,none,12,2061176526,False,0.8821,4,2,0.6096,0.9917,12,0.3647,0.2501,0.44028,0.6065,0.7421,0.0434,0.4846
iran_dang4_diss12,Iranian-17,dft,none,12,2061176526,False,0.8821,5,12,0.5929,-0.0,12,0.5929,0.2347,0.46427,0.5942,0.7212,0.0235,0.463
iran_dang4_diss12,Iranian-17,dft,none,12,2061176526,False,0.8821,6,9,0.8244,1.868,2,0.2505,0.4654,0.002,0.6029,0.7343,0.0845,0.5076
iran_dang4_diss12,Iranian-17,dft,none,12,2061176526,False,0.8821,7,2,0.7175,-0.9875,2,0.4125,0.3516,0.06247,0.5993,0.7259,0.1529,0.4199
iran_dang4_diss12,Iranian-17,dft,none,12,2061176526,False,0.8821,8,9,0.5349,0.6614,8,0.4686,0.1992,0.83008,0.6058,0.7441,0.5341,0.4163
iran_dang4_diss12,Iranian-17,dft,none,12,2061176526,False,0.8821,9,2,0.8573,-1.8016,3,0.5842,0.4995,0.003,0.6089,0.76,0.3148,0.477
iran_dang4_diss12,Iranian-17,dft,none,12,2061176526,False,0.8821,10,5,0.8232,-1.8543,12,0.429,0.4598,0.001,0.5979,0.7245,0.4027,0.5288
iran_dang4_diss12,Iranian-17,dft,none,12,2061176526,False,0.8821,11,6,0.8533,-2.9151,6,0.8441,0.6389,0.001,0.5983,0.7213,0.1437,0.4421
iran_dang4_diss12,Iranian-17,dft,input_shuffled,12,2061176526,False,0.8943,0,2,0.8699,-0.1264,2,0.8638,0.5453,0.001,0.6009,0.742,0.1041,0.4837
iran_dang4_diss12,Iranian-17,dft,input_shuffled,12,2061176526,False,0.8943,1,12,0.6625,-0.0,12,0.6625,0.2956,0.18491,0.5979,0.728,0.0978,0.4686
iran_dang4_diss12,Iranian-17,dft,input_shuffled,12,2061176526,False,0.8943,2,8,0.6386,1.1009,7,0.2845,0.2871,0.25037,0.5937,0.7169,0.1668,0.4501
iran_dang4_diss12,Iranian-17,dft,input_shuffled,12,2061176526,False,0.8943,3,2,0.815,2.3001,2,0.5618,0.457,0.006,0.6043,0.7369,0.2288,0.4364
iran_dang4_diss12,Iranian-17,dft,input_shuffled,12,2061176526,False,0.8943,4,7,0.8091,-1.6131,6,0.1686,0.4441,0.005,0.6005,0.7342,0.1237,0.5059
iran_dang4_diss12,Iranian-17,dft,input_shuffled,12,2061176526,False,0.8943,5,11,0.6017,0.6782,11,0.4598,0.2561,0.49325,0.6072,0.7434,0.0446,0.512
iran_dang4_diss12,Iranian-17,dft,input_shuffled,12,2061176526,False,0.8943,6,6,0.8798,3.0575,6,0.8785,0.7075,0.0015,0.6031,0.7422,0.0401,0.4819
iran_dang4_diss12,Iranian-17,dft,input_shuffled,12,2061176526,False,0.8943,7,2,0.8732,-2.0101,2,0.3907,0.5122,0.003,0.6109,0.7521,0.1931,0.5222
iran_dang4_diss12,Iranian-17,dft,input_shuffled,12,2061176526,False,0.8943,8,12,0.6372,-0.0,12,0.6372,0.2548,0.26287,0.5964,0.7225,0.4583,0.478
iran_dang4_diss12,Iranian-17,dft,input_shuffled,12,2061176526,False,0.8943,9,7,0.8457,-0.3975,7,0.7803,0.4711,0.005,0.6074,0.7517,0.0401,0.4909
iran_dang4_diss12,Iranian-17,dft,input_shuffled,12,2061176526,False,0.8943,10,5,0.6376,0.6842,5,0.4959,0.2808,0.26137,0.5948,0.7169,0.143,0.4454
iran_dang4_diss12,Iranian-17,dft,input_shuffled,12,2061176526,False,0.8943,11,7,0.5931,-1.758,10,0.5275,0.2471,0.54273,0.6116,0.7606,0.0914,0.4252
iran_dang4_diss12,Iranian-17,dft,label_shuffled,12,2061176526,False,0.878,0,9,0.6499,-2.7426,9,0.601,0.2944,0.25937,0.6033,0.7385,0.0652,0.4997
iran_dang4_diss12,Iranian-17,dft,label_shuffled,12,2061176526,False,0.878,1,10,0.7027,3.0642,10,0.7009,0.3643,0.09545,0.6041,0.7299,0.3276,0.4825
iran_dang4_diss12,Iranian-17,dft,label_shuffled,12,2061176526,False,0.878,2,5,0.5805,2.5103,5,0.4673,0.228,0.5932,0.6073,0.7426,0.2462,0.4532
iran_dang4_diss12,Iranian-17,dft,label_shuffled,12,2061176526,False,0.878,3,7,0.6473,0.5336,7,0.5564,0.2889,0.23238,0.5971,0.7199,0.1798,0.4947
iran_dang4_diss12,Iranian-17,dft,label_shuffled,12,2061176526,False,0.878,4,5,0.5869,0.7724,11,0.435,0.2201,0.52874,0.6004,0.737,0.0128,0.4983
iran_dang4_diss12,Iranian-17,dft,label_shuffled,12,2061176526,False,0.878,5,9,0.6567,1.0159,4,0.4343,0.3046,0.26037,0.6098,0.7497,0.1644,0.4575
iran_dang4_diss12,Iranian-17,dft,label_shuffled,12,2061176526,False,0.878,6,5,0.5268,-0.9129,9,0.3344,0.1801,0.85307,0.6053,0.7468,0.227,0.4843
iran_dang4_diss12,Iranian-17,dft,label_shuffled,12,2061176526,False,0.878,7,7,0.5267,2.5682,7,0.4434,0.1892,0.83558,0.5977,0.7261,0.1905,0.4831
iran_dang4_diss12,Iranian-17,dft,label_shuffled,12,2061176526,False,0.878,8,3,0.7271,1.7197,12,0.4469,0.3619,0.05797,0.6029,0.7321,0.0892,0.4799
iran_dang4_diss12,Iranian-17,dft,label_shuffled,12,2061176526,False,0.878,9,2,0.7101,-0.9689,2,0.4192,0.3523,0.10345,0.6074,0.746,0.2883,0.464
iran_dang4_diss12,Iranian-17,dft,label_shuffled,12,2061176526,False,0.878,10,2,0.5598,0.0148,2,0.5598,0.2126,0.70565,0.6057,0.741,0.1401,0.4772
iran_dang4_diss12,Iranian-17,dft,label_shuffled,12,2061176526,False,0.878,11,9,0.5522,1.1294,12,0.4128,0.2124,0.67516,0.5879,0.7079,0.2607,0.4862
iran_dang4_diss12,Iranian-17,dft,none,12,1773662339,False,0.9228,0,10,0.516,-0.6907,10,0.4076,0.194,0.87856,0.593,0.7147,0.3756,0.4925
iran_dang4_diss12,Iranian-17,dft,none,12,1773662339,False,0.9228,1,7,0.5988,-3.0892,7,0.598,0.2422,0.42279,0.5943,0.7163,0.2557,0.507
iran_dang4_diss12,Iranian-17,dft,none,12,1773662339,False,0.9228,2,12,0.6982,3.1416,12,0.6982,0.3297,0.12094,0.6033,0.7396,0.2125,0.5391
iran_dang4_diss12,Iranian-17,dft,none,12,1773662339,False,0.9228,3,12,0.8922,-0.0,12,0.8922,0.4978,0.0005,0.6008,0.7328,0.0422,0.4803
iran_dang4_diss12,Iranian-17,dft,none,12,1773662339,False,0.9228,4,5,0.6183,1.0435,12,0.3743,0.2622,0.41729,0.6113,0.7588,0.1429,0.4757
iran_dang4_diss12,Iranian-17,dft,none,12,1773662339,False,0.9228,5,2,0.8408,2.122,2,0.4604,0.4811,0.0025,0.6061,0.7476,0.2049,0.5244
iran_dang4_diss12,Iranian-17,dft,none,12,1773662339,False,0.9228,6,12,0.4932,3.1416,12,0.4932,0.1746,0.94453,0.5983,0.7335,0.1768,0.5138
iran_dang4_diss12,Iranian-17,dft,none,12,1773662339,False,0.9228,7,5,0.6058,1.809,6,0.313,0.2561,0.44028,0.6039,0.7404,0.0859,0.4509
iran_dang4_diss12,Iranian-17,dft,none,12,1773662339,False,0.9228,8,1,0.7119,2.3611,1,0.4911,0.3484,0.11194,0.6085,0.75,0.5156,0.5342
iran_dang4_diss12,Iranian-17,dft,none,12,1773662339,False,0.9228,9,1,0.6249,-3.1317,1,0.6248,0.2698,0.32184,0.5982,0.7315,0.1157,0.496
iran_dang4_diss12,Iranian-17,dft,none,12,1773662339,False,0.9228,10,3,0.5255,1.0936,10,0.5085,0.1909,0.86207,0.6077,0.7551,0.3466,0.4638
iran_dang4_diss12,Iranian-17,dft,none,12,1773662339,False,0.9228,11,2,0.9391,-0.1332,2,0.9318,0.6484,0.0005,0.6128,0.761,0.0469,0.4613
iran_dang4_diss12,Iranian-17,dft,input_shuffled,12,1773662339,False,0.8902,0,12,0.8659,-0.0,12,0.8659,0.4789,0.002,0.6065,0.742,0.0012,0.497
iran_dang4_diss12,Iranian-17,dft,input_shuffled,12,1773662339,False,0.8902,1,5,0.5238,-2.5828,6,0.4625,0.2014,0.87006,0.6062,0.7423,0.3883,0.4441
iran_dang4_diss12,Iranian-17,dft,input_shuffled,12,1773662339,False,0.8902,2,2,0.538,-1.5637,9,0.4117,0.2013,0.7926,0.6003,0.7316,0.4188,0.4666
iran_dang4_diss12,Iranian-17,dft,input_shuffled,12,1773662339,False,0.8902,3,11,0.4725,0.2046,11,0.4624,0.1628,0.98301,0.6009,0.7391,0.1896,0.4939
iran_dang4_diss12,Iranian-17,dft,input_shuffled,12,1773662339,False,0.8902,4,2,0.9554,0.4874,2,0.8552,0.656,0.0005,0.6128,0.761,0.1644,0.4664
iran_dang4_diss12,Iranian-17,dft,input_shuffled,12,1773662339,False,0.8902,5,2,0.9096,1.8298,12,0.2861,0.5516,0.001,0.6086,0.7677,0.3583,0.4653
iran_dang4_diss12,Iranian-17,dft,input_shuffled,12,1773662339,False,0.8902,6,12,0.584,3.1416,12,0.584,0.2275,0.55822,0.6019,0.732,0.1315,0.4825
iran_dang4_diss12,Iranian-17,dft,input_shuffled,12,1773662339,False,0.8902,7,5,0.5858,1.4958,3,0.3229,0.2398,0.55422,0.6045,0.7401,0.0422,0.4793
iran_dang4_diss12,Iranian-17,dft,input_shuffled,12,1773662339,False,0.8902,8,5,0.761,1.7603,9,0.361,0.3981,0.03398,0.6055,0.7465,0.0877,0.4858
iran_dang4_diss12,Iranian-17,dft,input_shuffled,12,1773662339,False,0.8902,9,3,0.6009,0.0418,3,0.6004,0.2568,0.42729,0.5952,0.7239,0.1263,0.4244
iran_dang4_diss12,Iranian-17,dft,input_shuffled,12,1773662339,False,0.8902,10,5,0.6386,0.0465,5,0.6379,0.2797,0.29085,0.6025,0.7377,0.3723,0.4721
iran_dang4_diss12,Iranian-17,dft,input_shuffled,12,1773662339,False,0.8902,11,4,0.6803,0.2169,4,0.6624,0.3272,0.16592,0.6069,0.7516,0.0524,0.4678
iran_dang4_diss12,Iranian-17,dft,label_shuffled,12,1773662339,False,0.8659,0,4,0.663,-2.3809,8,0.5702,0.3029,0.23638,0.6098,0.7499,0.0491,0.4645
iran_dang4_diss12,Iranian-17,dft,label_shuffled,12,1773662339,False,0.8659,1,2,0.5673,1.0701,10,0.4203,0.2237,0.66767,0.6082,0.7558,0.3914,0.445
iran_dang4_diss12,Iranian-17,dft,label_shuffled,12,1773662339,False,0.8659,2,12,0.5833,3.1416,12,0.5833,0.2254,0.5937,0.6086,0.7442,0.0557,0.4854
iran_dang4_diss12,Iranian-17,dft,label_shuffled,12,1773662339,False,0.8659,3,3,0.4757,2.4266,7,0.3856,0.1609,0.97851,0.6015,0.7341,0.0123,0.473
iran_dang4_diss12,Iranian-17,dft,label_shuffled,12,1773662339,False,0.8659,4,8,0.5622,0.1127,8,0.5581,0.2255,0.65817,0.5992,0.7397,0.1217,0.4865
iran_dang4_diss12,Iranian-17,dft,label_shuffled,12,1773662339,False,0.8659,5,12,0.5874,-0.0,12,0.5874,0.2341,0.4028,0.5779,0.6912,0.1298,0.4493
iran_dang4_diss12,Iranian-17,dft,label_shuffled,12,1773662339,False,0.8659,6,6,0.6224,0.078,6,0.6216,0.3021,0.37281,0.6059,0.7516,0.2883,0.4447
iran_dang4_diss12,Iranian-17,dft,label_shuffled,12,1773662339,False,0.8659,7,3,0.6158,1.0067,11,0.3532,0.2617,0.37081,0.5974,0.7279,0.1003,0.4445
iran_dang4_diss12,Iranian-17,dft,label_shuffled,12,1773662339,False,0.8659,8,6,0.6288,-0.0383,6,0.6286,0.3066,0.35082,0.6076,0.7564,0.3316,0.5207
iran_dang4_diss12,Iranian-17,dft,label_shuffled,12,1773662339,False,0.8659,9,10,0.5033,-1.9381,11,0.3293,0.1753,0.89005,0.5793,0.6928,0.009,0.4646
iran_dang4_diss12,Iranian-17,dft,label_shuffled,12,1773662339,False,0.8659,10,1,0.5946,-0.4556,1,0.5311,0.2405,0.51424,0.6071,0.7521,0.1406,0.459
iran_dang4_diss12,Iranian-17,dft,label_shuffled,12,1773662339,False,0.8659,11,11,0.6864,2.5447,11,0.5749,0.3268,0.14943,0.6049,0.7418,0.0976,0.4075
iran_dang4_diss12,Iranian-17,dft,none,12,142798730,False,0.9553,0,11,0.6064,1.5921,5,0.3469,0.2471,0.44628,0.6039,0.7381,0.1196,0.5161
iran_dang4_diss12,Iranian-17,dft,none,12,142798730,False,0.9553,1,2,0.9479,2.7477,2,0.883,0.6446,0.0005,0.6108,0.7581,0.0223,0.5273
iran_dang4_diss12,Iranian-17,dft,none,12,142798730,False,0.9553,2,2,0.9572,-1.7692,3,0.2971,0.6231,0.0005,0.6114,0.76,0.3692,0.5322
iran_dang4_diss12,Iranian-17,dft,none,12,142798730,False,0.9553,3,6,0.4541,-0.2627,6,0.4475,0.1509,0.992,0.6029,0.7377,0.3181,0.4745
iran_dang4_diss12,Iranian-17,dft,none,12,142798730,False,0.9553,4,6,0.9307,-2.4459,6,0.8204,0.7151,0.0005,0.6152,0.7614,0.0996,0.4709
iran_dang4_diss12,Iranian-17,dft,none,12,142798730,False,0.9553,5,9,0.5376,-3.0424,9,0.535,0.2073,0.81309,0.6076,0.7492,0.031,0.4997
iran_dang4_diss12,Iranian-17,dft,none,12,142798730,False,0.9553,6,2,0.6263,-0.1188,2,0.6224,0.2687,0.36632,0.6065,0.7399,0.0484,0.4583
iran_dang4_diss12,Iranian-17,dft,none,12,142798730,False,0.9553,7,12,0.9471,-0.0,12,0.9471,0.5645,0.0005,0.6035,0.7374,0.1685,0.4165
iran_dang4_diss12,Iranian-17,dft,none,12,142798730,False,0.9553,8,5,0.6359,0.9991,12,0.5556,0.2835,0.32884,0.6094,0.7594,0.1488,0.4893
iran_dang4_diss12,Iranian-17,dft,none,12,142798730,False,0.9553,9,2,0.6266,3.0478,2,0.6242,0.2756,0.33033,0.6027,0.7375,0.1816,0.4569
iran_dang4_diss12,Iranian-17,dft,none,12,142798730,False,0.9553,10,2,0.5805,2.3853,5,0.5433,0.2352,0.5907,0.6054,0.7415,0.151,0.4345
iran_dang4_diss12,Iranian-17,dft,none,12,142798730,False,0.9553,11,9,0.4877,0.909,12,0.4142,0.1664,0.96652,0.607,0.7469,0.2979,0.4795
iran_dang4_diss12,Iranian-17,dft,input_shuffled,12,142798730,False,0.9309,0,10,0.5413,2.0684,9,0.4368,0.2077,0.74963,0.5907,0.7095,0.276,0.4806
iran_dang4_diss12,Iranian-17,dft,input_shuffled,12,142798730,False,0.9309,1,7,0.6389,-1.7938,5,0.3691,0.2871,0.24788,0.595,0.7247,0.0883,0.4977
iran_dang4_diss12,Iranian-17,dft,input_shuffled,12,142798730,False,0.9309,2,11,0.6566,-1.0702,5,0.3554,0.2845,0.2094,0.6001,0.7214,0.1901,0.4385
iran_dang4_diss12,Iranian-17,dft,input_shuffled,12,142798730,False,0.9309,3,7,0.7766,2.3253,7,0.5353,0.4159,0.01399,0.5976,0.726,0.0608,0.5111
iran_dang4_diss12,Iranian-17,dft,input_shuffled,12,142798730,False,0.9309,4,10,0.5936,-0.8828,9,0.5836,0.2415,0.50925,0.6023,0.732,0.1702,0.4679
iran_dang4_diss12,Iranian-17,dft,input_shuffled,12,142798730,False,0.9309,5,7,0.6023,-2.7902,7,0.5652,0.2412,0.47926,0.6062,0.7455,0.0632,0.4532
iran_dang4_diss12,Iranian-17,dft,input_shuffled,12,142798730,False,0.9309,6,2,0.6215,1.8955,6,0.4263,0.2809,0.37181,0.6047,0.7432,0.147,0.4617
iran_dang4_diss12,Iranian-17,dft,input_shuffled,12,142798730,False,0.9309,7,12,0.6052,-0.0,12,0.6052,0.2462,0.3933,0.5945,0.7233,0.1796,0.5115
iran_dang4_diss12,Iranian-17,dft,input_shuffled,12,142798730,False,0.9309,8,12,0.941,-0.0,12,0.941,0.5515,0.0005,0.6049,0.7446,0.0862,0.4564
iran_dang4_diss12,Iranian-17,dft,input_shuffled,12,142798730,False,0.9309,9,6,0.5037,0.1871,6,0.5,0.1899,0.93053,0.5989,0.7265,0.0106,0.411
iran_dang4_diss12,Iranian-17,dft,input_shuffled,12,142798730,False,0.9309,10,2,0.8984,2.637,2,0.7974,0.5727,0.0005,0.6079,0.742,0.1188,0.4388
iran_dang4_diss12,Iranian-17,dft,input_shuffled,12,142798730,False,0.9309,11,2,0.5442,-2.9603,2,0.5363,0.2066,0.77561,0.6074,0.7534,0.0533,0.4568
iran_dang4_diss12,Iranian-17,dft,label_shuffled,12,142798730,False,0.8902,0,5,0.6284,-0.3912,5,0.5805,0.2692,0.34583,0.6043,0.7328,0.2244,0.4349
iran_dang4_diss12,Iranian-17,dft,label_shuffled,12,142798730,False,0.8902,1,4,0.5488,-0.6731,7,0.4777,0.2002,0.71464,0.5941,0.7235,0.0705,0.4858
iran_dang4_diss12,Iranian-17,dft,label_shuffled,12,142798730,False,0.8902,2,9,0.5554,-0.0518,9,0.5546,0.2139,0.73563,0.6117,0.7482,0.6641,0.4983
iran_dang4_diss12,Iranian-17,dft,label_shuffled,12,142798730,False,0.8902,3,9,0.6583,0.7216,9,0.5046,0.299,0.22389,0.6042,0.7388,0.0036,0.4568
iran_dang4_diss12,Iranian-17,dft,label_shuffled,12,142798730,False,0.8902,4,4,0.7523,0.5851,4,0.6148,0.3987,0.02999,0.6018,0.7303,0.3591,0.4798
iran_dang4_diss12,Iranian-17,dft,label_shuffled,12,142798730,False,0.8902,5,4,0.6565,1.8645,5,0.2875,0.3017,0.17341,0.5929,0.7152,0.3441,0.5261
iran_dang4_diss12,Iranian-17,dft,label_shuffled,12,142798730,False,0.8902,6,5,0.5837,-0.4072,5,0.5356,0.2297,0.58771,0.6067,0.7497,0.2855,0.4355
iran_dang4_diss12,Iranian-17,dft,label_shuffled,12,142798730,False,0.8902,7,11,0.7361,-2.0336,11,0.2971,0.368,0.06197,0.6052,0.7453,0.2693,0.4549
iran_dang4_diss12,Iranian-17,dft,label_shuffled,12,142798730,False,0.8902,8,8,0.6669,1.0599,6,0.3574,0.3249,0.13793,0.5904,0.7165,0.2064,0.4958
iran_dang4_diss12,Iranian-17,dft,label_shuffled,12,142798730,False,0.8902,9,2,0.5761,2.4214,2,0.4446,0.2326,0.63418,0.6114,0.7622,0.1281,0.4487
iran_dang4_diss12,Iranian-17,dft,label_shuffled,12,142798730,False,0.8902,10,7,0.5388,-2.017,3,0.4223,0.2019,0.81759,0.6062,0.7383,0.2282,0.4648
iran_dang4_diss12,Iranian-17,dft,label_shuffled,12,142798730,False,0.8902,11,9,0.6186,2.9837,9,0.6108,0.2661,0.34883,0.5988,0.7333,0.3488,0.462
iran_dang4_diss12,Iranian-17,dft,none,12,1624509712,False,0.9431,0,11,0.658,2.2118,11,0.413,0.2952,0.16442,0.5904,0.7164,0.0359,0.4796
iran_dang4_diss12,Iranian-17,dft,none,12,1624509712,False,0.9431,1,7,0.5195,-0.0689,7,0.5182,0.1868,0.86007,0.6008,0.7326,0.1004,0.5108
iran_dang4_diss12,Iranian-17,dft,none,12,1624509712,False,0.9431,2,3,0.9445,-0.4777,3,0.844,0.6372,0.0005,0.6098,0.754,0.0704,0.4931
iran_dang4_diss12,Iranian-17,dft,none,12,1624509712,False,0.9431,3,6,0.6453,2.7641,6,0.6253,0.3298,0.1979,0.5904,0.7081,0.2395,0.4767
iran_dang4_diss12,Iranian-17,dft,none,12,1624509712,False,0.9431,4,2,0.8999,-2.2049,2,0.5547,0.565,0.0005,0.6072,0.7514,0.3519,0.5383
iran_dang4_diss12,Iranian-17,dft,none,12,1624509712,False,0.9431,5,12,0.8129,-0.0,12,0.8129,0.4292,0.0095,0.6079,0.7442,0.2195,0.4904
iran_dang4_diss12,Iranian-17,dft,none,12,1624509712,False,0.9431,6,2,0.7153,2.0776,5,0.5265,0.3488,0.08246,0.6036,0.7398,0.0996,0.4633
iran_dang4_diss12,Iranian-17,dft,none,12,1624509712,False,0.9431,7,12,0.7677,-0.0,12,0.7677,0.3845,0.02449,0.6032,0.7378,0.0451,0.4924
iran_dang4_diss12,Iranian-17,dft,none,12,1624509712,False,0.9431,8,7,0.7291,2.3003,12,0.5863,0.3424,0.08046,0.6071,0.7567,0.0399,0.5065
iran_dang4_diss12,Iranian-17,dft,none,12,1624509712,False,0.9431,9,12,0.7583,3.1416,12,0.7583,0.3656,0.01799,0.5917,0.7141,0.1108,0.5198
iran_dang4_diss12,Iranian-17,dft,none,12,1624509712,False,0.9431,10,3,0.6893,1.8163,12,0.3622,0.3367,0.11194,0.5984,0.7226,0.0841,0.4501
iran_dang4_diss12,Iranian-17,dft,none,12,1624509712,False,0.9431,11,2,0.8749,-0.525,2,0.7686,0.5424,0.0015,0.608,0.746,0.1964,0.5035
iran_dang4_diss12,Iranian-17,dft,input_shuffled,12,1624509712,False,0.9512,0,7,0.6645,1.085,5,0.4504,0.2997,0.14093,0.5907,0.7041,0.3266,0.4481
iran_dang4_diss12,Iranian-17,dft,input_shuffled,12,1624509712,False,0.9512,1,10,0.6139,2.4665,10,0.4906,0.2527,0.34933,0.5899,0.704,0.0161,0.4616
iran_dang4_diss12,Iranian-17,dft,input_shuffled,12,1624509712,False,0.9512,2,6,0.9217,3.0078,6,0.9183,0.7929,0.001,0.6154,0.7598,0.0661,0.4612
iran_dang4_diss12,Iranian-17,dft,input_shuffled,12,1624509712,False,0.9512,3,2,0.7814,2.4115,2,0.5981,0.4222,0.01899,0.6021,0.7346,0.1207,0.5012
iran_dang4_diss12,Iranian-17,dft,input_shuffled,12,1624509712,False,0.9512,4,12,0.9089,3.1416,12,0.9089,0.5223,0.0005,0.603,0.7398,0.0358,0.4703
iran_dang4_diss12,Iranian-17,dft,input_shuffled,12,1624509712,False,0.9512,5,7,0.7251,-1.1303,12,0.4666,0.3627,0.02899,0.5862,0.7057,0.0013,0.4852
iran_dang4_diss12,Iranian-17,dft,input_shuffled,12,1624509712,False,0.9512,6,11,0.5476,-1.2517,6,0.4777,0.2237,0.74813,0.6028,0.741,0.4073,0.4957
iran_dang4_diss12,Iranian-17,dft,input_shuffled,12,1624509712,False,0.9512,7,5,0.632,-2.9578,5,0.6214,0.2685,0.33383,0.6069,0.7455,0.0803,0.4839
iran_dang4_diss12,Iranian-17,dft,input_shuffled,12,1624509712,False,0.9512,8,2,0.8852,0.3074,2,0.8483,0.5565,0.001,0.6061,0.7522,0.0383,0.4965
iran_dang4_diss12,Iranian-17,dft,input_shuffled,12,1624509712,False,0.9512,9,2,0.6576,-2.5075,2,0.5411,0.2857,0.2029,0.5978,0.7251,0.2025,0.4574
iran_dang4_diss12,Iranian-17,dft,input_shuffled,12,1624509712,False,0.9512,10,5,0.5624,-0.2573,5,0.5438,0.2177,0.65867,0.6013,0.7364,0.0074,0.4501
iran_dang4_diss12,Iranian-17,dft,input_shuffled,12,1624509712,False,0.9512,11,5,0.7691,1.3954,11,0.3477,0.4033,0.01449,0.5974,0.7264,0.0464,0.4558
iran_dang4_diss12,Iranian-17,dft,label_shuffled,12,1624509712,False,0.8374,0,10,0.5799,-2.9828,10,0.5735,0.2382,0.6052,0.6114,0.7584,0.2951,0.4789
iran_dang4_diss12,Iranian-17,dft,label_shuffled,12,1624509712,False,0.8374,1,10,0.7133,1.55,1,0.3465,0.3426,0.04798,0.592,0.7115,0.0434,0.4614
iran_dang4_diss12,Iranian-17,dft,label_shuffled,12,1624509712,False,0.8374,2,4,0.5287,-2.8489,4,0.5034,0.192,0.84858,0.607,0.7432,0.0202,0.5198
iran_dang4_diss12,Iranian-17,dft,label_shuffled,12,1624509712,False,0.8374,3,10,0.6151,2.1074,8,0.3959,0.2585,0.42629,0.6099,0.7541,0.0434,0.496
iran_dang4_diss12,Iranian-17,dft,label_shuffled,12,1624509712,False,0.8374,4,8,0.6819,3.0873,8,0.6808,0.3065,0.07996,0.5851,0.7001,0.5538,0.4806
iran_dang4_diss12,Iranian-17,dft,label_shuffled,12,1624509712,False,0.8374,5,4,0.6645,-1.6612,10,0.3235,0.3174,0.22689,0.6086,0.7486,0.0477,0.4548
iran_dang4_diss12,Iranian-17,dft,label_shuffled,12,1624509712,False,0.8374,6,10,0.4637,2.7655,2,0.441,0.1467,0.9905,0.6058,0.748,0.0844,0.4562
iran_dang4_diss12,Iranian-17,dft,label_shuffled,12,1624509712,False,0.8374,7,8,0.5664,-1.1424,6,0.4113,0.2392,0.64618,0.6002,0.7316,0.0539,0.4798
iran_dang4_diss12,Iranian-17,dft,label_shuffled,12,1624509712,False,0.8374,8,8,0.5905,-2.3437,3,0.4437,0.2413,0.52524,0.6028,0.7368,0.3571,0.4938
iran_dang4_diss12,Iranian-17,dft,label_shuffled,12,1624509712,False,0.8374,9,6,0.5459,-1.2714,4,0.3431,0.2001,0.74163,0.5978,0.73,0.4837,0.501
iran_dang4_diss12,Iranian-17,dft,label_shuffled,12,1624509712,False,0.8374,10,11,0.5129,-0.4299,11,0.4685,0.1851,0.88906,0.6012,0.7364,0.1237,0.4651
iran_dang4_diss12,Iranian-17,dft,label_shuffled,12,1624509712,False,0.8374,11,9,0.6954,-1.5869,8,0.5089,0.3298,0.06897,0.5936,0.7077,0.36,0.4844
iran_dang4_diss12,Iranian-17,dft,none,12,1621377147,False,0.9634,0,12,0.8198,-0.0,12,0.8198,0.4285,0.007,0.6061,0.7424,0.0502,0.4597
iran_dang4_diss12,Iranian-17,dft,none,12,1621377147,False,0.9634,1,7,0.7425,-0.615,7,0.6081,0.3862,0.05747,0.6078,0.7495,0.1101,0.5175
iran_dang4_diss12,Iranian-17,dft,none,12,1621377147,False,0.9634,2,9,0.9121,-1.669,8,0.2847,0.5702,0.0005,0.6084,0.7507,0.0705,0.4631
iran_dang4_diss12,Iranian-17,dft,none,12,1621377147,False,0.9634,3,2,0.9053,-1.9216,3,0.4221,0.5551,0.001,0.6068,0.7446,0.3,0.4717
iran_dang4_diss12,Iranian-17,dft,none,12,1621377147,False,0.9634,4,6,0.5303,-0.7438,7,0.509,0.2012,0.84758,0.6057,0.7474,0.2666,0.4802
iran_dang4_diss12,Iranian-17,dft,none,12,1621377147,False,0.9634,5,1,0.6534,0.0746,1,0.6516,0.2968,0.1969,0.5957,0.7213,0.009,0.4411
iran_dang4_diss12,Iranian-17,dft,none,12,1621377147,False,0.9634,6,2,0.6663,0.9973,5,0.4611,0.3059,0.22389,0.61,0.7541,0.3184,0.4513
iran_dang4_diss12,Iranian-17,dft,none,12,1621377147,False,0.9634,7,7,0.6672,1.6112,6,0.3421,0.3126,0.11544,0.5844,0.7065,0.3119,0.4944
iran_dang4_diss12,Iranian-17,dft,none,12,1621377147,False,0.9634,8,4,0.5131,3.0185,4,0.5087,0.1775,0.87456,0.5864,0.7104,0.1967,0.4424
iran_dang4_diss12,Iranian-17,dft,none,12,1621377147,False,0.9634,9,5,0.8178,-2.0056,12,0.726,0.4403,0.0035,0.6015,0.7275,0.1278,0.5308
iran_dang4_diss12,Iranian-17,dft,none,12,1621377147,False,0.9634,10,9,0.6539,0.7137,9,0.5044,0.296,0.25787,0.6044,0.7424,0.256,0.4406
iran_dang4_diss12,Iranian-17,dft,none,12,1621377147,False,0.9634,11,5,0.6076,2.323,7,0.4976,0.2469,0.35832,0.5875,0.7154,0.0468,0.4901
iran_dang4_diss12,Iranian-17,dft,input_shuffled,12,1621377147,False,0.9431,0,2,0.8614,-1.9146,10,0.3408,0.5043,0.0005,0.6043,0.7375,0.283,0.4807
iran_dang4_diss12,Iranian-17,dft,input_shuffled,12,1621377147,False,0.9431,1,2,0.8452,2.6783,2,0.7652,0.5045,0.0025,0.6026,0.7347,0.0142,0.4943
iran_dang4_diss12,Iranian-17,dft,input_shuffled,12,1621377147,False,0.9431,2,9,0.6086,-1.1732,10,0.5064,0.2547,0.44378,0.6046,0.738,0.0622,0.5076
iran_dang4_diss12,Iranian-17,dft,input_shuffled,12,1621377147,False,0.9431,3,7,0.8513,2.1692,7,0.4849,0.497,0.0005,0.6038,0.7361,0.0786,0.4678
iran_dang4_diss12,Iranian-17,dft,input_shuffled,12,1621377147,False,0.9431,4,9,0.6629,0.2301,9,0.6459,0.3151,0.2009,0.6018,0.7375,0.1173,0.5164
iran_dang4_diss12,Iranian-17,dft,input_shuffled,12,1621377147,False,0.9431,5,5,0.7486,-2.4713,5,0.5886,0.3761,0.03348,0.6027,0.735,0.1934,0.458
iran_dang4_diss12,Iranian-17,dft,input_shuffled,12,1621377147,False,0.9431,6,5,0.5614,2.3143,11,0.4007,0.211,0.63018,0.5905,0.7144,0.1917,0.4498
iran_dang4_diss12,Iranian-17,dft,input_shuffled,12,1621377147,False,0.9431,7,9,0.6444,-2.2862,9,0.4378,0.2874,0.21489,0.5919,0.7162,0.0674,0.4888
iran_dang4_diss12,Iranian-17,dft,input_shuffled,12,1621377147,False,0.9431,8,5,0.5908,-0.4199,5,0.539,0.2556,0.53773,0.6057,0.7428,0.3644,0.4901
iran_dang4_diss12,Iranian-17,dft,input_shuffled,12,1621377147,False,0.9431,9,12,0.879,3.1416,12,0.879,0.4945,0.0005,0.5985,0.7312,0.1001,0.4737
iran_dang4_diss12,Iranian-17,dft,input_shuffled,12,1621377147,False,0.9431,10,7,0.7671,2.7325,7,0.7043,0.416,0.03298,0.6058,0.7458,0.0221,0.4302
iran_dang4_diss12,Iranian-17,dft,input_shuffled,12,1621377147,False,0.9431,11,8,0.6372,3.0159,8,0.6315,0.2724,0.29935,0.6025,0.7413,0.3882,0.4841
iran_dang4_diss12,Iranian-17,dft,label_shuffled,12,1621377147,False,0.874,0,5,0.4492,1.2116,8,0.377,0.1417,0.997,0.5992,0.732,0.4487,0.4345
iran_dang4_diss12,Iranian-17,dft,label_shuffled,12,1621377147,False,0.874,1,11,0.5362,-0.5927,11,0.4502,0.2084,0.78161,0.5946,0.7252,0.4605,0.539
iran_dang4_diss12,Iranian-17,dft,label_shuffled,12,1621377147,False,0.874,2,3,0.6174,-2.8086,3,0.5824,0.2725,0.37381,0.5997,0.7273,0.0185,0.4744
iran_dang4_diss12,Iranian-17,dft,label_shuffled,12,1621377147,False,0.874,3,8,0.6193,-2.5192,8,0.4921,0.2678,0.38031,0.6047,0.7425,0.3839,0.4692
iran_dang4_diss12,Iranian-17,dft,label_shuffled,12,1621377147,False,0.874,4,3,0.5473,-2.0011,10,0.4722,0.2037,0.70915,0.5911,0.713,0.328,0.4433
iran_dang4_diss12,Iranian-17,dft,label_shuffled,12,1621377147,False,0.874,5,10,0.5111,-2.6007,10,0.4452,0.1863,0.89505,0.5956,0.7276,0.0403,0.4521
iran_dang4_diss12,Iranian-17,dft,label_shuffled,12,1621377147,False,0.874,6,4,0.5262,-0.8239,6,0.398,0.1978,0.84608,0.6015,0.7272,0.2611,0.4537
iran_dang4_diss12,Iranian-17,dft,label_shuffled,12,1621377147,False,0.874,7,7,0.6299,1.5011,5,0.3301,0.2767,0.36432,0.6078,0.7517,0.2359,0.4825
iran_dang4_diss12,Iranian-17,dft,label_shuffled,12,1621377147,False,0.874,8,11,0.5332,-2.4527,11,0.4035,0.1962,0.82459,0.606,0.747,0.1377,0.4621
iran_dang4_diss12,Iranian-17,dft,label_shuffled,12,1621377147,False,0.874,9,6,0.5839,-2.729,6,0.5621,0.2516,0.56272,0.603,0.7368,0.1856,0.5098
iran_dang4_diss12,Iranian-17,dft,label_shuffled,12,1621377147,False,0.874,10,1,0.7393,0.4068,1,0.6818,0.3885,0.04548,0.6011,0.733,0.3706,0.4753
iran_dang4_diss12,Iranian-17,dft,label_shuffled,12,1621377147,False,0.874,11,5,0.6695,-2.0757,12,0.3499,0.3033,0.18841,0.6025,0.7432,0.0974,0.472
iran_dang4_diss12,Iranian-17,dft,none,12,1333142322,False,0.9431,0,3,0.6987,-0.5979,9,0.605,0.3462,0.07496,0.5931,0.714,0.0606,0.4547
iran_dang4_diss12,Iranian-17,dft,none,12,1333142322,False,0.9431,1,12,0.6193,-0.0,12,0.6193,0.2614,0.31584,0.5896,0.7074,0.0469,0.47
iran_dang4_diss12,Iranian-17,dft,none,12,1333142322,False,0.9431,2,12,0.8786,3.1416,12,0.8786,0.4915,0.0005,0.593,0.7177,0.2162,0.469
iran_dang4_diss12,Iranian-17,dft,none,12,1333142322,False,0.9431,3,5,0.7599,-1.8342,12,0.697,0.3804,0.04398,0.6098,0.7539,0.206,0.4774
iran_dang4_diss12,Iranian-17,dft,none,12,1333142322,False,0.9431,4,9,0.6518,-0.2538,9,0.6304,0.2918,0.23288,0.6019,0.7331,0.0448,0.4397
iran_dang4_diss12,Iranian-17,dft,none,12,1333142322,False,0.9431,5,7,0.8734,-0.7757,7,0.6269,0.5189,0.0015,0.6057,0.751,0.0519,0.4875
iran_dang4_diss12,Iranian-17,dft,none,12,1333142322,False,0.9431,6,9,0.5593,-0.6733,10,0.4452,0.214,0.66017,0.5967,0.7349,0.305,0.5046
iran_dang4_diss12,Iranian-17,dft,none,12,1333142322,False,0.9431,7,2,0.9553,1.6847,6,0.1945,0.6163,0.0005,0.6102,0.7575,0.3438,0.5011
iran_dang4_diss12,Iranian-17,dft,none,12,1333142322,False,0.9431,8,2,0.627,-1.3981,1,0.4253,0.2757,0.32984,0.6014,0.7272,0.6148,0.4392
iran_dang4_diss12,Iranian-17,dft,none,12,1333142322,False,0.9431,9,6,0.703,0.5751,6,0.6491,0.3857,0.11794,0.6083,0.7528,0.203,0.5122
iran_dang4_diss12,Iranian-17,dft,none,12,1333142322,False,0.9431,10,2,0.6186,2.1008,12,0.5861,0.255,0.33583,0.5926,0.7048,0.0635,0.4691
iran_dang4_diss12,Iranian-17,dft,none,12,1333142322,False,0.9431,11,2,0.7117,2.1194,5,0.5223,0.35,0.07596,0.5989,0.7268,0.0539,0.4181
iran_dang4_diss12,Iranian-17,dft,input_shuffled,12,1333142322,False,0.9715,0,1,0.5535,-0.039,1,0.5531,0.2042,0.67816,0.5896,0.712,0.1812,0.4569
iran_dang4_diss12,Iranian-17,dft,input_shuffled,12,1333142322,False,0.9715,1,12,0.7504,3.1416,12,0.7504,0.37,0.04548,0.6054,0.7459,0.116,0.476
iran_dang4_diss12,Iranian-17,dft,input_shuffled,12,1333142322,False,0.9715,2,4,0.5265,2.4027,4,0.3779,0.1913,0.76262,0.5727,0.6811,0.1675,0.4816
iran_dang4_diss12,Iranian-17,dft,input_shuffled,12,1333142322,False,0.9715,3,12,0.8955,3.1416,12,0.8955,0.5055,0.0005,0.5921,0.7237,0.2095,0.4801
iran_dang4_diss12,Iranian-17,dft,input_shuffled,12,1333142322,False,0.9715,4,10,0.5767,-2.5948,7,0.5525,0.2261,0.5927,0.6008,0.7349,0.048,0.471
iran_dang4_diss12,Iranian-17,dft,input_shuffled,12,1333142322,False,0.9715,5,10,0.5819,-0.2134,10,0.5702,0.2346,0.56522,0.6051,0.7472,0.255,0.4144
iran_dang4_diss12,Iranian-17,dft,input_shuffled,12,1333142322,False,0.9715,6,6,0.9687,0.1176,6,0.966,0.9097,0.0005,0.614,0.7646,0.0795,0.4368
iran_dang4_diss12,Iranian-17,dft,input_shuffled,12,1333142322,False,0.9715,7,2,0.6587,1.7213,5,0.5931,0.2903,0.22039,0.6013,0.7407,0.2819,0.4739
iran_dang4_diss12,Iranian-17,dft,input_shuffled,12,1333142322,False,0.9715,8,2,0.7425,2.4748,2,0.5971,0.3876,0.04748,0.6057,0.7411,0.1148,0.4859
iran_dang4_diss12,Iranian-17,dft,input_shuffled,12,1333142322,False,0.9715,9,10,0.5877,-0.7842,12,0.5737,0.2342,0.52374,0.5996,0.7314,0.0827,0.4622
iran_dang4_diss12,Iranian-17,dft,input_shuffled,12,1333142322,False,0.9715,10,2,0.6125,-2.9586,2,0.6034,0.2613,0.41179,0.6036,0.7381,0.136,0.4463
iran_dang4_diss12,Iranian-17,dft,input_shuffled,12,1333142322,False,0.9715,11,3,0.7286,0.0577,3,0.7274,0.3669,0.06047,0.6037,0.7394,0.2083,0.4575
iran_dang4_diss12,Iranian-17,dft,label_shuffled,12,1333142322,False,0.8699,0,7,0.6395,-1.9204,11,0.3973,0.2871,0.30935,0.6065,0.7471,0.1032,0.4836
iran_dang4_diss12,Iranian-17,dft,label_shuffled,12,1333142322,False,0.8699,1,8,0.59,-0.4028,8,0.5373,0.2426,0.53523,0.6025,0.7351,0.02,0.4408
iran_dang4_diss12,Iranian-17,dft,label_shuffled,12,1333142322,False,0.8699,2,6,0.5361,-0.0362,6,0.536,0.2203,0.82559,0.6116,0.7537,0.3596,0.5202
iran_dang4_diss12,Iranian-17,dft,label_shuffled,12,1333142322,False,0.8699,3,1,0.6336,-1.9838,1,0.2823,0.2723,0.30735,0.6018,0.7345,0.2417,0.4729
iran_dang4_diss12,Iranian-17,dft,label_shuffled,12,1333142322,False,0.8699,4,4,0.5196,2.4292,6,0.4534,0.2028,0.86007,0.5919,0.7121,0.1961,0.4447
iran_dang4_diss12,Iranian-17,dft,label_shuffled,12,1333142322,False,0.8699,5,10,0.6147,-2.045,4,0.4195,0.2657,0.41329,0.6051,0.7443,0.2778,0.4547
iran_dang4_diss12,Iranian-17,dft,label_shuffled,12,1333142322,False,0.8699,6,2,0.5378,-2.4452,2,0.4229,0.1997,0.81209,0.6036,0.7348,0.0745,0.4854
iran_dang4_diss12,Iranian-17,dft,label_shuffled,12,1333142322,False,0.8699,7,3,0.5099,-2.1703,4,0.3934,0.1873,0.92454,0.6124,0.7598,0.2993,0.516
iran_dang4_diss12,Iranian-17,dft,label_shuffled,12,1333142322,False,0.8699,8,4,0.5533,-2.9627,4,0.5433,0.2059,0.75612,0.609,0.7518,0.1322,0.4679
iran_dang4_diss12,Iranian-17,dft,label_shuffled,12,1333142322,False,0.8699,9,1,0.5061,-2.4866,5,0.459,0.1857,0.93403,0.6102,0.7547,0.3426,0.4528
iran_dang4_diss12,Iranian-17,dft,label_shuffled,12,1333142322,False,0.8699,10,6,0.5949,2.2642,6,0.4709,0.2528,0.43128,0.5885,0.7039,0.194,0.4605
iran_dang4_diss12,Iranian-17,dft,label_shuffled,12,1333142322,False,0.8699,11,5,0.6549,-1.7324,10,0.4058,0.2955,0.24788,0.6048,0.7376,0.1395,0.4684
iran_dang4_diss12,Iranian-17,dft,none,12,150203366,False,0.9472,0,6,0.5846,-2.4798,6,0.5229,0.2533,0.50675,0.5937,0.7248,0.1938,0.4711
iran_dang4_diss12,Iranian-17,dft,none,12,150203366,False,0.9472,1,10,0.5703,-0.7735,11,0.5418,0.2339,0.63168,0.5987,0.727,0.4133,0.5159
iran_dang4_diss12,Iranian-17,dft,none,12,150203366,False,0.9472,2,2,0.9534,0.3793,2,0.8929,0.66,0.0005,0.6108,0.7569,0.1227,0.4485
iran_dang4_diss12,Iranian-17,dft,none,12,150203366,False,0.9472,3,11,0.6003,0.4547,11,0.5364,0.2562,0.45427,0.5998,0.7365,0.04,0.4828
iran_dang4_diss12,Iranian-17,dft,none,12,150203366,False,0.9472,4,9,0.6551,-1.6256,7,0.5023,0.2965,0.22139,0.6015,0.7373,0.2252,0.4519
iran_dang4_diss12,Iranian-17,dft,none,12,150203366,False,0.9472,5,7,0.7958,-3.0076,7,0.7887,0.4346,0.0065,0.5956,0.7263,0.0345,0.4629
iran_dang4_diss12,Iranian-17,dft,none,12,150203366,False,0.9472,6,10,0.5258,2.7724,12,0.4989,0.1899,0.84008,0.5967,0.7246,0.041,0.4812
iran_dang4_diss12,Iranian-17,dft,none,12,150203366,False,0.9472,7,12,0.6938,-0.0,12,0.6938,0.3129,0.09145,0.5957,0.724,0.043,0.5327
iran_dang4_diss12,Iranian-17,dft,none,12,150203366,False,0.9472,8,2,0.7622,-1.4601,5,0.3713,0.3953,0.03448,0.608,0.7512,0.3056,0.4692
iran_dang4_diss12,Iranian-17,dft,none,12,150203366,False,0.9472,9,2,0.69,0.0165,2,0.6899,0.3254,0.10445,0.596,0.7264,0.0724,0.4648
iran_dang4_diss12,Iranian-17,dft,none,12,150203366,False,0.9472,10,7,0.5522,-0.8367,7,0.3724,0.2052,0.71014,0.5984,0.7318,0.14,0.4687
iran_dang4_diss12,Iranian-17,dft,none,12,150203366,False,0.9472,11,8,0.5337,1.6284,12,0.4413,0.1973,0.8016,0.5958,0.7192,0.2382,0.4514
iran_dang4_diss12,Iranian-17,dft,input_shuffled,12,150203366,False,0.9553,0,12,0.5667,-0.0,12,0.5667,0.2112,0.6002,0.59,0.7074,0.3151,0.4496
iran_dang4_diss12,Iranian-17,dft,input_shuffled,12,150203366,False,0.9553,1,2,0.7629,1.0677,3,0.3909,0.3973,0.04598,0.614,0.7601,0.2409,0.4815
iran_dang4_diss12,Iranian-17,dft,input_shuffled,12,150203366,False,0.9553,2,7,0.8212,-0.6886,7,0.6365,0.4622,0.0085,0.6092,0.7556,0.1816,0.523
iran_dang4_diss12,Iranian-17,dft,input_shuffled,12,150203366,False,0.9553,3,2,0.6639,-2.8804,2,0.6439,0.3132,0.1974,0.6028,0.7393,0.2338,0.4431
iran_dang4_diss12,Iranian-17,dft,input_shuffled,12,150203366,False,0.9553,4,7,0.6374,-0.0435,7,0.6368,0.2656,0.29435,0.6028,0.7368,0.075,0.5115
iran_dang4_diss12,Iranian-17,dft,input_shuffled,12,150203366,False,0.9553,5,7,0.596,1.8195,2,0.425,0.2483,0.42179,0.589,0.7123,0.1223,0.4414
iran_dang4_diss12,Iranian-17,dft,input_shuffled,12,150203366,False,0.9553,6,12,0.7662,3.1416,12,0.7662,0.3811,0.0055,0.5883,0.7044,0.2481,0.4543
iran_dang4_diss12,Iranian-17,dft,input_shuffled,12,150203366,False,0.9553,7,12,0.7819,-0.0,12,0.7819,0.4,0.01499,0.6044,0.7421,0.0184,0.4709
iran_dang4_diss12,Iranian-17,dft,input_shuffled,12,150203366,False,0.9553,8,2,0.6748,0.0571,2,0.6738,0.3293,0.17141,0.6051,0.7429,0.1372,0.4503
iran_dang4_diss12,Iranian-17,dft,input_shuffled,12,150203366,False,0.9553,9,5,0.5832,-0.76,2,0.447,0.2352,0.53073,0.5989,0.7334,0.2664,0.4903
iran_dang4_diss12,Iranian-17,dft,input_shuffled,12,150203366,False,0.9553,10,2,0.9303,1.6598,10,0.2398,0.5701,0.0005,0.6089,0.7543,0.3048,0.4674
iran_dang4_diss12,Iranian-17,dft,input_shuffled,12,150203366,False,0.9553,11,9,0.5744,2.0204,6,0.5461,0.2538,0.58721,0.5974,0.7226,0.0382,0.4486
iran_dang4_diss12,Iranian-17,dft,label_shuffled,12,150203366,False,0.8902,0,7,0.5158,2.221,4,0.3786,0.1883,0.90205,0.6084,0.7425,0.1061,0.487
iran_dang4_diss12,Iranian-17,dft,label_shuffled,12,150203366,False,0.8902,1,6,0.6137,1.0417,11,0.4731,0.2576,0.3993,0.6015,0.7353,0.1663,0.46
iran_dang4_diss12,Iranian-17,dft,label_shuffled,12,150203366,False,0.8902,2,6,0.6044,-0.2312,6,0.5976,0.2891,0.37731,0.5906,0.7209,0.3592,0.4648
iran_dang4_diss12,Iranian-17,dft,label_shuffled,12,150203366,False,0.8902,3,12,0.5438,-0.0,12,0.5438,0.206,0.78661,0.6045,0.738,0.2547,0.5054
iran_dang4_diss12,Iranian-17,dft,label_shuffled,12,150203366,False,0.8902,4,9,0.5586,3.1174,9,0.5584,0.2163,0.72314,0.6094,0.7506,0.1005,0.4977
iran_dang4_diss12,Iranian-17,dft,label_shuffled,12,150203366,False,0.8902,5,6,0.5256,-1.9248,11,0.4737,0.1841,0.86607,0.6105,0.757,0.0948,0.4821
iran_dang4_diss12,Iranian-17,dft,label_shuffled,12,150203366,False,0.8902,6,9,0.6283,-0.1163,9,0.6241,0.2526,0.30935,0.5975,0.7325,0.0604,0.4694
iran_dang4_diss12,Iranian-17,dft,label_shuffled,12,150203366,False,0.8902,7,4,0.6554,1.7897,9,0.4941,0.2999,0.24738,0.6056,0.752,0.4305,0.4927
iran_dang4_diss12,Iranian-17,dft,label_shuffled,12,150203366,False,0.8902,8,4,0.5859,-1.7879,1,0.382,0.241,0.54523,0.5996,0.7299,0.0928,0.4712
iran_dang4_diss12,Iranian-17,dft,label_shuffled,12,150203366,False,0.8902,9,8,0.5278,1.513,5,0.45,0.1949,0.81859,0.5829,0.6861,0.1181,0.4749
iran_dang4_diss12,Iranian-17,dft,label_shuffled,12,150203366,False,0.8902,10,7,0.5458,-0.2211,7,0.5326,0.2041,0.77311,0.6043,0.7384,0.0118,0.4836
iran_dang4_diss12,Iranian-17,dft,label_shuffled,12,150203366,False,0.8902,11,6,0.5273,2.5615,6,0.4861,0.2067,0.84608,0.6054,0.7404,0.5368,0.4704
iran_dang4_diss12,Iranian-17,dft,none,12,897151732,False,0.9268,0,1,0.6378,-0.9578,12,0.3838,0.2783,0.29535,0.604,0.7415,0.5646,0.5103
iran_dang4_diss12,Iranian-17,dft,none,12,897151732,False,0.9268,1,11,0.6309,-1.715,10,0.4423,0.264,0.15242,0.5658,0.678,0.1968,0.4954
iran_dang4_diss12,Iranian-17,dft,none,12,897151732,False,0.9268,2,12,0.9,-0.0,12,0.9,0.5146,0.001,0.6042,0.744,0.1056,0.4817
iran_dang4_diss12,Iranian-17,dft,none,12,897151732,False,0.9268,3,8,0.4934,1.6349,12,0.4864,0.1633,0.91604,0.5693,0.6725,0.0867,0.4524
iran_dang4_diss12,Iranian-17,dft,none,12,897151732,False,0.9268,4,2,0.9202,2.6892,2,0.8371,0.5869,0.0005,0.6046,0.7379,0.095,0.4905
iran_dang4_diss12,Iranian-17,dft,none,12,897151732,False,0.9268,5,2,0.6445,2.2715,5,0.6081,0.2924,0.25787,0.5994,0.7379,0.1882,0.4727
iran_dang4_diss12,Iranian-17,dft,none,12,897151732,False,0.9268,6,5,0.7353,-2.8807,5,0.7105,0.3647,0.07246,0.6104,0.7544,0.1246,0.4665
iran_dang4_diss12,Iranian-17,dft,none,12,897151732,False,0.9268,7,6,0.9714,-3.1161,6,0.9713,0.9224,0.0005,0.6128,0.7642,0.091,0.4319
iran_dang4_diss12,Iranian-17,dft,none,12,897151732,False,0.9268,8,9,0.7134,-0.8495,12,0.5437,0.3488,0.08196,0.6039,0.7333,0.1342,0.5077
iran_dang4_diss12,Iranian-17,dft,none,12,897151732,False,0.9268,9,11,0.6001,1.1725,5,0.5239,0.2436,0.4063,0.5887,0.7148,0.2938,0.5181
iran_dang4_diss12,Iranian-17,dft,none,12,897151732,False,0.9268,10,2,0.9273,-1.6691,12,0.2257,0.5769,0.0005,0.6116,0.7557,0.3189,0.5075
iran_dang4_diss12,Iranian-17,dft,none,12,897151732,False,0.9268,11,5,0.872,-1.541,12,0.3387,0.5292,0.001,0.5928,0.7222,0.2157,0.4845
iran_dang4_diss12,Iranian-17,dft,input_shuffled,12,897151732,False,0.8821,0,5,0.5922,1.1549,2,0.3737,0.2484,0.52374,0.6048,0.7463,0.1971,0.4934
iran_dang4_diss12,Iranian-17,dft,input_shuffled,12,897151732,False,0.8821,1,7,0.7561,-0.8417,5,0.5772,0.3919,0.04948,0.6114,0.7556,0.0631,0.4999
iran_dang4_diss12,Iranian-17,dft,input_shuffled,12,897151732,False,0.8821,2,10,0.5328,-2.9719,10,0.5261,0.1982,0.81559,0.5978,0.7259,0.3535,0.4471
iran_dang4_diss12,Iranian-17,dft,input_shuffled,12,897151732,False,0.8821,3,12,0.6095,3.1416,12,0.6095,0.2454,0.33633,0.5845,0.7062,0.2727,0.441
iran_dang4_diss12,Iranian-17,dft,input_shuffled,12,897151732,False,0.8821,4,3,0.9023,2.5933,3,0.7772,0.5763,0.001,0.6107,0.7541,0.195,0.4374
iran_dang4_diss12,Iranian-17,dft,input_shuffled,12,897151732,False,0.8821,5,2,0.5737,0.18,2,0.5655,0.2295,0.63218,0.6062,0.7442,0.1946,0.4736
iran_dang4_diss12,Iranian-17,dft,input_shuffled,12,897151732,False,0.8821,6,2,0.85,1.084,2,0.4173,0.5002,0.001,0.6003,0.7328,0.2281,0.4879
iran_dang4_diss12,Iranian-17,dft,input_shuffled,12,897151732,False,0.8821,7,9,0.4983,0.8284,11,0.3501,0.1798,0.92604,0.5921,0.7211,0.0236,0.4502
iran_dang4_diss12,Iranian-17,dft,input_shuffled,12,897151732,False,0.8821,8,12,0.5703,3.1416,12,0.5703,0.2154,0.5942,0.5934,0.7155,0.194,0.45
iran_dang4_diss12,Iranian-17,dft,input_shuffled,12,897151732,False,0.8821,9,12,0.6071,-0.0,12,0.6071,0.2523,0.4048,0.5988,0.7298,0.1794,0.4828
iran_dang4_diss12,Iranian-17,dft,input_shuffled,12,897151732,False,0.8821,10,9,0.6278,-1.9019,8,0.468,0.2775,0.31634,0.598,0.7294,0.0074,0.4492
iran_dang4_diss12,Iranian-17,dft,input_shuffled,12,897151732,False,0.8821,11,2,0.5627,-0.8004,12,0.5479,0.2111,0.67766,0.6034,0.7373,0.0604,0.4712
iran_dang4_diss12,Iranian-17,dft,label_shuffled,12,897151732,False,0.874,0,5,0.7241,-0.7074,5,0.5481,0.3532,0.03548,0.5869,0.712,0.1247,0.4861
iran_dang4_diss12,Iranian-17,dft,label_shuffled,12,897151732,False,0.874,1,9,0.5777,0.4267,9,0.5282,0.2559,0.6042,0.6037,0.7404,0.2464,0.4249
iran_dang4_diss12,Iranian-17,dft,label_shuffled,12,897151732,False,0.874,2,10,0.4581,1.347,9,0.4289,0.149,0.9935,0.5921,0.7196,0.2965,0.4315
iran_dang4_diss12,Iranian-17,dft,label_shuffled,12,897151732,False,0.874,3,1,0.5739,1.0688,7,0.3878,0.2276,0.64018,0.6071,0.7484,0.4632,0.5515
iran_dang4_diss12,Iranian-17,dft,label_shuffled,12,897151732,False,0.874,4,12,0.5174,3.1416,12,0.5174,0.1887,0.89505,0.6053,0.7362,0.334,0.4611
iran_dang4_diss12,Iranian-17,dft,label_shuffled,12,897151732,False,0.874,5,6,0.5231,-0.9752,7,0.471,0.1936,0.84558,0.5959,0.7247,0.2479,0.4937
iran_dang4_diss12,Iranian-17,dft,label_shuffled,12,897151732,False,0.874,6,6,0.6676,1.7212,9,0.4397,0.2865,0.18941,0.6034,0.742,0.1382,0.4873
iran_dang4_diss12,Iranian-17,dft,label_shuffled,12,897151732,False,0.874,7,1,0.7373,0.7298,1,0.5621,0.3922,0.08046,0.613,0.7586,0.6116,0.4772
iran_dang4_diss12,Iranian-17,dft,label_shuffled,12,897151732,False,0.874,8,2,0.5772,0.827,2,0.4039,0.2287,0.5947,0.602,0.7408,0.1475,0.4644
iran_dang4_diss12,Iranian-17,dft,label_shuffled,12,897151732,False,0.874,9,9,0.6742,-2.6615,9,0.6018,0.3252,0.18841,0.6074,0.7516,0.0384,0.4439
iran_dang4_diss12,Iranian-17,dft,label_shuffled,12,897151732,False,0.874,10,7,0.626,1.5775,2,0.4572,0.2684,0.33433,0.6014,0.7371,0.2432,0.5175
iran_dang4_diss12,Iranian-17,dft,label_shuffled,12,897151732,False,0.874,11,6,0.5643,-1.9127,9,0.3315,0.2141,0.64168,0.5973,0.7337,0.1461,0.4554
iran_dang4_diss12,Iranian-17,dft,none,12,811964386,False,0.9675,0,12,0.7033,3.1416,12,0.7033,0.335,0.12094,0.6082,0.7502,0.103,0.4938
iran_dang4_diss12,Iranian-17,dft,none,12,811964386,False,0.9675,1,11,0.6012,-2.6377,11,0.5226,0.2475,0.49975,0.609,0.7489,0.2435,0.5135
iran_dang4_diss12,Iranian-17,dft,none,12,811964386,False,0.9675,2,9,0.6819,-0.1425,9,0.6749,0.3248,0.1934,0.6118,0.7576,0.142,0.5024
iran_dang4_diss12,Iranian-17,dft,none,12,811964386,False,0.9675,3,12,0.7526,3.1416,12,0.7526,0.3652,0.02049,0.5939,0.7243,0.1554,0.5032
iran_dang4_diss12,Iranian-17,dft,none,12,811964386,False,0.9675,4,2,0.9589,1.6578,10,0.1834,0.6142,0.0005,0.6105,0.7494,0.3935,0.4742
iran_dang4_diss12,Iranian-17,dft,none,12,811964386,False,0.9675,5,2,0.8119,3.0221,2,0.8068,0.4833,0.01,0.6108,0.7527,0.2145,0.4132
iran_dang4_diss12,Iranian-17,dft,none,12,811964386,False,0.9675,6,12,0.7887,-0.0,12,0.7887,0.3991,0.01849,0.6045,0.7429,0.0147,0.4472
iran_dang4_diss12,Iranian-17,dft,none,12,811964386,False,0.9675,7,7,0.5632,0.0177,7,0.5631,0.2153,0.65117,0.5959,0.7294,0.001,0.475
iran_dang4_diss12,Iranian-17,dft,none,12,811964386,False,0.9675,8,6,0.9724,-2.6936,6,0.9292,0.8693,0.0005,0.6126,0.7668,0.0076,0.439
iran_dang4_diss12,Iranian-17,dft,none,12,811964386,False,0.9675,9,11,0.5494,-0.184,11,0.5403,0.2142,0.76462,0.6102,0.7563,0.3308,0.4733
iran_dang4_diss12,Iranian-17,dft,none,12,811964386,False,0.9675,10,3,0.5932,-1.2674,7,0.5503,0.256,0.53173,0.6087,0.7548,0.2042,0.438
iran_dang4_diss12,Iranian-17,dft,none,12,811964386,False,0.9675,11,2,0.7179,-1.9821,3,0.389,0.3537,0.08196,0.6034,0.7394,0.2133,0.4897
iran_dang4_diss12,Iranian-17,dft,input_shuffled,12,811964386,False,0.9553,0,7,0.6558,-0.7048,12,0.5562,0.3027,0.21839,0.6017,0.7353,0.2554,0.4651
iran_dang4_diss12,Iranian-17,dft,input_shuffled,12,811964386,False,0.9553,1,6,0.9429,-2.7361,6,0.909,0.8107,0.0005,0.6119,0.768,0.0035,0.4442
iran_dang4_diss12,Iranian-17,dft,input_shuffled,12,811964386,False,0.9553,2,3,0.9552,0.8443,3,0.6119,0.6263,0.0005,0.6081,0.7604,0.1599,0.4773
iran_dang4_diss12,Iranian-17,dft,input_shuffled,12,811964386,False,0.9553,3,3,0.7291,-1.9912,2,0.3241,0.3631,0.07696,0.6086,0.7459,0.1297,0.4522
iran_dang4_diss12,Iranian-17,dft,input_shuffled,12,811964386,False,0.9553,4,2,0.7323,0.8983,3,0.4858,0.3761,0.07396,0.6087,0.7536,0.2609,0.4982
iran_dang4_diss12,Iranian-17,dft,input_shuffled,12,811964386,False,0.9553,5,12,0.9414,3.1416,12,0.9414,0.559,0.0005,0.6002,0.7274,0.2045,0.4686
iran_dang4_diss12,Iranian-17,dft,input_shuffled,12,811964386,False,0.9553,6,10,0.573,2.9793,10,0.5663,0.2344,0.57821,0.5948,0.7233,0.2001,0.4575
iran_dang4_diss12,Iranian-17,dft,input_shuffled,12,811964386,False,0.9553,7,12,0.8662,-0.0,12,0.8662,0.4733,0.0015,0.6027,0.7404,0.111,0.454
iran_dang4_diss12,Iranian-17,dft,input_shuffled,12,811964386,False,0.9553,8,10,0.5874,3.0496,10,0.5852,0.2484,0.51424,0.596,0.7164,0.3126,0.448
iran_dang4_diss12,Iranian-17,dft,input_shuffled,12,811964386,False,0.9553,9,3,0.9693,-0.7417,3,0.7311,0.6779,0.0005,0.6125,0.7539,0.1754,0.4915
iran_dang4_diss12,Iranian-17,dft,input_shuffled,12,811964386,False,0.9553,10,9,0.5501,-0.8314,11,0.3641,0.2133,0.70065,0.5938,0.7215,0.0682,0.5393
iran_dang4_diss12,Iranian-17,dft,input_shuffled,12,811964386,False,0.9553,11,6,0.6088,0.6615,6,0.5446,0.2805,0.45177,0.6089,0.755,0.2099,0.4333
iran_dang4_diss12,Iranian-17,dft,label_shuffled,12,811964386,False,0.9268,0,10,0.5832,1.4408,12,0.3696,0.2372,0.56172,0.6025,0.7484,0.2603,0.4919
iran_dang4_diss12,Iranian-17,dft,label_shuffled,12,811964386,False,0.9268,1,7,0.5652,2.4844,7,0.4489,0.2228,0.65117,0.601,0.7393,0.2138,0.4905
iran_dang4_diss12,Iranian-17,dft,label_shuffled,12,811964386,False,0.9268,2,3,0.5886,-2.4808,3,0.4571,0.2485,0.51724,0.6013,0.7358,0.2498,0.4607
iran_dang4_diss12,Iranian-17,dft,label_shuffled,12,811964386,False,0.9268,3,6,0.4944,-0.1404,6,0.4924,0.1783,0.94953,0.6116,0.7581,0.0758,0.4623
iran_dang4_diss12,Iranian-17,dft,label_shuffled,12,811964386,False,0.9268,4,10,0.6287,2.5781,10,0.5407,0.2803,0.35232,0.6072,0.7479,0.0308,0.5353
iran_dang4_diss12,Iranian-17,dft,label_shuffled,12,811964386,False,0.9268,5,8,0.4898,-2.7762,8,0.4536,0.1696,0.95802,0.6077,0.7488,0.0472,0.5283
iran_dang4_diss12,Iranian-17,dft,label_shuffled,12,811964386,False,0.9268,6,11,0.5826,2.7968,11,0.5497,0.2279,0.56822,0.602,0.7378,0.1192,0.4559
iran_dang4_diss12,Iranian-17,dft,label_shuffled,12,811964386,False,0.9268,7,6,0.6866,-0.7978,6,0.5736,0.3411,0.16292,0.6079,0.7517,0.1004,0.4391
iran_dang4_diss12,Iranian-17,dft,label_shuffled,12,811964386,False,0.9268,8,4,0.7722,1.6501,11,0.3771,0.4281,0.03148,0.6077,0.7509,0.0073,0.4596
iran_dang4_diss12,Iranian-17,dft,label_shuffled,12,811964386,False,0.9268,9,8,0.7122,1.6876,11,0.3102,0.3651,0.10645,0.6081,0.7508,0.2836,0.4799
iran_dang4_diss12,Iranian-17,dft,label_shuffled,12,811964386,False,0.9268,10,2,0.5786,-0.045,2,0.578,0.2412,0.50125,0.5826,0.6931,0.092,0.4719
iran_dang4_diss12,Iranian-17,dft,label_shuffled,12,811964386,False,0.9268,11,8,0.5415,-2.684,8,0.4796,0.2159,0.76262,0.6014,0.7407,0.2988,0.4872
iran_dang4_diss12,Iranian-17,dft,none,12,975768065,False,0.9431,0,4,0.6054,-0.1975,4,0.5922,0.2464,0.46027,0.6055,0.7456,0.3743,0.4932
iran_dang4_diss12,Iranian-17,dft,none,12,975768065,False,0.9431,1,9,0.8378,0.0703,9,0.8358,0.4872,0.005,0.6094,0.7456,0.2209,0.5065
iran_dang4_diss12,Iranian-17,dft,none,12,975768065,False,0.9431,2,12,0.708,-0.0,12,0.708,0.3255,0.08396,0.5971,0.7323,0.1742,0.5025
iran_dang4_diss12,Iranian-17,dft,none,12,975768065,False,0.9431,3,4,0.6567,-0.2522,4,0.6333,0.3009,0.24138,0.607,0.7493,0.1753,0.489
iran_dang4_diss12,Iranian-17,dft,none,12,975768065,False,0.9431,4,6,0.6515,-1.5505,10,0.4258,0.2663,0.16592,0.5882,0.7028,0.3578,0.5188
iran_dang4_diss12,Iranian-17,dft,none,12,975768065,False,0.9431,5,7,0.5179,2.762,7,0.4813,0.1798,0.88256,0.6015,0.7335,0.4572,0.4857
iran_dang4_diss12,Iranian-17,dft,none,12,975768065,False,0.9431,6,3,0.512,-1.3585,2,0.3945,0.1857,0.90305,0.6047,0.7474,0.2482,0.5326
iran_dang4_diss12,Iranian-17,dft,none,12,975768065,False,0.9431,7,2,0.9124,0.3334,2,0.8677,0.5952,0.0005,0.6022,0.7424,0.05,0.4859
iran_dang4_diss12,Iranian-17,dft,none,12,975768065,False,0.9431,8,1,0.4924,-0.084,1,0.4906,0.1754,0.95552,0.6085,0.7508,0.0015,0.4692
iran_dang4_diss12,Iranian-17,dft,none,12,975768065,False,0.9431,9,5,0.7601,1.1195,12,0.4135,0.3884,0.03498,0.6036,0.7394,0.234,0.4767
iran_dang4_diss12,Iranian-17,dft,none,12,975768065,False,0.9431,10,7,0.4869,-2.5675,9,0.4574,0.1706,0.95352,0.5975,0.7331,0.0434,0.4824
iran_dang4_diss12,Iranian-17,dft,none,12,975768065,False,0.9431,11,2,0.9101,-1.4522,10,0.2174,0.5548,0.001,0.6131,0.7665,0.4551,0.4753
iran_dang4_diss12,Iranian-17,dft,input_shuffled,12,975768065,False,0.9431,0,7,0.7635,-0.6465,7,0.6113,0.3906,0.01099,0.5927,0.7169,0.0658,0.412
iran_dang4_diss12,Iranian-17,dft,input_shuffled,12,975768065,False,0.9431,1,2,0.8454,3.1176,2,0.8452,0.5232,0.005,0.6087,0.7524,0.0531,0.5377
iran_dang4_diss12,Iranian-17,dft,input_shuffled,12,975768065,False,0.9431,2,6,0.5578,1.0213,2,0.4142,0.216,0.68616,0.5982,0.7305,0.3371,0.4803
iran_dang4_diss12,Iranian-17,dft,input_shuffled,12,975768065,False,0.9431,3,2,0.7515,1.9891,5,0.5622,0.3799,0.03498,0.6045,0.7399,0.0554,0.4571
iran_dang4_diss12,Iranian-17,dft,input_shuffled,12,975768065,False,0.9431,4,10,0.5526,-0.1771,10,0.545,0.2092,0.73213,0.6089,0.7619,0.036,0.4561
iran_dang4_diss12,Iranian-17,dft,input_shuffled,12,975768065,False,0.9431,5,7,0.8286,3.0766,7,0.8269,0.4702,0.007,0.6055,0.7446,0.1386,0.5099
iran_dang4_diss12,Iranian-17,dft,input_shuffled,12,975768065,False,0.9431,6,10,0.6565,-2.8516,10,0.6322,0.3011,0.23838,0.6079,0.7534,0.127,0.404
iran_dang4_diss12,Iranian-17,dft,input_shuffled,12,975768065,False,0.9431,7,12,0.6675,-0.0,12,0.6675,0.2878,0.13193,0.5918,0.7163,0.1644,0.4427
iran_dang4_diss12,Iranian-17,dft,input_shuffled,12,975768065,False,0.9431,8,5,0.7428,-2.0084,12,0.4417,0.3692,0.06597,0.6111,0.756,0.0045,0.5004
iran_dang4_diss12,Iranian-17,dft,input_shuffled,12,975768065,False,0.9431,9,12,0.5541,-0.0,12,0.5541,0.2096,0.69465,0.6003,0.7431,0.0891,0.4866
iran_dang4_diss12,Iranian-17,dft,input_shuffled,12,975768065,False,0.9431,10,2,0.9237,1.632,10,0.2515,0.5789,0.0005,0.6109,0.7597,0.413,0.5218
iran_dang4_diss12,Iranian-17,dft,input_shuffled,12,975768065,False,0.9431,11,12,0.9491,3.1416,12,0.9491,0.5671,0.001,0.6023,0.7307,0.0683,0.4111
iran_dang4_diss12,Iranian-17,dft,label_shuffled,12,975768065,False,0.8537,0,5,0.5944,-2.4913,12,0.5322,0.2391,0.51374,0.6051,0.7423,0.0646,0.4943
iran_dang4_diss12,Iranian-17,dft,label_shuffled,12,975768065,False,0.8537,1,8,0.6479,1.8051,3,0.3701,0.2932,0.25737,0.6038,0.7399,0.1465,0.4402
iran_dang4_diss12,Iranian-17,dft,label_shuffled,12,975768065,False,0.8537,2,8,0.5596,0.6022,8,0.4516,0.2168,0.69465,0.6002,0.7308,0.1286,0.5438
iran_dang4_diss12,Iranian-17,dft,label_shuffled,12,975768065,False,0.8537,3,6,0.5998,1.0681,8,0.4397,0.2453,0.51974,0.6101,0.7531,0.2302,0.54
iran_dang4_diss12,Iranian-17,dft,label_shuffled,12,975768065,False,0.8537,4,6,0.7295,-0.8608,6,0.5846,0.3843,0.03848,0.5945,0.7206,0.1566,0.4506
iran_dang4_diss12,Iranian-17,dft,label_shuffled,12,975768065,False,0.8537,5,10,0.6043,1.6746,7,0.485,0.2402,0.42629,0.5957,0.7143,0.1781,0.4455
iran_dang4_diss12,Iranian-17,dft,label_shuffled,12,975768065,False,0.8537,6,4,0.6081,0.1177,4,0.6034,0.2547,0.41879,0.5993,0.7246,0.054,0.4726
iran_dang4_diss12,Iranian-17,dft,label_shuffled,12,975768065,False,0.8537,7,4,0.5161,-0.1878,4,0.5059,0.1855,0.87956,0.5933,0.7177,0.068,0.5052
iran_dang4_diss12,Iranian-17,dft,label_shuffled,12,975768065,False,0.8537,8,2,0.5986,-0.631,2,0.4935,0.2503,0.49575,0.6064,0.745,0.319,0.4957
iran_dang4_diss12,Iranian-17,dft,label_shuffled,12,975768065,False,0.8537,9,4,0.7394,0.6763,4,0.5622,0.3911,0.04998,0.6031,0.7388,0.5119,0.5151
iran_dang4_diss12,Iranian-17,dft,label_shuffled,12,975768065,False,0.8537,10,10,0.749,2.6333,10,0.6636,0.4008,0.03998,0.6017,0.7325,0.4505,0.4237
iran_dang4_diss12,Iranian-17,dft,label_shuffled,12,975768065,False,0.8537,11,10,0.5707,-2.4093,7,0.4639,0.2342,0.63818,0.6058,0.7461,0.4159,0.5197
iran_dang5_nodiss11,Iranian-17,dft,none,5,1729634432,False,0.7273,0,3,0.7799,-2.9935,3,0.7713,0.4189,0.01799,0.6014,0.7311,0.0492,0.4946
iran_dang5_nodiss11,Iranian-17,dft,none,5,1729634432,False,0.7273,1,7,0.5764,1.9194,1,0.3934,0.2289,0.61219,0.602,0.7314,0.0521,0.4552
iran_dang5_nodiss11,Iranian-17,dft,none,5,1729634432,False,0.7273,2,8,0.6142,1.4892,9,0.4181,0.2641,0.35832,0.5957,0.7226,0.3738,0.4922
iran_dang5_nodiss11,Iranian-17,dft,none,5,1729634432,False,0.7273,3,12,0.5825,3.1416,12,0.5825,0.2224,0.56972,0.6062,0.7475,0.1951,0.4619
iran_dang5_nodiss11,Iranian-17,dft,none,5,1729634432,False,0.7273,4,9,0.8864,-1.9494,9,0.3664,0.574,0.0005,0.6137,0.7592,0.07,0.5289
iran_dang5_nodiss11,Iranian-17,dft,input_shuffled,5,1729634432,False,0.9659,0,7,0.7002,-0.6987,12,0.6846,0.3219,0.08696,0.5975,0.7294,0.0365,0.5174
iran_dang5_nodiss11,Iranian-17,dft,input_shuffled,5,1729634432,False,0.9659,1,5,0.7157,0.4696,5,0.639,0.3536,0.10145,0.6064,0.7436,0.1691,0.5118
iran_dang5_nodiss11,Iranian-17,dft,input_shuffled,5,1729634432,False,0.9659,2,3,0.9647,-0.0882,3,0.961,0.6507,0.0005,0.6102,0.7507,0.0283,0.4704
iran_dang5_nodiss11,Iranian-17,dft,input_shuffled,5,1729634432,False,0.9659,3,4,0.6991,-2.8425,4,0.6642,0.3344,0.12594,0.6079,0.7474,0.1146,0.4406
iran_dang5_nodiss11,Iranian-17,dft,input_shuffled,5,1729634432,False,0.9659,4,12,0.8967,3.1416,12,0.8967,0.5093,0.0015,0.6106,0.7514,0.1617,0.4473
iran_dang5_nodiss11,Iranian-17,dft,label_shuffled,5,1729634432,False,0.8523,0,11,0.4639,-1.3443,10,0.3842,0.1567,0.98151,0.5796,0.6871,0.1881,0.5138
iran_dang5_nodiss11,Iranian-17,dft,label_shuffled,5,1729634432,False,0.8523,1,2,0.5357,2.8276,2,0.5124,0.2034,0.81559,0.6078,0.7556,0.2959,0.4679
iran_dang5_nodiss11,Iranian-17,dft,label_shuffled,5,1729634432,False,0.8523,2,4,0.6528,0.2329,4,0.6329,0.2969,0.23538,0.6026,0.7331,0.0533,0.4584
iran_dang5_nodiss11,Iranian-17,dft,label_shuffled,5,1729634432,False,0.8523,3,4,0.4884,1.6611,7,0.4135,0.1706,0.96552,0.6026,0.7265,0.0958,0.4492
iran_dang5_nodiss11,Iranian-17,dft,label_shuffled,5,1729634432,False,0.8523,4,8,0.6305,-0.1201,8,0.6253,0.2695,0.35232,0.6096,0.7518,0.1296,0.5105
iran_dang5_nodiss11,Iranian-17,dft,none,5,230872684,False,0.9659,0,5,0.7585,-1.9934,7,0.4237,0.3974,0.04898,0.6115,0.7561,0.1895,0.4952
iran_dang5_nodiss11,Iranian-17,dft,none,5,230872684,False,0.9659,1,5,0.7435,-1.0294,7,0.7041,0.3644,0.04298,0.6039,0.737,0.0547,0.501
iran_dang5_nodiss11,Iranian-17,dft,none,5,230872684,False,0.9659,2,12,0.9341,3.1416,12,0.9341,0.5494,0.0005,0.6092,0.7548,0.1372,0.4253
iran_dang5_nodiss11,Iranian-17,dft,none,5,230872684,False,0.9659,3,12,0.8974,-0.0,12,0.8974,0.5318,0.001,0.6064,0.7522,0.1005,0.4355
iran_dang5_nodiss11,Iranian-17,dft,none,5,230872684,False,0.9659,4,2,0.6782,-0.3338,2,0.6449,0.3115,0.13793,0.5968,0.7206,0.0532,0.4591
iran_dang5_nodiss11,Iranian-17,dft,input_shuffled,5,230872684,False,0.9659,0,12,0.9587,-0.0,12,0.9587,0.5774,0.001,0.6042,0.7453,0.2325,0.4383
iran_dang5_nodiss11,Iranian-17,dft,input_shuffled,5,230872684,False,0.9659,1,3,0.6206,0.8808,2,0.5268,0.2628,0.34133,0.5964,0.7198,0.0568,0.492
iran_dang5_nodiss11,Iranian-17,dft,input_shuffled,5,230872684,False,0.9659,2,12,0.6698,3.1416,12,0.6698,0.2935,0.15942,0.599,0.7298,0.1869,0.4902
iran_dang5_nodiss11,Iranian-17,dft,input_shuffled,5,230872684,False,0.9659,3,7,0.7177,2.7253,7,0.6569,0.3485,0.08096,0.6046,0.7396,0.1302,0.4812
iran_dang5_nodiss11,Iranian-17,dft,input_shuffled,5,230872684,False,0.9659,4,3,0.9544,-1.4584,4,0.2285,0.6393,0.0005,0.6051,0.7385,0.1839,0.5282
iran_dang5_nodiss11,Iranian-17,dft,label_shuffled,5,230872684,False,0.7841,0,5,0.769,-1.1379,5,0.3161,0.4129,0.01849,0.6037,0.7289,0.2256,0.4904
iran_dang5_nodiss11,Iranian-17,dft,label_shuffled,5,230872684,False,0.7841,1,2,0.6417,2.8033,2,0.6093,0.2932,0.24988,0.5959,0.7182,0.295,0.4824
iran_dang5_nodiss11,Iranian-17,dft,label_shuffled,5,230872684,False,0.7841,2,1,0.5062,0.8266,12,0.4634,0.1795,0.91754,0.6059,0.7487,0.1511,0.4974
iran_dang5_nodiss11,Iranian-17,dft,label_shuffled,5,230872684,False,0.7841,3,3,0.7031,2.3744,3,0.519,0.3403,0.11494,0.6073,0.7463,0.203,0.5172
iran_dang5_nodiss11,Iranian-17,dft,label_shuffled,5,230872684,False,0.7841,4,2,0.7411,-2.6824,2,0.6721,0.3884,0.05247,0.6088,0.7438,0.0622,0.4573
iran_dang5_nodiss11,Iranian-17,dft,none,5,1428367448,False,0.9205,0,3,0.878,-2.7567,3,0.8113,0.5324,0.001,0.6044,0.7381,0.0816,0.4536
iran_dang5_nodiss11,Iranian-17,dft,none,5,1428367448,False,0.9205,1,7,0.6139,-0.7534,12,0.5561,0.2557,0.4023,0.6029,0.7367,0.1779,0.5153
iran_dang5_nodiss11,Iranian-17,dft,none,5,1428367448,False,0.9205,2,7,0.7019,2.6762,7,0.6279,0.3459,0.10395,0.6011,0.7364,0.0239,0.5055
iran_dang5_nodiss11,Iranian-17,dft,none,5,1428367448,False,0.9205,3,12,0.9073,3.1416,12,0.9073,0.5202,0.001,0.6085,0.7536,0.1216,0.4524
iran_dang5_nodiss11,Iranian-17,dft,none,5,1428367448,False,0.9205,4,5,0.8266,-0.1517,5,0.8171,0.469,0.004,0.6074,0.7443,0.1975,0.4151
iran_dang5_nodiss11,Iranian-17,dft,input_shuffled,5,1428367448,False,0.9432,0,3,0.9124,0.286,3,0.8743,0.5806,0.0005,0.6043,0.7372,0.1147,0.4857
iran_dang5_nodiss11,Iranian-17,dft,input_shuffled,5,1428367448,False,0.9432,1,12,0.8521,3.1416,12,0.8521,0.4628,0.0025,0.6089,0.7463,0.1552,0.4392
iran_dang5_nodiss11,Iranian-17,dft,input_shuffled,5,1428367448,False,0.9432,2,12,0.9607,-0.0,12,0.9607,0.5838,0.001,0.6074,0.7508,0.142,0.4749
iran_dang5_nodiss11,Iranian-17,dft,input_shuffled,5,1428367448,False,0.9432,3,7,0.6878,-1.323,5,0.4527,0.3266,0.13993,0.6034,0.7417,0.0664,0.4963
iran_dang5_nodiss11,Iranian-17,dft,input_shuffled,5,1428367448,False,0.9432,4,4,0.597,-2.5728,4,0.4935,0.2492,0.48226,0.6013,0.7288,0.064,0.5188
iran_dang5_nodiss11,Iranian-17,dft,label_shuffled,5,1428367448,False,0.7273,0,5,0.68,-0.0486,5,0.6792,0.3168,0.16942,0.6059,0.7449,0.1308,0.4476
iran_dang5_nodiss11,Iranian-17,dft,label_shuffled,5,1428367448,False,0.7273,1,5,0.5898,-2.3283,2,0.4708,0.2453,0.52624,0.6034,0.7406,0.1019,0.464
iran_dang5_nodiss11,Iranian-17,dft,label_shuffled,5,1428367448,False,0.7273,2,11,0.6086,0.3114,11,0.5784,0.2595,0.37881,0.5944,0.7169,0.1922,0.5008
iran_dang5_nodiss11,Iranian-17,dft,label_shuffled,5,1428367448,False,0.7273,3,4,0.6391,1.5497,2,0.4131,0.2938,0.26887,0.5963,0.7289,0.1102,0.4046
iran_dang5_nodiss11,Iranian-17,dft,label_shuffled,5,1428367448,False,0.7273,4,2,0.5616,1.6902,9,0.4332,0.218,0.70765,0.607,0.7411,0.6122,0.5519
iran_dang5_nodiss11,Iranian-17,dft,none,5,186773475,False,0.9545,0,12,0.9506,3.1416,12,0.9506,0.5619,0.001,0.6034,0.7349,0.1421,0.5074
iran_dang5_nodiss11,Iranian-17,dft,none,5,186773475,False,0.9545,1,5,0.864,0.4198,5,0.7897,0.5005,0.001,0.6074,0.741,0.2497,0.4971
iran_dang5_nodiss11,Iranian-17,dft,none,5,186773475,False,0.9545,2,3,0.5736,0.298,3,0.5476,0.2226,0.54123,0.5869,0.7116,0.0873,0.513
iran_dang5_nodiss11,Iranian-17,dft,none,5,186773475,False,0.9545,3,3,0.9283,0.1889,3,0.9115,0.6061,0.0005,0.604,0.739,0.0492,0.4878
iran_dang5_nodiss11,Iranian-17,dft,none,5,186773475,False,0.9545,4,12,0.9024,3.1416,12,0.9024,0.516,0.0005,0.6095,0.7485,0.0954,0.4531
iran_dang5_nodiss11,Iranian-17,dft,input_shuffled,5,186773475,False,0.9432,0,12,0.9235,3.1416,12,0.9235,0.5196,0.001,0.5982,0.7257,0.0546,0.4826
iran_dang5_nodiss11,Iranian-17,dft,input_shuffled,5,186773475,False,0.9432,1,6,0.9731,-2.3852,6,0.8324,0.7691,0.0005,0.6118,0.7572,0.1054,0.4798
iran_dang5_nodiss11,Iranian-17,dft,input_shuffled,5,186773475,False,0.9432,2,6,0.5757,2.5256,6,0.5242,0.2515,0.62569,0.6097,0.7545,0.494,0.4676
iran_dang5_nodiss11,Iranian-17,dft,input_shuffled,5,186773475,False,0.9432,3,3,0.8055,-1.7801,2,0.362,0.4479,0.008,0.6045,0.7376,0.1243,0.4441
iran_dang5_nodiss11,Iranian-17,dft,input_shuffled,5,186773475,False,0.9432,4,12,0.8198,3.1416,12,0.8198,0.4305,0.006,0.6086,0.7497,0.1382,0.4851
iran_dang5_nodiss11,Iranian-17,dft,label_shuffled,5,186773475,False,0.7159,0,4,0.5984,2.8423,4,0.5685,0.2481,0.48176,0.6049,0.7541,0.4823,0.4229
iran_dang5_nodiss11,Iranian-17,dft,label_shuffled,5,186773475,False,0.7159,1,6,0.6846,1.222,11,0.4994,0.3066,0.13543,0.6019,0.7338,0.0057,0.44
iran_dang5_nodiss11,Iranian-17,dft,label_shuffled,5,186773475,False,0.7159,2,9,0.6876,0.2172,9,0.6719,0.3294,0.13543,0.6035,0.7381,0.2854,0.504
iran_dang5_nodiss11,Iranian-17,dft,label_shuffled,5,186773475,False,0.7159,3,5,0.6082,1.3713,2,0.4085,0.262,0.43678,0.606,0.7427,0.201,0.4713
iran_dang5_nodiss11,Iranian-17,dft,label_shuffled,5,186773475,False,0.7159,4,2,0.5799,-2.8815,2,0.5626,0.2363,0.57871,0.6038,0.7392,0.1328,0.427
iran_dang5_nodiss11,Iranian-17,dft,none,5,1021404891,False,0.9773,0,9,0.6112,1.3518,10,0.3981,0.266,0.3973,0.5983,0.7319,0.0883,0.4527
iran_dang5_nodiss11,Iranian-17,dft,none,5,1021404891,False,0.9773,1,12,0.9893,-0.0,12,0.9893,0.6077,0.0005,0.6057,0.7453,0.108,0.4079
iran_dang5_nodiss11,Iranian-17,dft,none,5,1021404891,False,0.9773,2,3,0.9342,-3.0074,3,0.9257,0.6103,0.0005,0.6055,0.7286,0.1102,0.4643
iran_dang5_nodiss11,Iranian-17,dft,none,5,1021404891,False,0.9773,3,7,0.7965,-0.7359,7,0.5931,0.4276,0.009,0.6029,0.7359,0.0568,0.5055
iran_dang5_nodiss11,Iranian-17,dft,none,5,1021404891,False,0.9773,4,9,0.5709,-2.0207,2,0.5379,0.2366,0.66917,0.6079,0.7477,0.1708,0.4639
iran_dang5_nodiss11,Iranian-17,dft,input_shuffled,5,1021404891,False,0.9545,0,3,0.5845,-0.7937,3,0.4214,0.2391,0.58271,0.6065,0.7354,0.2307,0.4895
iran_dang5_nodiss11,Iranian-17,dft,input_shuffled,5,1021404891,False,0.9545,1,12,0.897,-0.0,12,0.897,0.5098,0.001,0.612,0.7492,0.1102,0.4467
iran_dang5_nodiss11,Iranian-17,dft,input_shuffled,5,1021404891,False,0.9545,2,3,0.955,0.2079,3,0.934,0.6394,0.0005,0.6049,0.7378,0.0545,0.47
iran_dang5_nodiss11,Iranian-17,dft,input_shuffled,5,1021404891,False,0.9545,3,7,0.6523,-0.8194,5,0.5778,0.2999,0.25887,0.6071,0.7513,0.2119,0.53
iran_dang5_nodiss11,Iranian-17,dft,input_shuffled,5,1021404891,False,0.9545,4,3,0.5477,0.0568,3,0.5468,0.2099,0.73263,0.5886,0.6966,0.3067,0.4726
iran_dang5_nodiss11,Iranian-17,dft,label_shuffled,5,1021404891,False,0.7273,0,4,0.5451,3.048,4,0.5424,0.2112,0.75562,0.5973,0.7295,0.1554,0.4667
iran_dang5_nodiss11,Iranian-17,dft,label_shuffled,5,1021404891,False,0.7273,1,6,0.6376,0.601,6,0.5836,0.3025,0.31084,0.6063,0.7376,0.1473,0.4798
iran_dang5_nodiss11,Iranian-17,dft,label_shuffled,5,1021404891,False,0.7273,2,4,0.5971,2.0668,2,0.3564,0.24,0.30385,0.5692,0.6852,0.1914,0.4475
iran_dang5_nodiss11,Iranian-17,dft,label_shuffled,5,1021404891,False,0.7273,3,4,0.5174,-2.3818,10,0.4159,0.1858,0.86857,0.5915,0.7159,0.0182,0.4555
iran_dang5_nodiss11,Iranian-17,dft,label_shuffled,5,1021404891,False,0.7273,4,4,0.5922,1.3232,3,0.3707,0.2459,0.44728,0.5873,0.6962,0.0052,0.4907
iran_dang5_nodiss11,Iranian-17,dft,none,5,1590492597,False,0.9545,0,7,0.5509,-0.381,2,0.5226,0.2129,0.72164,0.5978,0.7274,0.0359,0.4898
iran_dang5_nodiss11,Iranian-17,dft,none,5,1590492597,False,0.9545,1,3,0.8738,-0.0338,3,0.8733,0.5426,0.0005,0.5983,0.7291,0.0331,0.4724
iran_dang5_nodiss11,Iranian-17,dft,none,5,1590492597,False,0.9545,2,12,0.6424,3.1416,12,0.6424,0.2727,0.26687,0.6017,0.7331,0.0188,0.4841
iran_dang5_nodiss11,Iranian-17,dft,none,5,1590492597,False,0.9545,3,12,0.9337,-0.0,12,0.9337,0.5629,0.001,0.6092,0.7531,0.0263,0.4345
iran_dang5_nodiss11,Iranian-17,dft,none,5,1590492597,False,0.9545,4,12,0.8846,-0.0,12,0.8846,0.4982,0.001,0.6067,0.747,0.0341,0.5205
iran_dang5_nodiss11,Iranian-17,dft,input_shuffled,5,1590492597,False,0.9659,0,7,0.8084,-0.8916,7,0.5121,0.4413,0.01049,0.6008,0.7376,0.2666,0.455
iran_dang5_nodiss11,Iranian-17,dft,input_shuffled,5,1590492597,False,0.9659,1,3,0.8916,-2.983,3,0.8802,0.5584,0.0005,0.6035,0.735,0.0992,0.3996
iran_dang5_nodiss11,Iranian-17,dft,input_shuffled,5,1590492597,False,0.9659,2,12,0.9658,-0.0,12,0.9658,0.5774,0.0005,0.6041,0.7334,0.0393,0.475
iran_dang5_nodiss11,Iranian-17,dft,input_shuffled,5,1590492597,False,0.9659,3,4,0.5457,2.8734,4,0.5237,0.1985,0.78561,0.6078,0.7428,0.1558,0.4605
iran_dang5_nodiss11,Iranian-17,dft,input_shuffled,5,1590492597,False,0.9659,4,12,0.9591,-0.0,12,0.9591,0.5774,0.0005,0.6065,0.7388,0.0963,0.4419
iran_dang5_nodiss11,Iranian-17,dft,label_shuffled,5,1590492597,False,0.75,0,11,0.4869,0.4737,2,0.4716,0.1666,0.97951,0.6093,0.7439,0.2404,0.4604
iran_dang5_nodiss11,Iranian-17,dft,label_shuffled,5,1590492597,False,0.75,1,6,0.6247,-1.3192,11,0.4529,0.2483,0.33383,0.5981,0.7241,0.1486,0.488
iran_dang5_nodiss11,Iranian-17,dft,label_shuffled,5,1590492597,False,0.75,2,11,0.7168,2.7128,11,0.655,0.3566,0.09495,0.6062,0.7489,0.4189,0.502
iran_dang5_nodiss11,Iranian-17,dft,label_shuffled,5,1590492597,False,0.75,3,2,0.5939,-0.163,2,0.5869,0.2385,0.47926,0.5952,0.7194,0.0212,0.509
iran_dang5_nodiss11,Iranian-17,dft,label_shuffled,5,1590492597,False,0.75,4,8,0.7163,-1.0251,8,0.3549,0.3555,0.07746,0.6033,0.7437,0.2577,0.4701
iran_dang5_nodiss11,Iranian-17,dft,none,5,339253915,False,0.9318,0,7,0.6963,2.0417,8,0.3773,0.325,0.12744,0.6033,0.7427,0.1412,0.4778
iran_dang5_nodiss11,Iranian-17,dft,none,5,339253915,False,0.9318,1,12,0.988,3.1416,12,0.988,0.6089,0.0015,0.6063,0.7467,0.0984,0.4822
iran_dang5_nodiss11,Iranian-17,dft,none,5,339253915,False,0.9318,2,3,0.9319,-2.819,3,0.8823,0.6038,0.0005,0.6028,0.7402,0.0659,0.4707
iran_dang5_nodiss11,Iranian-17,dft,none,5,339253915,False,0.9318,3,12,0.8146,-0.0,12,0.8146,0.4306,0.007,0.6047,0.7399,0.0646,0.4953
iran_dang5_nodiss11,Iranian-17,dft,none,5,339253915,False,0.9318,4,5,0.8806,2.8665,5,0.8473,0.5309,0.0005,0.606,0.7431,0.1016,0.4487
iran_dang5_nodiss11,Iranian-17,dft,input_shuffled,5,339253915,False,0.9773,0,5,0.6217,-0.3472,5,0.5843,0.2656,0.34633,0.5971,0.7236,0.0785,0.476
iran_dang5_nodiss11,Iranian-17,dft,input_shuffled,5,339253915,False,0.9773,1,7,0.7315,-0.5942,7,0.6076,0.3629,0.06047,0.6022,0.7395,0.2091,0.5098
iran_dang5_nodiss11,Iranian-17,dft,input_shuffled,5,339253915,False,0.9773,2,3,0.9767,-3.0486,3,0.9724,0.6647,0.0005,0.6081,0.7451,0.0138,0.4608
iran_dang5_nodiss11,Iranian-17,dft,input_shuffled,5,339253915,False,0.9773,3,12,0.7969,-0.0,12,0.7969,0.4143,0.01049,0.6034,0.742,0.0456,0.4649
iran_dang5_nodiss11,Iranian-17,dft,input_shuffled,5,339253915,False,0.9773,4,12,0.9582,-0.0,12,0.9582,0.5678,0.0005,0.6082,0.7491,0.1112,0.5178
iran_dang5_nodiss11,Iranian-17,dft,label_shuffled,5,339253915,False,0.8068,0,6,0.4425,-0.3373,6,0.4317,0.1461,0.996,0.5884,0.7098,0.2685,0.493
iran_dang5_nodiss11,Iranian-17,dft,label_shuffled,5,339253915,False,0.8068,1,2,0.6693,-1.4197,1,0.3945,0.2918,0.10245,0.5798,0.7034,0.4215,0.4384
iran_dang5_nodiss11,Iranian-17,dft,label_shuffled,5,339253915,False,0.8068,2,5,0.7522,0.3496,5,0.7071,0.383,0.03598,0.6043,0.7372,0.0174,0.5149
iran_dang5_nodiss11,Iranian-17,dft,label_shuffled,5,339253915,False,0.8068,3,8,0.7086,1.4705,11,0.3942,0.3705,0.04748,0.5863,0.7074,0.0982,0.4792
iran_dang5_nodiss11,Iranian-17,dft,label_shuffled,5,339253915,False,0.8068,4,7,0.5751,-2.8998,7,0.5583,0.2389,0.62369,0.6077,0.7531,0.0497,0.4779
iran_dang5_nodiss11,Iranian-17,dft,none,5,1548689987,False,0.8523,0,3,0.9041,-1.3177,3,0.2714,0.5654,0.0005,0.6051,0.7476,0.3215,0.5023
iran_dang5_nodiss11,Iranian-17,dft,none,5,1548689987,False,0.8523,1,5,0.6318,0.4579,12,0.6077,0.2661,0.06697,0.5465,0.6397,0.0686,0.4431
iran_dang5_nodiss11,Iranian-17,dft,none,5,1548689987,False,0.8523,2,7,0.7898,-0.7908,7,0.5586,0.4295,0.005,0.5947,0.7169,0.2477,0.4964
iran_dang5_nodiss11,Iranian-17,dft,none,5,1548689987,False,0.8523,3,7,0.5801,0.0768,7,0.5784,0.2347,0.49775,0.5837,0.6942,0.1433,0.4521
iran_dang5_nodiss11,Iranian-17,dft,none,5,1548689987,False,0.8523,4,7,0.909,1.5789,12,0.3241,0.5677,0.0005,0.6047,0.7421,0.0848,0.4635
iran_dang5_nodiss11,Iranian-17,dft,input_shuffled,5,1548689987,False,0.9545,0,12,0.9881,-0.0,12,0.9881,0.6055,0.0015,0.6081,0.7444,0.0993,0.5108
iran_dang5_nodiss11,Iranian-17,dft,input_shuffled,5,1548689987,False,0.9545,1,7,0.8882,-0.911,7,0.5493,0.5307,0.0005,0.6054,0.737,0.1045,0.5151
iran_dang5_nodiss11,Iranian-17,dft,input_shuffled,5,1548689987,False,0.9545,2,3,0.9079,1.4944,2,0.2058,0.5793,0.0005,0.5975,0.7203,0.2461,0.4795
iran_dang5_nodiss11,Iranian-17,dft,input_shuffled,5,1548689987,False,0.9545,3,7,0.6897,1.3385,12,0.5709,0.3119,0.15792,0.6078,0.7521,0.1208,0.4619
iran_dang5_nodiss11,Iranian-17,dft,input_shuffled,5,1548689987,False,0.9545,4,2,0.7104,-1.856,8,0.3626,0.3401,0.10195,0.6063,0.7442,0.2705,0.5067
iran_dang5_nodiss11,Iranian-17,dft,label_shuffled,5,1548689987,False,0.8523,0,4,0.5697,2.0614,9,0.3499,0.229,0.63968,0.6045,0.7471,0.2462,0.4608
iran_dang5_nodiss11,Iranian-17,dft,label_shuffled,5,1548689987,False,0.8523,1,3,0.5367,-0.6832,5,0.5236,0.202,0.8001,0.5993,0.7322,0.0853,0.4709
iran_dang5_nodiss11,Iranian-17,dft,label_shuffled,5,1548689987,False,0.8523,2,5,0.6627,0.9037,9,0.4242,0.3038,0.1909,0.5978,0.7244,0.268,0.437
iran_dang5_nodiss11,Iranian-17,dft,label_shuffled,5,1548689987,False,0.8523,3,6,0.659,2.1028,6,0.4454,0.3023,0.22489,0.6028,0.7432,0.0878,0.4709
iran_dang5_nodiss11,Iranian-17,dft,label_shuffled,5,1548689987,False,0.8523,4,9,0.5029,0.2586,9,0.4867,0.1875,0.93553,0.61,0.748,0.3319,0.4994
iran_dang5_nodiss11,Iranian-17,dft,none,5,1724228526,False,0.9659,0,12,0.9286,3.1416,12,0.9286,0.5371,0.0005,0.6049,0.7446,0.2311,0.4529
iran_dang5_nodiss11,Iranian-17,dft,none,5,1724228526,False,0.9659,1,5,0.8623,-0.8715,5,0.5507,0.5091,0.002,0.6079,0.7484,0.0431,0.4873
iran_dang5_nodiss11,Iranian-17,dft,none,5,1724228526,False,0.9659,2,3,0.5185,0.7683,3,0.3631,0.1841,0.85907,0.5918,0.7111,0.0381,0.4361
iran_dang5_nodiss11,Iranian-17,dft,none,5,1724228526,False,0.9659,3,3,0.9618,-1.4244,8,0.1962,0.654,0.0005,0.6049,0.7379,0.2413,0.5115
iran_dang5_nodiss11,Iranian-17,dft,none,5,1724228526,False,0.9659,4,7,0.8558,-0.7953,12,0.7987,0.4711,0.0015,0.6084,0.7507,0.0438,0.4544
iran_dang5_nodiss11,Iranian-17,dft,input_shuffled,5,1724228526,False,0.9659,0,3,0.9479,1.6642,8,0.2165,0.627,0.0005,0.6074,0.7459,0.2637,0.4959
iran_dang5_nodiss11,Iranian-17,dft,input_shuffled,5,1724228526,False,0.9659,1,3,0.5449,-1.1205,11,0.4028,0.2056,0.76312,0.5972,0.7242,0.0875,0.4651
iran_dang5_nodiss11,Iranian-17,dft,input_shuffled,5,1724228526,False,0.9659,2,9,0.5431,-2.966,9,0.5349,0.2036,0.76012,0.5862,0.6878,0.2365,0.4242
iran_dang5_nodiss11,Iranian-17,dft,input_shuffled,5,1724228526,False,0.9659,3,12,0.8002,3.1416,12,0.8002,0.4112,0.0055,0.5969,0.7286,0.2352,0.4689
iran_dang5_nodiss11,Iranian-17,dft,input_shuffled,5,1724228526,False,0.9659,4,7,0.7492,-1.0082,7,0.4047,0.3807,0.05897,0.6101,0.7571,0.008,0.4713
iran_dang5_nodiss11,Iranian-17,dft,label_shuffled,5,1724228526,False,0.8068,0,8,0.5441,2.0225,4,0.5071,0.2099,0.76712,0.6025,0.7425,0.0263,0.4718
iran_dang5_nodiss11,Iranian-17,dft,label_shuffled,5,1724228526,False,0.8068,1,6,0.615,-1.0355,6,0.4174,0.2658,0.38481,0.6008,0.7298,0.4249,0.4926
iran_dang5_nodiss11,Iranian-17,dft,label_shuffled,5,1724228526,False,0.8068,2,3,0.548,1.8824,2,0.3966,0.213,0.74913,0.6039,0.7426,0.0268,0.4895
iran_dang5_nodiss11,Iranian-17,dft,label_shuffled,5,1724228526,False,0.8068,3,4,0.5444,-2.3787,4,0.3816,0.2154,0.77861,0.6016,0.7281,0.3826,0.4689
iran_dang5_nodiss11,Iranian-17,dft,label_shuffled,5,1724228526,False,0.8068,4,2,0.5877,-0.9914,12,0.3416,0.2376,0.47976,0.5893,0.7065,0.0509,0.4493
iran_dang5_nodiss11,Iranian-17,dft,none,5,1667360236,False,0.8977,0,5,0.728,0.0079,5,0.728,0.3655,0.07996,0.6085,0.7489,0.2068,0.4736
iran_dang5_nodiss11,Iranian-17,dft,none,5,1667360236,False,0.8977,1,5,0.535,-1.1726,8,0.3657,0.2015,0.81659,0.6037,0.7377,0.1634,0.5168
iran_dang5_nodiss11,Iranian-17,dft,none,5,1667360236,False,0.8977,2,3,0.7987,-1.3289,3,0.2315,0.4521,0.01149,0.6056,0.7438,0.2216,0.5144
iran_dang5_nodiss11,Iranian-17,dft,none,5,1667360236,False,0.8977,3,12,0.887,3.1416,12,0.887,0.4714,0.0005,0.5926,0.7087,0.0572,0.4605
iran_dang5_nodiss11,Iranian-17,dft,none,5,1667360236,False,0.8977,4,5,0.6913,1.4054,12,0.631,0.3152,0.14043,0.6075,0.742,0.1452,0.5476
iran_dang5_nodiss11,Iranian-17,dft,input_shuffled,5,1667360236,False,0.9432,0,12,0.8602,-0.0,12,0.8602,0.4715,0.0005,0.6001,0.7329,0.0887,0.4926
iran_dang5_nodiss11,Iranian-17,dft,input_shuffled,5,1667360236,False,0.9432,1,2,0.68,0.5068,2,0.603,0.3172,0.2004,0.6117,0.7613,0.179,0.4697
iran_dang5_nodiss11,Iranian-17,dft,input_shuffled,5,1667360236,False,0.9432,2,7,0.7952,-0.5806,7,0.6663,0.4262,0.004,0.5854,0.7102,0.035,0.4913
iran_dang5_nodiss11,Iranian-17,dft,input_shuffled,5,1667360236,False,0.9432,3,3,0.9426,-1.3759,4,0.2882,0.6239,0.0005,0.6077,0.7494,0.2605,0.4656
iran_dang5_nodiss11,Iranian-17,dft,input_shuffled,5,1667360236,False,0.9432,4,7,0.8656,-0.8521,7,0.574,0.5084,0.001,0.6084,0.7433,0.009,0.5232
iran_dang5_nodiss11,Iranian-17,dft,label_shuffled,5,1667360236,False,0.7159,0,7,0.6243,0.7049,2,0.4946,0.2716,0.33883,0.6031,0.7363,0.2207,0.5017
iran_dang5_nodiss11,Iranian-17,dft,label_shuffled,5,1667360236,False,0.7159,1,2,0.5683,0.2042,2,0.5578,0.23,0.63218,0.6012,0.7364,0.1086,0.482
iran_dang5_nodiss11,Iranian-17,dft,label_shuffled,5,1667360236,False,0.7159,2,4,0.4887,0.6025,4,0.3943,0.1719,0.96202,0.6095,0.7517,0.4532,0.4414
iran_dang5_nodiss11,Iranian-17,dft,label_shuffled,5,1667360236,False,0.7159,3,6,0.6206,-1.4073,12,0.4561,0.2416,0.4078,0.6098,0.7555,0.1115,0.4349
iran_dang5_nodiss11,Iranian-17,dft,label_shuffled,5,1667360236,False,0.7159,4,8,0.6222,-2.2137,4,0.4106,0.2649,0.34233,0.6,0.7298,0.2536,0.4557
iran_dang5_nodiss11,Iranian-17,dft,none,5,1378800658,False,0.8977,0,3,0.902,0.1979,3,0.8841,0.571,0.0005,0.6049,0.7434,0.0509,0.4451
iran_dang5_nodiss11,Iranian-17,dft,none,5,1378800658,False,0.8977,1,12,0.8445,3.1416,12,0.8445,0.4574,0.0035,0.6065,0.7464,0.086,0.4545
iran_dang5_nodiss11,Iranian-17,dft,none,5,1378800658,False,0.8977,2,12,0.8563,3.1416,12,0.8563,0.4682,0.001,0.5975,0.7292,0.1526,0.4386
iran_dang5_nodiss11,Iranian-17,dft,none,5,1378800658,False,0.8977,3,7,0.8773,2.3364,7,0.6116,0.5221,0.0005,0.6056,0.742,0.1125,0.4605
iran_dang5_nodiss11,Iranian-17,dft,none,5,1378800658,False,0.8977,4,3,0.5708,2.7645,3,0.5323,0.2273,0.63618,0.6061,0.753,0.1458,0.48
iran_dang5_nodiss11,Iranian-17,dft,input_shuffled,5,1378800658,False,0.8636,0,12,0.902,-0.0,12,0.902,0.5138,0.0005,0.5969,0.7229,0.1182,0.4361
iran_dang5_nodiss11,Iranian-17,dft,input_shuffled,5,1378800658,False,0.8636,1,11,0.7303,2.8379,11,0.6981,0.3585,0.07596,0.6112,0.7543,0.3032,0.4313
iran_dang5_nodiss11,Iranian-17,dft,input_shuffled,5,1378800658,False,0.8636,2,3,0.9234,-2.9139,3,0.8991,0.5988,0.0005,0.6043,0.7411,0.1175,0.5313
iran_dang5_nodiss11,Iranian-17,dft,input_shuffled,5,1378800658,False,0.8636,3,5,0.9692,-1.0656,5,0.4618,0.6403,0.0005,0.6107,0.7559,0.0599,0.4538
iran_dang5_nodiss11,Iranian-17,dft,input_shuffled,5,1378800658,False,0.8636,4,7,0.6025,-0.802,12,0.5076,0.2561,0.41379,0.5932,0.7179,0.0764,0.4803
iran_dang5_nodiss11,Iranian-17,dft,label_shuffled,5,1378800658,False,0.8295,0,9,0.569,0.719,7,0.4551,0.2271,0.63968,0.6014,0.7304,0.0346,0.4607
iran_dang5_nodiss11,Iranian-17,dft,label_shuffled,5,1378800658,False,0.8295,1,4,0.7881,-1.9196,5,0.4292,0.446,0.03398,0.6138,0.7702,0.124,0.4769
iran_dang5_nodiss11,Iranian-17,dft,label_shuffled,5,1378800658,False,0.8295,2,12,0.6219,3.1416,12,0.6219,0.2553,0.36532,0.6042,0.7368,0.424,0.4647
iran_dang5_nodiss11,Iranian-17,dft,label_shuffled,5,1378800658,False,0.8295,3,7,0.7418,-1.2723,10,0.3796,0.375,0.05997,0.6115,0.7513,0.0476,0.4809
iran_dang5_nodiss11,Iranian-17,dft,label_shuffled,5,1378800658,False,0.8295,4,2,0.7074,1.7055,4,0.2173,0.3283,0.06647,0.5935,0.7207,0.1338,0.4578
iran_dang5_nodiss11,Iranian-17,dft,none,5,1332824884,False,0.9318,0,5,0.6965,-0.6172,7,0.6146,0.3277,0.11244,0.6015,0.7385,0.0274,0.4531
iran_dang5_nodiss11,Iranian-17,dft,none,5,1332824884,False,0.9318,1,12,0.9569,3.1416,12,0.9569,0.5769,0.0005,0.6017,0.7344,0.0754,0.4592
iran_dang5_nodiss11,Iranian-17,dft,none,5,1332824884,False,0.9318,2,9,0.7877,1.3458,4,0.377,0.431,0.0055,0.5951,0.7142,0.1807,0.4936
iran_dang5_nodiss11,Iranian-17,dft,none,5,1332824884,False,0.9318,3,5,0.738,-1.4463,10,0.3716,0.3756,0.05497,0.6039,0.7432,0.102,0.4583
iran_dang5_nodiss11,Iranian-17,dft,none,5,1332824884,False,0.9318,4,3,0.8732,3.059,3,0.8703,0.5428,0.001,0.5979,0.7244,0.0488,0.491
iran_dang5_nodiss11,Iranian-17,dft,input_shuffled,5,1332824884,False,0.9091,0,5,0.7514,-0.3424,5,0.7075,0.384,0.04498,0.6069,0.7449,0.0471,0.4979
iran_dang5_nodiss11,Iranian-17,dft,input_shuffled,5,1332824884,False,0.9091,1,7,0.5473,-0.8766,2,0.5084,0.208,0.74713,0.5976,0.7259,0.0407,0.4708
iran_dang5_nodiss11,Iranian-17,dft,input_shuffled,5,1332824884,False,0.9091,2,3,0.8769,-3.0338,3,0.8718,0.5462,0.0015,0.6057,0.7467,0.0318,0.5024
iran_dang5_nodiss11,Iranian-17,dft,input_shuffled,5,1332824884,False,0.9091,3,12,0.9706,3.1416,12,0.9706,0.5844,0.0005,0.6057,0.7444,0.1273,0.4601
iran_dang5_nodiss11,Iranian-17,dft,input_shuffled,5,1332824884,False,0.9091,4,5,0.6161,0.7526,5,0.4519,0.2505,0.38481,0.6015,0.7357,0.255,0.5426
iran_dang5_nodiss11,Iranian-17,dft,label_shuffled,5,1332824884,False,0.7955,0,2,0.8003,1.418,12,0.3268,0.4372,0.01799,0.6058,0.7453,0.4622,0.4877
iran_dang5_nodiss11,Iranian-17,dft,label_shuffled,5,1332824884,False,0.7955,1,4,0.7355,2.8566,4,0.7021,0.3655,0.05347,0.6026,0.7401,0.0061,0.4505
iran_dang5_nodiss11,Iranian-17,dft,label_shuffled,5,1332824884,False,0.7955,2,3,0.5661,1.3783,4,0.4426,0.2081,0.66817,0.6104,0.7601,0.0436,0.4744
iran_dang5_nodiss11,Iranian-17,dft,label_shuffled,5,1332824884,False,0.7955,3,6,0.6819,0.9095,6,0.5261,0.3312,0.13793,0.5999,0.7314,0.1054,0.4698
iran_dang5_nodiss11,Iranian-17,dft,label_shuffled,5,1332824884,False,0.7955,4,2,0.5831,-2.7044,2,0.5339,0.2456,0.58771,0.6086,0.7508,0.3212,0.4772
iran_dang5_nodiss11,Iranian-17,dft,none,5,690284834,False,0.9773,0,12,0.9158,3.1416,12,0.9158,0.5161,0.0005,0.6,0.725,0.0138,0.558
iran_dang5_nodiss11,Iranian-17,dft,none,5,690284834,False,0.9773,1,12,0.8589,3.1416,12,0.8589,0.4682,0.0025,0.6072,0.7465,0.2396,0.5481
iran_dang5_nodiss11,Iranian-17,dft,none,5,690284834,False,0.9773,2,3,0.9113,-3.041,3,0.9067,0.5845,0.0005,0.6015,0.7372,0.0456,0.4947
iran_dang5_nodiss11,Iranian-17,dft,none,5,690284834,False,0.9773,3,2,0.6197,0.8567,4,0.4956,0.2714,0.35582,0.5998,0.7263,0.2369,0.5215
iran_dang5_nodiss11,Iranian-17,dft,none,5,690284834,False,0.9773,4,7,0.8927,-0.8139,7,0.6168,0.5421,0.0005,0.6008,0.7275,0.3352,0.4906
iran_dang5_nodiss11,Iranian-17,dft,input_shuffled,5,690284834,False,0.8068,0,3,0.5921,-3.1122,3,0.5918,0.2454,0.51774,0.6054,0.7482,0.0465,0.4363
iran_dang5_nodiss11,Iranian-17,dft,input_shuffled,5,690284834,False,0.8068,1,10,0.6749,2.964,10,0.6655,0.3189,0.12994,0.5912,0.724,0.1017,0.4567
iran_dang5_nodiss11,Iranian-17,dft,input_shuffled,5,690284834,False,0.8068,2,12,0.9716,-0.0,12,0.9716,0.5849,0.0005,0.6065,0.7438,0.0789,0.508
iran_dang5_nodiss11,Iranian-17,dft,input_shuffled,5,690284834,False,0.8068,3,3,0.9302,0.2209,3,0.9071,0.6056,0.0005,0.6042,0.7462,0.0294,0.4652
iran_dang5_nodiss11,Iranian-17,dft,input_shuffled,5,690284834,False,0.8068,4,2,0.6423,1.8667,11,0.3274,0.2892,0.26487,0.6013,0.7365,0.3513,0.4609
iran_dang5_nodiss11,Iranian-17,dft,label_shuffled,5,690284834,False,0.7159,0,8,0.6542,3.0013,8,0.6469,0.2885,0.22639,0.6006,0.7362,0.1044,0.4533
iran_dang5_nodiss11,Iranian-17,dft,label_shuffled,5,690284834,False,0.7159,1,6,0.5752,1.305,8,0.4041,0.2178,0.56872,0.5945,0.7169,0.0359,0.4678
iran_dang5_nodiss11,Iranian-17,dft,label_shuffled,5,690284834,False,0.7159,2,1,0.6756,0.0894,1,0.673,0.289,0.18491,0.6069,0.7464,0.0408,0.5078
iran_dang5_nodiss11,Iranian-17,dft,label_shuffled,5,690284834,False,0.7159,3,6,0.6013,-2.173,10,0.5492,0.2644,0.46327,0.6035,0.7484,0.0735,0.4673
iran_dang5_nodiss11,Iranian-17,dft,label_shuffled,5,690284834,False,0.7159,4,6,0.5486,-1.2837,4,0.4285,0.1999,0.72514,0.5946,0.7167,0.0981,0.402
iran_dang5_nodiss11,Iranian-17,dft,none,5,1421287095,False,0.9886,0,5,0.7618,-0.2845,5,0.731,0.3938,0.04348,0.6129,0.7512,0.0869,0.5409
iran_dang5_nodiss11,Iranian-17,dft,none,5,1421287095,False,0.9886,1,7,0.5879,-0.7003,5,0.5089,0.2457,0.51424,0.5987,0.7304,0.1815,0.4546
iran_dang5_nodiss11,Iranian-17,dft,none,5,1421287095,False,0.9886,2,12,0.8207,3.1416,12,0.8207,0.434,0.01299,0.6083,0.7532,0.1118,0.4879
iran_dang5_nodiss11,Iranian-17,dft,none,5,1421287095,False,0.9886,3,3,0.9282,0.1909,3,0.911,0.6038,0.0005,0.6029,0.7436,0.0792,0.4844
iran_dang5_nodiss11,Iranian-17,dft,none,5,1421287095,False,0.9886,4,12,0.991,-0.0,12,0.991,0.6078,0.0005,0.6069,0.7379,0.0302,0.4519
iran_dang5_nodiss11,Iranian-17,dft,input_shuffled,5,1421287095,False,0.9318,0,2,0.6855,0.7555,2,0.5134,0.3219,0.11994,0.5964,0.7261,0.0558,0.4961
iran_dang5_nodiss11,Iranian-17,dft,input_shuffled,5,1421287095,False,0.9318,1,7,0.7332,-0.6082,7,0.6032,0.3663,0.07946,0.6094,0.7532,0.0048,0.4522
iran_dang5_nodiss11,Iranian-17,dft,input_shuffled,5,1421287095,False,0.9318,2,12,0.9896,-0.0,12,0.9896,0.6105,0.0005,0.6081,0.7445,0.1027,0.4267
iran_dang5_nodiss11,Iranian-17,dft,input_shuffled,5,1421287095,False,0.9318,3,12,0.8511,-0.0,12,0.8511,0.4621,0.005,0.6073,0.7512,0.0244,0.4521
iran_dang5_nodiss11,Iranian-17,dft,input_shuffled,5,1421287095,False,0.9318,4,3,0.9486,0.2114,3,0.927,0.6317,0.0005,0.6022,0.7355,0.0214,0.511
iran_dang5_nodiss11,Iranian-17,dft,label_shuffled,5,1421287095,False,0.6477,0,3,0.769,-0.8722,3,0.5134,0.4281,0.02299,0.6034,0.7407,0.0572,0.471
iran_dang5_nodiss11,Iranian-17,dft,label_shuffled,5,1421287095,False,0.6477,1,11,0.5602,0.2316,11,0.5449,0.2173,0.64118,0.5903,0.7097,0.3752,0.4217
iran_dang5_nodiss11,Iranian-17,dft,label_shuffled,5,1421287095,False,0.6477,2,2,0.6147,0.5821,2,0.5228,0.262,0.43678,0.6094,0.7493,0.0789,0.5172
iran_dang5_nodiss11,Iranian-17,dft,label_shuffled,5,1421287095,False,0.6477,3,1,0.6121,2.159,10,0.368,0.2556,0.44278,0.6084,0.7471,0.1818,0.3978
iran_dang5_nodiss11,Iranian-17,dft,label_shuffled,5,1421287095,False,0.6477,4,4,0.5294,2.9963,4,0.5231,0.2044,0.85757,0.61,0.7545,0.4106,0.5188
iran_dang5_nodiss11,Iranian-17,dft,none,5,239634608,False,0.9205,0,12,0.9894,3.1416,12,0.9894,0.6077,0.001,0.6114,0.7512,0.0908,0.4496
iran_dang5_nodiss11,Iranian-17,dft,none,5,239634608,False,0.9205,1,3,0.956,1.6856,8,0.256,0.6396,0.0005,0.6065,0.7448,0.2407,0.5349
iran_dang5_nodiss11,Iranian-17,dft,none,5,239634608,False,0.9205,2,7,0.8995,-0.662,7,0.7118,0.5528,0.0005,0.5962,0.7288,0.0162,0.4846
iran_dang5_nodiss11,Iranian-17,dft,none,5,239634608,False,0.9205,3,8,0.6007,-1.2235,2,0.4973,0.2589,0.42979,0.5953,0.7209,0.1748,0.4598
iran_dang5_nodiss11,Iranian-17,dft,none,5,239634608,False,0.9205,4,2,0.5418,0.6137,2,0.4518,0.2052,0.76762,0.5994,0.7375,0.0897,0.487
iran_dang5_nodiss11,Iranian-17,dft,input_shuffled,5,239634608,False,0.9205,0,5,0.8131,1.8048,12,0.553,0.4361,0.01049,0.6098,0.7506,0.0535,0.4673
iran_dang5_nodiss11,Iranian-17,dft,input_shuffled,5,239634608,False,0.9205,1,12,0.9732,3.1416,12,0.9732,0.5944,0.0005,0.6089,0.7465,0.0893,0.4197
iran_dang5_nodiss11,Iranian-17,dft,input_shuffled,5,239634608,False,0.9205,2,8,0.5433,-2.9683,8,0.5341,0.1978,0.77161,0.5996,0.7313,0.1552,0.5396
iran_dang5_nodiss11,Iranian-17,dft,input_shuffled,5,239634608,False,0.9205,3,12,0.7922,3.1416,12,0.7922,0.4081,0.01249,0.6037,0.7342,0.3065,0.4849
iran_dang5_nodiss11,Iranian-17,dft,input_shuffled,5,239634608,False,0.9205,4,3,0.9293,-1.2445,3,0.3411,0.6079,0.0005,0.6078,0.751,0.2875,0.4756
iran_dang5_nodiss11,Iranian-17,dft,label_shuffled,5,239634608,False,0.8295,0,10,0.534,2.5536,10,0.4526,0.2044,0.8046,0.6009,0.7405,0.2354,0.4296
iran_dang5_nodiss11,Iranian-17,dft,label_shuffled,5,239634608,False,0.8295,1,4,0.5982,2.2385,6,0.3821,0.257,0.50925,0.6078,0.7433,0.0893,0.4919
iran_dang5_nodiss11,Iranian-17,dft,label_shuffled,5,239634608,False,0.8295,2,8,0.5118,1.653,2,0.4109,0.1957,0.91504,0.6105,0.7549,0.0321,0.4488
iran_dang5_nodiss11,Iranian-17,dft,label_shuffled,5,239634608,False,0.8295,3,10,0.6521,1.4404,4,0.472,0.2932,0.1924,0.5932,0.7181,0.2111,0.4496
iran_dang5_nodiss11,Iranian-17,dft,label_shuffled,5,239634608,False,0.8295,4,2,0.5778,-2.583,2,0.4983,0.2423,0.58921,0.6041,0.7386,0.1288,0.42
iran_dang5_nodiss11,Iranian-17,dft,none,5,1211687293,False,0.8182,0,7,0.7287,2.5426,7,0.6033,0.361,0.05947,0.6026,0.7346,0.1932,0.4735
iran_dang5_nodiss11,Iranian-17,dft,none,5,1211687293,False,0.8182,1,9,0.8232,-1.628,1,0.1655,0.4659,0.002,0.605,0.7411,0.1407,0.487
iran_dang5_nodiss11,Iranian-17,dft,none,5,1211687293,False,0.8182,2,6,0.6558,0.2474,6,0.6474,0.3388,0.18691,0.5967,0.7144,0.1341,0.4619
iran_dang5_nodiss11,Iranian-17,dft,none,5,1211687293,False,0.8182,3,12,0.8419,-0.0,12,0.8419,0.4541,0.002,0.5999,0.7333,0.1334,0.4759
iran_dang5_nodiss11,Iranian-17,dft,none,5,1211687293,False,0.8182,4,12,0.7894,3.1416,12,0.7894,0.4045,0.01499,0.6035,0.7437,0.112,0.4557
iran_dang5_nodiss11,Iranian-17,dft,input_shuffled,5,1211687293,False,0.8977,0,7,0.8612,2.5362,7,0.7099,0.4854,0.002,0.6074,0.7491,0.1032,0.5077
iran_dang5_nodiss11,Iranian-17,dft,input_shuffled,5,1211687293,False,0.8977,1,3,0.9195,0.2408,3,0.8923,0.591,0.0005,0.6042,0.7404,0.0665,0.477
iran_dang5_nodiss11,Iranian-17,dft,input_shuffled,5,1211687293,False,0.8977,2,12,0.7348,-0.0,12,0.7348,0.3569,0.04198,0.5992,0.725,0.1363,0.4817
iran_dang5_nodiss11,Iranian-17,dft,input_shuffled,5,1211687293,False,0.8977,3,7,0.8109,-0.815,12,0.7938,0.4205,0.0075,0.6064,0.7459,0.0723,0.4677
iran_dang5_nodiss11,Iranian-17,dft,input_shuffled,5,1211687293,False,0.8977,4,4,0.6746,1.7252,6,0.2955,0.3261,0.18041,0.6038,0.7382,0.0155,0.4254
iran_dang5_nodiss11,Iranian-17,dft,label_shuffled,5,1211687293,False,0.8182,0,2,0.619,-0.8303,2,0.4317,0.2553,0.38731,0.6026,0.7296,0.1488,0.5235
iran_dang5_nodiss11,Iranian-17,dft,label_shuffled,5,1211687293,False,0.8182,1,4,0.8098,1.5939,2,0.3087,0.4832,0.01849,0.6116,0.7562,0.0434,0.4125
iran_dang5_nodiss11,Iranian-17,dft,label_shuffled,5,1211687293,False,0.8182,2,7,0.5193,1.2536,3,0.4197,0.1858,0.88206,0.6033,0.7406,0.1212,0.4609
iran_dang5_nodiss11,Iranian-17,dft,label_shuffled,5,1211687293,False,0.8182,3,8,0.6032,2.1607,8,0.3211,0.2511,0.43728,0.597,0.7216,0.1987,0.4425
iran_dang5_nodiss11,Iranian-17,dft,label_shuffled,5,1211687293,False,0.8182,4,4,0.5414,0.1266,4,0.5365,0.2079,0.77061,0.6033,0.7445,0.1578,0.4822
iran_dang5_nodiss11,Iranian-17,dft,none,5,950733457,False,0.8523,0,9,0.8085,0.1999,9,0.7928,0.4642,0.0045,0.5971,0.7239,0.0298,0.4859
iran_dang5_nodiss11,Iranian-17,dft,none,5,950733457,False,0.8523,1,12,0.9761,3.1416,12,0.9761,0.5981,0.0005,0.6125,0.7512,0.0825,0.4649
iran_dang5_nodiss11,Iranian-17,dft,none,5,950733457,False,0.8523,2,9,0.678,-1.0795,2,0.5927,0.3245,0.15192,0.6001,0.7314,0.0379,0.4706
iran_dang5_nodiss11,Iranian-17,dft,none,5,950733457,False,0.8523,3,5,0.5347,0.7989,12,0.381,0.1921,0.82459,0.6014,0.7287,0.1392,0.5486
iran_dang5_nodiss11,Iranian-17,dft,none,5,950733457,False,0.8523,4,7,0.6756,1.5051,4,0.3628,0.308,0.1934,0.6083,0.7505,0.0824,0.486
iran_dang5_nodiss11,Iranian-17,dft,input_shuffled,5,950733457,False,0.8636,0,9,0.7196,0.1978,9,0.7059,0.3421,0.09095,0.6072,0.7495,0.1766,0.4454
iran_dang5_nodiss11,Iranian-17,dft,input_shuffled,5,950733457,False,0.8636,1,12,0.8936,-0.0,12,0.8936,0.5046,0.001,0.607,0.7488,0.1321,0.4731
iran_dang5_nodiss11,Iranian-17,dft,input_shuffled,5,950733457,False,0.8636,2,2,0.7285,-0.2832,2,0.7027,0.3801,0.04348,0.5933,0.7197,0.3679,0.4757
iran_dang5_nodiss11,Iranian-17,dft,input_shuffled,5,950733457,False,0.8636,3,7,0.7254,-0.7513,7,0.5327,0.3394,0.08346,0.6106,0.7544,0.0779,0.4491
iran_dang5_nodiss11,Iranian-17,dft,input_shuffled,5,950733457,False,0.8636,4,12,0.7851,-0.0,12,0.7851,0.3981,0.01349,0.601,0.7334,0.1263,0.5013
iran_dang5_nodiss11,Iranian-17,dft,label_shuffled,5,950733457,False,0.8068,0,11,0.6493,0.8088,11,0.4336,0.2896,0.26887,0.6065,0.7459,0.1145,0.4761
iran_dang5_nodiss11,Iranian-17,dft,label_shuffled,5,950733457,False,0.8068,1,3,0.5989,0.4364,3,0.5404,0.2396,0.49525,0.6076,0.7543,0.1517,0.4673
iran_dang5_nodiss11,Iranian-17,dft,label_shuffled,5,950733457,False,0.8068,2,11,0.6104,1.7114,5,0.3631,0.256,0.41279,0.6027,0.7339,0.123,0.4739
iran_dang5_nodiss11,Iranian-17,dft,label_shuffled,5,950733457,False,0.8068,3,5,0.5471,2.6083,4,0.4987,0.2013,0.78811,0.611,0.7549,0.088,0.4648
iran_dang5_nodiss11,Iranian-17,dft,label_shuffled,5,950733457,False,0.8068,4,3,0.5722,-1.1176,11,0.4797,0.2212,0.64768,0.6114,0.7534,0.246,0.4732
iran_dang5_nodiss11,Iranian-17,dft,none,5,2093022964,False,0.9432,0,11,0.5672,-2.627,5,0.5147,0.2264,0.64618,0.5999,0.7334,0.145,0.4658
iran_dang5_nodiss11,Iranian-17,dft,none,5,2093022964,False,0.9432,1,3,0.9471,0.0971,3,0.9426,0.6312,0.0005,0.6015,0.7335,0.082,0.4973
iran_dang5_nodiss11,Iranian-17,dft,none,5,2093022964,False,0.9432,2,5,0.706,1.5951,12,0.7054,0.3218,0.08346,0.5967,0.7252,0.3539,0.4717
iran_dang5_nodiss11,Iranian-17,dft,none,5,2093022964,False,0.9432,3,12,0.9788,3.1416,12,0.9788,0.5966,0.0005,0.6087,0.7502,0.1071,0.4788
iran_dang5_nodiss11,Iranian-17,dft,none,5,2093022964,False,0.9432,4,5,0.8805,-0.4865,5,0.7773,0.5309,0.002,0.6045,0.7461,0.2592,0.4761
iran_dang5_nodiss11,Iranian-17,dft,input_shuffled,5,2093022964,False,0.9886,0,7,0.6065,-1.0063,8,0.4774,0.2414,0.43028,0.6011,0.7317,0.1894,0.4931
iran_dang5_nodiss11,Iranian-17,dft,input_shuffled,5,2093022964,False,0.9886,1,5,0.5913,1.9817,11,0.4945,0.2362,0.50175,0.6,0.7306,0.2588,0.5143
iran_dang5_nodiss11,Iranian-17,dft,input_shuffled,5,2093022964,False,0.9886,2,12,0.8822,-0.0,12,0.8822,0.4955,0.0015,0.6023,0.7411,0.0771,0.4641
iran_dang5_nodiss11,Iranian-17,dft,input_shuffled,5,2093022964,False,0.9886,3,3,0.9308,0.284,3,0.8924,0.6056,0.0005,0.6065,0.7397,0.0756,0.4773
iran_dang5_nodiss11,Iranian-17,dft,input_shuffled,5,2093022964,False,0.9886,4,3,0.7037,2.4671,3,0.559,0.3423,0.07896,0.5955,0.7203,0.1553,0.4617
iran_dang5_nodiss11,Iranian-17,dft,label_shuffled,5,2093022964,False,0.8068,0,6,0.7945,-1.8222,4,0.4421,0.3956,0.005,0.5933,0.7133,0.0985,0.4908
iran_dang5_nodiss11,Iranian-17,dft,label_shuffled,5,2093022964,False,0.8068,1,2,0.6226,-1.7004,4,0.4459,0.2672,0.35332,0.601,0.7324,0.1782,0.4874
iran_dang5_nodiss11,Iranian-17,dft,label_shuffled,5,2093022964,False,0.8068,2,7,0.5308,-2.5529,3,0.4734,0.1937,0.81409,0.5937,0.7148,0.1285,0.4721
iran_dang5_nodiss11,Iranian-17,dft,label_shuffled,5,2093022964,False,0.8068,3,11,0.5554,2.7321,11,0.5116,0.2106,0.67516,0.5906,0.7076,0.0413,0.4801
iran_dang5_nodiss11,Iranian-17,dft,label_shuffled,5,2093022964,False,0.8068,4,11,0.5898,0.8327,11,0.3826,0.2446,0.57621,0.6126,0.7571,0.0574,0.4535
iran_dang5_nodiss11,Iranian-17,dft,none,5,975901683,False,0.9545,0,2,0.7324,-0.2475,2,0.7126,0.3845,0.08246,0.6093,0.7562,0.0055,0.4414
iran_dang5_nodiss11,Iranian-17,dft,none,5,975901683,False,0.9545,1,12,0.9691,3.1416,12,0.9691,0.5846,0.0015,0.6068,0.7472,0.0551,0.5097
iran_dang5_nodiss11,Iranian-17,dft,none,5,975901683,False,0.9545,2,12,0.9863,3.1416,12,0.9863,0.6045,0.001,0.6123,0.7514,0.1904,0.4686
iran_dang5_nodiss11,Iranian-17,dft,none,5,975901683,False,0.9545,3,3,0.9259,-2.9143,3,0.9016,0.6006,0.0005,0.6077,0.7455,0.0226,0.483
iran_dang5_nodiss11,Iranian-17,dft,none,5,975901683,False,0.9545,4,7,0.5681,2.4883,8,0.4838,0.218,0.63468,0.6028,0.7412,0.0768,0.5021
iran_dang5_nodiss11,Iranian-17,dft,input_shuffled,5,975901683,False,0.8864,0,3,0.8738,1.3704,2,0.1675,0.5239,0.0015,0.6026,0.734,0.2862,0.4792
iran_dang5_nodiss11,Iranian-17,dft,input_shuffled,5,975901683,False,0.8864,1,2,0.512,-2.7032,2,0.4686,0.1802,0.91154,0.6036,0.7384,0.0792,0.4683
iran_dang5_nodiss11,Iranian-17,dft,input_shuffled,5,975901683,False,0.8864,2,12,0.7094,3.1416,12,0.7094,0.3185,0.07896,0.5998,0.7272,0.1688,0.4595
iran_dang5_nodiss11,Iranian-17,dft,input_shuffled,5,975901683,False,0.8864,3,12,0.6686,3.1416,12,0.6686,0.296,0.16592,0.5979,0.7268,0.1826,0.4262
iran_dang5_nodiss11,Iranian-17,dft,input_shuffled,5,975901683,False,0.8864,4,5,0.6109,1.0802,2,0.5569,0.2635,0.3968,0.6002,0.7347,0.0625,0.4445
iran_dang5_nodiss11,Iranian-17,dft,label_shuffled,5,975901683,False,0.875,0,8,0.4992,-1.7491,3,0.3487,0.1769,0.94203,0.6083,0.7468,0.1683,0.4742
iran_dang5_nodiss11,Iranian-17,dft,label_shuffled,5,975901683,False,0.875,1,2,0.5355,1.6496,7,0.4212,0.1968,0.82109,0.605,0.75,0.0599,0.502
iran_dang5_nodiss11,Iranian-17,dft,label_shuffled,5,975901683,False,0.875,2,10,0.6361,-2.1958,6,0.4582,0.2929,0.27086,0.5975,0.7243,0.1288,0.5085
iran_dang5_nodiss11,Iranian-17,dft,label_shuffled,5,975901683,False,0.875,3,6,0.5465,0.9404,3,0.4944,0.213,0.72564,0.5904,0.7135,0.1473,0.4721
iran_dang5_nodiss11,Iranian-17,dft,label_shuffled,5,975901683,False,0.875,4,6,0.5905,0.3165,6,0.5779,0.2633,0.52924,0.6039,0.7304,0.0981,0.5335
iran_dang5_nodiss11,Iranian-17,dft,none,5,1216705910,False,0.9091,0,12,0.8669,3.1416,12,0.8669,0.4767,0.0055,0.6116,0.7596,0.1342,0.477
iran_dang5_nodiss11,Iranian-17,dft,none,5,1216705910,False,0.9091,1,12,0.9392,-0.0,12,0.9392,0.5522,0.0005,0.6032,0.7434,0.0446,0.4485
iran_dang5_nodiss11,Iranian-17,dft,none,5,1216705910,False,0.9091,2,5,0.9453,2.6884,5,0.849,0.6155,0.0005,0.6115,0.7569,0.0045,0.4546
iran_dang5_nodiss11,Iranian-17,dft,none,5,1216705910,False,0.9091,3,7,0.7212,-1.0739,8,0.4742,0.3554,0.04798,0.59,0.719,0.0806,0.4805
iran_dang5_nodiss11,Iranian-17,dft,none,5,1216705910,False,0.9091,4,3,0.9158,1.4998,10,0.2379,0.5899,0.0005,0.6,0.7261,0.2417,0.4664
iran_dang5_nodiss11,Iranian-17,dft,input_shuffled,5,1216705910,False,0.9659,0,12,0.7434,3.1416,12,0.7434,0.3625,0.02849,0.5942,0.7219,0.0935,0.461
iran_dang5_nodiss11,Iranian-17,dft,input_shuffled,5,1216705910,False,0.9659,1,3,0.9712,1.6873,8,0.1988,0.6589,0.0005,0.604,0.7455,0.2523,0.464
iran_dang5_nodiss11,Iranian-17,dft,input_shuffled,5,1216705910,False,0.9659,2,5,0.8602,2.236,7,0.5818,0.4841,0.002,0.6066,0.7449,0.1129,0.4721
iran_dang5_nodiss11,Iranian-17,dft,input_shuffled,5,1216705910,False,0.9659,3,7,0.7351,2.3651,12,0.707,0.3451,0.05897,0.6041,0.7435,0.2326,0.4751
iran_dang5_nodiss11,Iranian-17,dft,input_shuffled,5,1216705910,False,0.9659,4,12,0.8123,3.1416,12,0.8123,0.4195,0.008,0.5999,0.7406,0.161,0.4796
iran_dang5_nodiss11,Iranian-17,dft,label_shuffled,5,1216705910,False,0.8068,0,5,0.5755,2.6729,3,0.5606,0.2235,0.56822,0.596,0.7287,0.1122,0.4802
iran_dang5_nodiss11,Iranian-17,dft,label_shuffled,5,1216705910,False,0.8068,1,6,0.5186,-0.1672,6,0.5156,0.2039,0.87206,0.6083,0.755,0.0952,0.4703
iran_dang5_nodiss11,Iranian-17,dft,label_shuffled,5,1216705910,False,0.8068,2,11,0.74,2.1998,11,0.4578,0.3721,0.03998,0.604,0.7294,0.332,0.4532
iran_dang5_nodiss11,Iranian-17,dft,label_shuffled,5,1216705910,False,0.8068,3,4,0.6164,2.2706,11,0.5183,0.2587,0.4033,0.6075,0.7435,0.0412,0.487
iran_dang5_nodiss11,Iranian-17,dft,label_shuffled,5,1216705910,False,0.8068,4,2,0.7363,-1.9339,4,0.432,0.3615,0.05297,0.6031,0.7384,0.06,0.4545
iran_dang5_nodiss11,Iranian-17,dft,none,5,427793802,False,0.9886,0,12,0.9787,-0.0,12,0.9787,0.5958,0.0005,0.6076,0.7478,0.092,0.4609
iran_dang5_nodiss11,Iranian-17,dft,none,5,427793802,False,0.9886,1,3,0.9629,-1.3937,8,0.2462,0.6517,0.0005,0.6029,0.7378,0.2589,0.4514
iran_dang5_nodiss11,Iranian-17,dft,none,5,427793802,False,0.9886,2,7,0.7279,0.3931,7,0.6719,0.3515,0.06247,0.5996,0.7362,0.1662,0.4833
iran_dang5_nodiss11,Iranian-17,dft,none,5,427793802,False,0.9886,3,2,0.5979,-2.15,12,0.3943,0.2419,0.45427,0.5957,0.7127,0.002,0.5106
iran_dang5_nodiss11,Iranian-17,dft,none,5,427793802,False,0.9886,4,7,0.7247,2.1335,12,0.5281,0.3494,0.05597,0.5984,0.73,0.2441,0.5197
iran_dang5_nodiss11,Iranian-17,dft,input_shuffled,5,427793802,False,0.9432,0,3,0.9864,0.0096,3,0.9863,0.686,0.0005,0.6087,0.753,0.0003,0.4706
iran_dang5_nodiss11,Iranian-17,dft,input_shuffled,5,427793802,False,0.9432,1,2,0.5369,-0.4794,5,0.5002,0.2173,0.82809,0.6113,0.7605,0.0716,0.4768
iran_dang5_nodiss11,Iranian-17,dft,input_shuffled,5,427793802,False,0.9432,2,12,0.9467,3.1416,12,0.9467,0.5625,0.0005,0.6036,0.7343,0.1641,0.4883
iran_dang5_nodiss11,Iranian-17,dft,input_shuffled,5,427793802,False,0.9432,3,12,0.7876,-0.0,12,0.7876,0.4028,0.01799,0.6075,0.7508,0.1352,0.4797
iran_dang5_nodiss11,Iranian-17,dft,input_shuffled,5,427793802,False,0.9432,4,5,0.7926,-2.8335,5,0.7555,0.4286,0.01699,0.6061,0.7442,0.1404,0.4557
iran_dang5_nodiss11,Iranian-17,dft,label_shuffled,5,427793802,False,0.8182,0,8,0.5914,3.1112,8,0.5911,0.263,0.53723,0.6033,0.7358,0.4992,0.4613
iran_dang5_nodiss11,Iranian-17,dft,label_shuffled,5,427793802,False,0.8182,1,3,0.6498,1.3799,10,0.2999,0.2991,0.25937,0.6038,0.737,0.1054,0.4266
iran_dang5_nodiss11,Iranian-17,dft,label_shuffled,5,427793802,False,0.8182,2,11,0.6196,0.762,9,0.5846,0.2654,0.3913,0.6059,0.7451,0.1279,0.5095
iran_dang5_nodiss11,Iranian-17,dft,label_shuffled,5,427793802,False,0.8182,3,4,0.6699,3.0705,4,0.668,0.301,0.14043,0.5957,0.7168,0.137,0.469
iran_dang5_nodiss11,Iranian-17,dft,label_shuffled,5,427793802,False,0.8182,4,11,0.5474,2.692,11,0.4957,0.2138,0.73263,0.5943,0.7187,0.3539,0.4504
iran_dang5_nodiss11,Iranian-17,dft,none,5,1687899012,False,0.9091,0,5,0.8414,-1.1725,5,0.319,0.4764,0.0055,0.6066,0.7471,0.2292,0.4604
iran_dang5_nodiss11,Iranian-17,dft,none,5,1687899012,False,0.9091,1,9,0.767,1.6665,3,0.3129,0.3896,0.02499,0.6041,0.742,0.1104,0.4847
iran_dang5_nodiss11,Iranian-17,dft,none,5,1687899012,False,0.9091,2,5,0.7373,0.6447,5,0.5911,0.3661,0.06547,0.6052,0.752,0.0799,0.4968
iran_dang5_nodiss11,Iranian-17,dft,none,5,1687899012,False,0.9091,3,5,0.789,0.9913,12,0.7835,0.4007,0.02049,0.6078,0.7516,0.2196,0.5173
iran_dang5_nodiss11,Iranian-17,dft,none,5,1687899012,False,0.9091,4,12,0.8905,-0.0,12,0.8905,0.5037,0.0005,0.6028,0.7363,0.0497,0.4329
iran_dang5_nodiss11,Iranian-17,dft,input_shuffled,5,1687899012,False,0.8864,0,2,0.6513,-2.2252,3,0.424,0.2855,0.1914,0.5915,0.7086,0.169,0.4327
iran_dang5_nodiss11,Iranian-17,dft,input_shuffled,5,1687899012,False,0.8864,1,5,0.7244,-0.6526,5,0.5737,0.3366,0.04348,0.5933,0.7179,0.0062,0.483
iran_dang5_nodiss11,Iranian-17,dft,input_shuffled,5,1687899012,False,0.8864,2,3,0.8941,-1.5069,2,0.2168,0.5657,0.0005,0.6033,0.7378,0.2762,0.4136
iran_dang5_nodiss11,Iranian-17,dft,input_shuffled,5,1687899012,False,0.8864,3,12,0.7715,-0.0,12,0.7715,0.3904,0.02299,0.5997,0.7317,0.1282,0.4314
iran_dang5_nodiss11,Iranian-17,dft,input_shuffled,5,1687899012,False,0.8864,4,5,0.711,0.471,5,0.6343,0.3499,0.09795,0.6046,0.7461,0.0254,0.5186
iran_dang5_nodiss11,Iranian-17,dft,label_shuffled,5,1687899012,False,0.8182,0,2,0.7619,-2.4864,2,0.6178,0.4044,0.02599,0.6035,0.739,0.0797,0.5088
iran_dang5_nodiss11,Iranian-17,dft,label_shuffled,5,1687899012,False,0.8182,1,10,0.6476,0.9022,11,0.4378,0.2787,0.24538,0.5999,0.7399,0.0689,0.5118
iran_dang5_nodiss11,Iranian-17,dft,label_shuffled,5,1687899012,False,0.8182,2,11,0.7493,3.001,11,0.742,0.3893,0.05347,0.6075,0.7511,0.0182,0.4704
iran_dang5_nodiss11,Iranian-17,dft,label_shuffled,5,1687899012,False,0.8182,3,5,0.5473,1.2466,6,0.4964,0.2262,0.76362,0.6072,0.7505,0.181,0.4623
iran_dang5_nodiss11,Iranian-17,dft,label_shuffled,5,1687899012,False,0.8182,4,9,0.6911,3.0248,9,0.6863,0.337,0.12994,0.6038,0.7406,0.3136,0.511
iran_dang5_nodiss11,Iranian-17,dft,none,5,633638588,False,0.9659,0,2,0.7375,-1.4698,9,0.5253,0.3723,0.05197,0.6038,0.7385,0.1973,0.4695
iran_dang5_nodiss11,Iranian-17,dft,none,5,633638588,False,0.9659,1,7,0.6209,-0.605,7,0.512,0.2612,0.38131,0.6052,0.7381,0.1662,0.4836
iran_dang5_nodiss11,Iranian-17,dft,none,5,633638588,False,0.9659,2,12,0.8258,3.1416,12,0.8258,0.4373,0.004,0.5987,0.7318,0.0611,0.4565
iran_dang5_nodiss11,Iranian-17,dft,none,5,633638588,False,0.9659,3,4,0.5873,-1.9869,1,0.4017,0.2405,0.51574,0.5942,0.7082,0.1313,0.5318
iran_dang5_nodiss11,Iranian-17,dft,none,5,633638588,False,0.9659,4,3,0.9798,-1.5492,2,0.1776,0.6723,0.0005,0.6087,0.7526,0.2171,0.4834
iran_dang5_nodiss11,Iranian-17,dft,input_shuffled,5,633638588,False,0.8636,0,7,0.5414,-1.8568,4,0.5147,0.1992,0.77961,0.6022,0.7353,0.2345,0.45
iran_dang5_nodiss11,Iranian-17,dft,input_shuffled,5,633638588,False,0.8636,1,3,0.9088,-0.0695,3,0.9067,0.5744,0.0005,0.6072,0.7524,0.0439,0.4754
iran_dang5_nodiss11,Iranian-17,dft,input_shuffled,5,633638588,False,0.8636,2,12,0.823,3.1416,12,0.823,0.4405,0.002,0.5992,0.7258,0.0452,0.442
iran_dang5_nodiss11,Iranian-17,dft,input_shuffled,5,633638588,False,0.8636,3,7,0.746,-0.2667,7,0.7197,0.3847,0.04148,0.6013,0.737,0.0609,0.4927
iran_dang5_nodiss11,Iranian-17,dft,input_shuffled,5,633638588,False,0.8636,4,3,0.5817,0.5841,3,0.4798,0.2328,0.46727,0.5815,0.6992,0.2403,0.4461
iran_dang5_nodiss11,Iranian-17,dft,label_shuffled,5,633638588,False,0.8068,0,4,0.7018,2.8971,4,0.6783,0.3402,0.08596,0.596,0.7304,0.2999,0.5009
iran_dang5_nodiss11,Iranian-17,dft,label_shuffled,5,633638588,False,0.8068,1,10,0.5777,1.8144,3,0.4265,0.2254,0.56972,0.5992,0.7292,0.004,0.4736
iran_dang5_nodiss11,Iranian-17,dft,label_shuffled,5,633638588,False,0.8068,2,2,0.7853,-0.6792,2,0.6257,0.43,0.01449,0.6019,0.7322,0.2658,0.443
iran_dang5_nodiss11,Iranian-17,dft,label_shuffled,5,633638588,False,0.8068,3,4,0.5787,-0.524,3,0.5332,0.2297,0.58871,0.6007,0.7337,0.2518,0.4744
iran_dang5_nodiss11,Iranian-17,dft,label_shuffled,5,633638588,False,0.8068,4,11,0.4875,0.881,6,0.3878,0.169,0.96402,0.6045,0.7397,0.0764,0.4361
iran_dang5_nodiss11,Iranian-17,dft,none,5,2057432451,False,0.9659,0,7,0.7246,-3.0749,7,0.7229,0.3462,0.07446,0.6053,0.7422,0.1326,0.4828
iran_dang5_nodiss11,Iranian-17,dft,none,5,2057432451,False,0.9659,1,9,0.6092,1.5679,4,0.3375,0.2613,0.37131,0.5916,0.7059,0.0674,0.4704
iran_dang5_nodiss11,Iranian-17,dft,none,5,2057432451,False,0.9659,2,7,0.7713,-0.9711,7,0.4402,0.4096,0.02749,0.6025,0.7376,0.1187,0.4908
iran_dang5_nodiss11,Iranian-17,dft,none,5,2057432451,False,0.9659,3,12,0.9776,3.1416,12,0.9776,0.5985,0.0005,0.6108,0.7437,0.0619,0.4582
iran_dang5_nodiss11,Iranian-17,dft,none,5,2057432451,False,0.9659,4,3,0.893,-1.6324,10,0.2687,0.5618,0.0005,0.5929,0.7195,0.2383,0.4545
iran_dang5_nodiss11,Iranian-17,dft,input_shuffled,5,2057432451,False,0.9091,0,9,0.8918,1.3941,12,0.2827,0.5577,0.0005,0.6055,0.7531,0.0783,0.4455
iran_dang5_nodiss11,Iranian-17,dft,input_shuffled,5,2057432451,False,0.9091,1,12,0.8258,3.1416,12,0.8258,0.4418,0.0015,0.5938,0.7181,0.0836,0.4456
iran_dang5_nodiss11,Iranian-17,dft,input_shuffled,5,2057432451,False,0.9091,2,7,0.8866,2.3079,7,0.6,0.5299,0.0005,0.6052,0.7401,0.1365,0.4488
iran_dang5_nodiss11,Iranian-17,dft,input_shuffled,5,2057432451,False,0.9091,3,12,0.6245,3.1416,12,0.6245,0.2625,0.32734,0.5951,0.7218,0.0228,0.4715
iran_dang5_nodiss11,Iranian-17,dft,input_shuffled,5,2057432451,False,0.9091,4,5,0.9428,-0.7035,5,0.7161,0.5985,0.0005,0.6079,0.7567,0.045,0.4559
iran_dang5_nodiss11,Iranian-17,dft,label_shuffled,5,2057432451,False,0.8182,0,8,0.504,3.0126,8,0.4992,0.173,0.92954,0.5983,0.723,0.0337,0.4968
iran_dang5_nodiss11,Iranian-17,dft,label_shuffled,5,2057432451,False,0.8182,1,1,0.5096,0.6399,3,0.4858,0.1868,0.89805,0.6019,0.7408,0.1249,0.465
iran_dang5_nodiss11,Iranian-17,dft,label_shuffled,5,2057432451,False,0.8182,2,3,0.6702,-0.195,3,0.6578,0.3304,0.18391,0.6017,0.731,0.0777,0.5054
iran_dang5_nodiss11,Iranian-17,dft,label_shuffled,5,2057432451,False,0.8182,3,6,0.5264,-0.9832,3,0.4123,0.1919,0.8076,0.5887,0.7133,0.2187,0.4754
iran_dang5_nodiss11,Iranian-17,dft,label_shuffled,5,2057432451,False,0.8182,4,9,0.6618,-0.1055,9,0.6581,0.3031,0.18941,0.5968,0.73,0.2753,0.5025
iran_dang5_nodiss11,Iranian-17,dft,none,5,862972168,False,0.8636,0,12,0.83,3.1416,12,0.83,0.436,0.007,0.6056,0.7402,0.2627,0.518
iran_dang5_nodiss11,Iranian-17,dft,none,5,862972168,False,0.8636,1,5,0.5595,0.4612,5,0.5016,0.216,0.70565,0.6075,0.7507,0.2838,0.4569
iran_dang5_nodiss11,Iranian-17,dft,none,5,862972168,False,0.8636,2,9,0.7778,1.7989,10,0.2277,0.4155,0.03248,0.6078,0.7508,0.0839,0.4952
iran_dang5_nodiss11,Iranian-17,dft,none,5,862972168,False,0.8636,3,7,0.6939,-0.7937,7,0.4894,0.3282,0.14343,0.6048,0.7491,0.1419,0.4722
iran_dang5_nodiss11,Iranian-17,dft,none,5,862972168,False,0.8636,4,5,0.8131,0.3233,5,0.7712,0.4508,0.01649,0.611,0.7561,0.0137,0.4517
iran_dang5_nodiss11,Iranian-17,dft,input_shuffled,5,862972168,False,0.8977,0,12,0.813,3.1416,12,0.813,0.4216,0.01499,0.6118,0.7567,0.2153,0.5104
iran_dang5_nodiss11,Iranian-17,dft,input_shuffled,5,862972168,False,0.8977,1,4,0.6004,2.4246,11,0.4489,0.2519,0.44528,0.598,0.728,0.1781,0.5104
iran_dang5_nodiss11,Iranian-17,dft,input_shuffled,5,862972168,False,0.8977,2,12,0.9362,-0.0,12,0.9362,0.5545,0.0005,0.6075,0.7504,0.0149,0.4777
iran_dang5_nodiss11,Iranian-17,dft,input_shuffled,5,862972168,False,0.8977,3,3,0.9254,-2.8971,3,0.8972,0.6029,0.0005,0.6072,0.7415,0.0538,0.4285
iran_dang5_nodiss11,Iranian-17,dft,input_shuffled,5,862972168,False,0.8977,4,7,0.7776,-0.7562,5,0.6662,0.4234,0.02649,0.6074,0.7515,0.0358,0.4526
iran_dang5_nodiss11,Iranian-17,dft,label_shuffled,5,862972168,False,0.8636,0,4,0.6511,-2.0078,11,0.3967,0.2931,0.24338,0.6009,0.7319,0.0714,0.4288
iran_dang5_nodiss11,Iranian-17,dft,label_shuffled,5,862972168,False,0.8636,1,6,0.703,1.4008,11,0.3562,0.31,0.10495,0.6022,0.7382,0.013,0.4564
iran_dang5_nodiss11,Iranian-17,dft,label_shuffled,5,862972168,False,0.8636,2,4,0.5874,0.5807,4,0.4815,0.2239,0.52874,0.6004,0.736,0.0536,0.4795
iran_dang5_nodiss11,Iranian-17,dft,label_shuffled,5,862972168,False,0.8636,3,6,0.5929,2.1538,12,0.4571,0.2454,0.52274,0.6049,0.7414,0.1667,0.488
iran_dang5_nodiss11,Iranian-17,dft,label_shuffled,5,862972168,False,0.8636,4,4,0.54,-0.0984,4,0.537,0.2047,0.75912,0.5961,0.7326,0.141,0.4222
iran_dang6_diss8,Iranian-17,dft,none,12,145371727,False,0.9878,0,7,0.684,2.8288,7,0.651,0.3092,0.11344,0.5968,0.7169,0.1815,0.4198
iran_dang6_diss8,Iranian-17,dft,none,12,145371727,False,0.9878,1,4,0.64,2.2639,6,0.4516,0.2996,0.21039,0.5896,0.7095,0.3586,0.4682
iran_dang6_diss8,Iranian-17,dft,none,12,145371727,False,0.9878,2,7,0.5204,-0.9466,6,0.3735,0.1955,0.8096,0.5808,0.6975,0.2949,0.4763
iran_dang6_diss8,Iranian-17,dft,none,12,145371727,False,0.9878,3,3,0.938,2.3862,3,0.6994,0.6381,0.0005,0.6144,0.7572,0.1395,0.4527
iran_dang6_diss8,Iranian-17,dft,none,12,145371727,False,0.9878,4,7,0.5242,-0.7774,6,0.4612,0.2048,0.85357,0.5988,0.7269,0.2529,0.4531
iran_dang6_diss8,Iranian-17,dft,none,12,145371727,False,0.9878,5,6,0.9652,0.0077,6,0.9652,0.9042,0.0005,0.6075,0.7467,0.0476,0.4872
iran_dang6_diss8,Iranian-17,dft,none,12,145371727,False,0.9878,6,7,0.5665,-0.8915,5,0.4388,0.2153,0.5977,0.5885,0.7054,0.4037,0.4728
iran_dang6_diss8,Iranian-17,dft,none,12,145371727,False,0.9878,7,2,0.7084,-0.6477,5,0.6224,0.3419,0.10545,0.6065,0.7445,0.1122,0.4885
iran_dang6_diss8,Iranian-17,dft,none,12,145371727,False,0.9878,8,12,0.7981,3.1416,12,0.7981,0.4143,0.02099,0.6144,0.7677,0.1075,0.5335
iran_dang6_diss8,Iranian-17,dft,none,12,145371727,False,0.9878,9,3,0.6737,1.0631,12,0.5118,0.2974,0.15942,0.6002,0.7332,0.1961,0.458
iran_dang6_diss8,Iranian-17,dft,none,12,145371727,False,0.9878,10,7,0.9434,0.9495,7,0.5434,0.608,0.0005,0.6107,0.758,0.0432,0.4641
iran_dang6_diss8,Iranian-17,dft,none,12,145371727,False,0.9878,11,12,0.733,-0.0,12,0.733,0.3524,0.05497,0.5985,0.7381,0.0035,0.4553
iran_dang6_diss8,Iranian-17,dft,input_shuffled,12,145371727,False,0.9715,0,2,0.6478,1.2393,3,0.3441,0.2918,0.27436,0.6066,0.7496,0.1479,0.4489
iran_dang6_diss8,Iranian-17,dft,input_shuffled,12,145371727,False,0.9715,1,7,0.5912,2.3763,11,0.4553,0.2351,0.55822,0.6133,0.7555,0.1739,0.4941
iran_dang6_diss8,Iranian-17,dft,input_shuffled,12,145371727,False,0.9715,2,12,0.7355,-0.0,12,0.7355,0.3529,0.08196,0.6136,0.7655,0.013,0.4734
iran_dang6_diss8,Iranian-17,dft,input_shuffled,12,145371727,False,0.9715,3,7,0.691,2.1655,11,0.3989,0.3311,0.13843,0.6045,0.7374,0.0785,0.4905
iran_dang6_diss8,Iranian-17,dft,input_shuffled,12,145371727,False,0.9715,4,6,0.6699,-2.684,6,0.6387,0.3523,0.17391,0.6028,0.7309,0.2799,0.4801
iran_dang6_diss8,Iranian-17,dft,input_shuffled,12,145371727,False,0.9715,5,4,0.6872,0.8078,4,0.4592,0.3318,0.14643,0.6051,0.7382,0.0878,0.4841
iran_dang6_diss8,Iranian-17,dft,input_shuffled,12,145371727,False,0.9715,6,6,0.5939,-2.5127,6,0.5381,0.2629,0.52224,0.6063,0.7442,0.3084,0.4403
iran_dang6_diss8,Iranian-17,dft,input_shuffled,12,145371727,False,0.9715,7,3,0.9349,2.4131,3,0.7128,0.6089,0.0005,0.6075,0.7551,0.0555,0.5101
iran_dang6_diss8,Iranian-17,dft,input_shuffled,12,145371727,False,0.9715,8,2,0.7163,2.039,10,0.479,0.3502,0.07696,0.5991,0.7338,0.1383,0.4316
iran_dang6_diss8,Iranian-17,dft,input_shuffled,12,145371727,False,0.9715,9,3,0.6569,-2.7237,3,0.598,0.2887,0.14693,0.5858,0.7051,0.2186,0.4928
iran_dang6_diss8,Iranian-17,dft,input_shuffled,12,145371727,False,0.9715,10,7,0.6398,2.7547,7,0.5929,0.2856,0.24888,0.5956,0.7166,0.0814,0.4744
iran_dang6_diss8,Iranian-17,dft,input_shuffled,12,145371727,False,0.9715,11,10,0.6923,-1.6217,12,0.5597,0.317,0.14043,0.6092,0.744,0.3761,0.5039
iran_dang6_diss8,Iranian-17,dft,label_shuffled,12,145371727,False,0.9431,0,8,0.5013,-3.0292,8,0.4978,0.1733,0.93003,0.5911,0.7108,0.1583,0.5265
iran_dang6_diss8,Iranian-17,dft,label_shuffled,12,145371727,False,0.9431,1,6,0.5902,-1.2627,9,0.3148,0.2332,0.50025,0.596,0.7194,0.0693,0.4988
iran_dang6_diss8,Iranian-17,dft,label_shuffled,12,145371727,False,0.9431,2,4,0.755,0.9432,4,0.4251,0.4062,0.03398,0.6058,0.7406,0.1498,0.4985
iran_dang6_diss8,Iranian-17,dft,label_shuffled,12,145371727,False,0.9431,3,2,0.6996,-1.5204,11,0.4492,0.3243,0.08996,0.6004,0.7299,0.1239,0.465
iran_dang6_diss8,Iranian-17,dft,label_shuffled,12,145371727,False,0.9431,4,9,0.5319,-2.543,9,0.4447,0.2006,0.83058,0.6029,0.7392,0.2,0.4569
iran_dang6_diss8,Iranian-17,dft,label_shuffled,12,145371727,False,0.9431,5,4,0.6534,-2.6776,4,0.5767,0.2841,0.25287,0.6069,0.7388,0.0031,0.4615
iran_dang6_diss8,Iranian-17,dft,label_shuffled,12,145371727,False,0.9431,6,8,0.6595,-2.7964,4,0.633,0.2866,0.26537,0.6116,0.759,0.2767,0.4663
iran_dang6_diss8,Iranian-17,dft,label_shuffled,12,145371727,False,0.9431,7,9,0.6423,-2.4622,9,0.5085,0.2912,0.28236,0.6037,0.7393,0.203,0.4506
iran_dang6_diss8,Iranian-17,dft,label_shuffled,12,145371727,False,0.9431,8,11,0.5761,2.3838,11,0.4293,0.2387,0.61669,0.6054,0.7421,0.1563,0.5189
iran_dang6_diss8,Iranian-17,dft,label_shuffled,12,145371727,False,0.9431,9,11,0.5704,-2.281,12,0.4328,0.2284,0.61169,0.5981,0.7249,0.0884,0.4708
iran_dang6_diss8,Iranian-17,dft,label_shuffled,12,145371727,False,0.9431,10,7,0.4902,-0.4325,7,0.4455,0.1663,0.95802,0.6068,0.74,0.0319,0.5073
iran_dang6_diss8,Iranian-17,dft,label_shuffled,12,145371727,False,0.9431,11,4,0.6608,-0.5606,4,0.5494,0.3053,0.23088,0.6082,0.7613,0.0803,0.4727
iran_dang6_diss8,Iranian-17,dft,none,12,1946093186,False,0.9878,0,3,0.7543,2.0112,3,0.352,0.4048,0.02999,0.6008,0.7304,0.0402,0.511
iran_dang6_diss8,Iranian-17,dft,none,12,1946093186,False,0.9878,1,11,0.5839,-0.3557,11,0.5489,0.2281,0.55472,0.6031,0.7372,0.0767,0.4769
iran_dang6_diss8,Iranian-17,dft,none,12,1946093186,False,0.9878,2,12,0.679,3.1416,12,0.679,0.3068,0.16142,0.6031,0.7398,0.35,0.4743
iran_dang6_diss8,Iranian-17,dft,none,12,1946093186,False,0.9878,3,7,0.6401,-0.9774,12,0.446,0.2912,0.33333,0.6135,0.7655,0.1926,0.4624
iran_dang6_diss8,Iranian-17,dft,none,12,1946093186,False,0.9878,4,12,0.8997,3.1416,12,0.8997,0.5117,0.0005,0.5961,0.7289,0.0168,0.4767
iran_dang6_diss8,Iranian-17,dft,none,12,1946093186,False,0.9878,5,12,0.9296,-0.0,12,0.9296,0.5379,0.0005,0.6025,0.7399,0.0107,0.4373
iran_dang6_diss8,Iranian-17,dft,none,12,1946093186,False,0.9878,6,3,0.9883,2.4638,3,0.7833,0.6979,0.0005,0.6116,0.7621,0.114,0.4272
iran_dang6_diss8,Iranian-17,dft,none,12,1946093186,False,0.9878,7,5,0.5231,0.7622,7,0.4072,0.1949,0.85307,0.5941,0.7222,0.0815,0.4685
iran_dang6_diss8,Iranian-17,dft,none,12,1946093186,False,0.9878,8,6,0.9797,-3.1201,6,0.9796,0.9424,0.0005,0.6121,0.7568,0.1362,0.4789
iran_dang6_diss8,Iranian-17,dft,none,12,1946093186,False,0.9878,9,3,0.6977,0.6841,3,0.5309,0.3413,0.10595,0.5994,0.7339,0.1623,0.4838
iran_dang6_diss8,Iranian-17,dft,none,12,1946093186,False,0.9878,10,7,0.7145,0.519,7,0.6194,0.355,0.10645,0.6098,0.7563,0.1723,0.4744
iran_dang6_diss8,Iranian-17,dft,none,12,1946093186,False,0.9878,11,3,0.6569,-2.1385,10,0.3838,0.2959,0.24638,0.6057,0.7487,0.1101,0.5012
iran_dang6_diss8,Iranian-17,dft,input_shuffled,12,1946093186,False,0.9837,0,7,0.6006,2.0836,5,0.4157,0.2452,0.47376,0.6037,0.7431,0.1758,0.4478
iran_dang6_diss8,Iranian-17,dft,input_shuffled,12,1946093186,False,0.9837,1,12,0.9001,3.1416,12,0.9001,0.5105,0.001,0.6082,0.7422,0.0416,0.4858
iran_dang6_diss8,Iranian-17,dft,input_shuffled,12,1946093186,False,0.9837,2,2,0.6904,-3.0038,2,0.6846,0.3292,0.10895,0.5992,0.7251,0.0607,0.4376
iran_dang6_diss8,Iranian-17,dft,input_shuffled,12,1946093186,False,0.9837,3,6,0.5666,1.3428,3,0.2639,0.2107,0.67266,0.6066,0.7435,0.2454,0.485
iran_dang6_diss8,Iranian-17,dft,input_shuffled,12,1946093186,False,0.9837,4,12,0.8565,3.1416,12,0.8565,0.4788,0.0025,0.6057,0.7439,0.0417,0.473
iran_dang6_diss8,Iranian-17,dft,input_shuffled,12,1946093186,False,0.9837,5,12,0.7018,-0.0,12,0.7018,0.3165,0.08296,0.5963,0.7233,0.1236,0.4724
iran_dang6_diss8,Iranian-17,dft,input_shuffled,12,1946093186,False,0.9837,6,3,0.9654,2.3829,3,0.7179,0.6657,0.0005,0.6116,0.7548,0.1663,0.4626
iran_dang6_diss8,Iranian-17,dft,input_shuffled,12,1946093186,False,0.9837,7,7,0.5299,2.4199,4,0.4799,0.191,0.83658,0.6016,0.7367,0.0871,0.4421
iran_dang6_diss8,Iranian-17,dft,input_shuffled,12,1946093186,False,0.9837,8,6,0.9783,2.9581,6,0.9714,0.9295,0.0005,0.6115,0.753,0.0877,0.4725
iran_dang6_diss8,Iranian-17,dft,input_shuffled,12,1946093186,False,0.9837,9,7,0.8441,-2.7353,7,0.7748,0.4847,0.008,0.6118,0.7548,0.4889,0.4678
iran_dang6_diss8,Iranian-17,dft,input_shuffled,12,1946093186,False,0.9837,10,3,0.8108,0.7404,3,0.5846,0.4766,0.01099,0.6086,0.7496,0.037,0.4775
iran_dang6_diss8,Iranian-17,dft,input_shuffled,12,1946093186,False,0.9837,11,4,0.6125,-0.8386,4,0.3951,0.245,0.38031,0.5977,0.7329,0.0894,0.4959
iran_dang6_diss8,Iranian-17,dft,label_shuffled,12,1946093186,False,0.9512,0,7,0.5463,-0.3403,7,0.5151,0.1983,0.71564,0.5914,0.7112,0.1726,0.4966
iran_dang6_diss8,Iranian-17,dft,label_shuffled,12,1946093186,False,0.9512,1,11,0.585,-2.271,1,0.39,0.2452,0.56672,0.6054,0.7374,0.1506,0.4793
iran_dang6_diss8,Iranian-17,dft,label_shuffled,12,1946093186,False,0.9512,2,6,0.6392,-1.5006,4,0.3094,0.2613,0.25287,0.5965,0.7257,0.1548,0.5167
iran_dang6_diss8,Iranian-17,dft,label_shuffled,12,1946093186,False,0.9512,3,9,0.674,-1.3246,3,0.3743,0.3146,0.2044,0.609,0.7606,0.1358,0.4542
iran_dang6_diss8,Iranian-17,dft,label_shuffled,12,1946093186,False,0.9512,4,6,0.6373,-1.9242,2,0.367,0.2766,0.34133,0.61,0.7506,0.1114,0.5065
iran_dang6_diss8,Iranian-17,dft,label_shuffled,12,1946093186,False,0.9512,5,3,0.6714,0.5888,3,0.552,0.2988,0.18191,0.6041,0.7431,0.2808,0.4471
iran_dang6_diss8,Iranian-17,dft,label_shuffled,12,1946093186,False,0.9512,6,7,0.5604,0.5473,7,0.4777,0.2107,0.69715,0.6066,0.7491,0.0467,0.4608
iran_dang6_diss8,Iranian-17,dft,label_shuffled,12,1946093186,False,0.9512,7,4,0.6039,0.5203,4,0.5156,0.2556,0.48576,0.609,0.7485,0.234,0.4408
iran_dang6_diss8,Iranian-17,dft,label_shuffled,12,1946093186,False,0.9512,8,4,0.6176,3.0217,4,0.6126,0.2616,0.41029,0.6081,0.7446,0.2609,0.4946
iran_dang6_diss8,Iranian-17,dft,label_shuffled,12,1946093186,False,0.9512,9,11,0.7053,-2.2562,11,0.4269,0.3462,0.08546,0.5979,0.7323,0.0003,0.5069
iran_dang6_diss8,Iranian-17,dft,label_shuffled,12,1946093186,False,0.9512,10,5,0.6544,-0.5985,5,0.5394,0.2904,0.24638,0.6081,0.7574,0.1882,0.4583
iran_dang6_diss8,Iranian-17,dft,label_shuffled,12,1946093186,False,0.9512,11,3,0.632,0.5527,3,0.5328,0.2896,0.28486,0.5966,0.7297,0.0351,0.4773
iran_dang6_diss8,Iranian-17,dft,none,12,720931959,False,0.9919,0,12,0.9527,3.1416,12,0.9527,0.5692,0.001,0.6086,0.7545,0.132,0.5206
iran_dang6_diss8,Iranian-17,dft,none,12,720931959,False,0.9919,1,3,0.8363,0.6517,3,0.6545,0.4771,0.001,0.5915,0.7215,0.2716,0.4851
iran_dang6_diss8,Iranian-17,dft,none,12,720931959,False,0.9919,2,3,0.8352,0.778,3,0.5787,0.4816,0.01049,0.6111,0.7621,0.1242,0.4661
iran_dang6_diss8,Iranian-17,dft,none,12,720931959,False,0.9919,3,7,0.8045,-2.3461,7,0.5598,0.4466,0.0015,0.5942,0.7151,0.2048,0.4532
iran_dang6_diss8,Iranian-17,dft,none,12,720931959,False,0.9919,4,6,0.9834,2.9354,6,0.9746,0.9406,0.0005,0.611,0.7581,0.1082,0.4576
iran_dang6_diss8,Iranian-17,dft,none,12,720931959,False,0.9919,5,12,0.9226,3.1416,12,0.9226,0.5319,0.001,0.6029,0.7375,0.0115,0.492
iran_dang6_diss8,Iranian-17,dft,none,12,720931959,False,0.9919,6,6,0.7041,1.2376,4,0.4174,0.323,0.09745,0.6005,0.7336,0.1223,0.4511
iran_dang6_diss8,Iranian-17,dft,none,12,720931959,False,0.9919,7,3,0.8231,-0.8218,3,0.5781,0.4783,0.008,0.6144,0.761,0.0089,0.4466
iran_dang6_diss8,Iranian-17,dft,none,12,720931959,False,0.9919,8,7,0.6065,2.282,7,0.3988,0.2454,0.42879,0.6015,0.7354,0.0665,0.5028
iran_dang6_diss8,Iranian-17,dft,none,12,720931959,False,0.9919,9,3,0.6301,-2.0565,11,0.4457,0.2705,0.33983,0.6057,0.7455,0.1028,0.4802
iran_dang6_diss8,Iranian-17,dft,none,12,720931959,False,0.9919,10,7,0.5602,-0.7978,9,0.4699,0.2101,0.68316,0.6007,0.7388,0.089,0.4626
iran_dang6_diss8,Iranian-17,dft,none,12,720931959,False,0.9919,11,12,0.838,-0.0,12,0.838,0.4523,0.006,0.6088,0.7469,0.19,0.513
iran_dang6_diss8,Iranian-17,dft,input_shuffled,12,720931959,False,0.9756,0,12,0.7805,3.1416,12,0.7805,0.3906,0.0055,0.5925,0.7153,0.0928,0.4932
iran_dang6_diss8,Iranian-17,dft,input_shuffled,12,720931959,False,0.9756,1,2,0.7034,-1.3204,4,0.5302,0.3474,0.10045,0.6047,0.7404,0.24,0.4418
iran_dang6_diss8,Iranian-17,dft,input_shuffled,12,720931959,False,0.9756,2,12,0.6887,3.1416,12,0.6887,0.3178,0.15392,0.6105,0.7573,0.2787,0.4553
iran_dang6_diss8,Iranian-17,dft,input_shuffled,12,720931959,False,0.9756,3,7,0.8135,-0.7787,7,0.5822,0.457,0.005,0.6021,0.7379,0.0891,0.5097
iran_dang6_diss8,Iranian-17,dft,input_shuffled,12,720931959,False,0.9756,4,3,0.8703,2.1637,3,0.5134,0.5675,0.0045,0.6117,0.7575,0.2255,0.5052
iran_dang6_diss8,Iranian-17,dft,input_shuffled,12,720931959,False,0.9756,5,12,0.6072,3.1416,12,0.6072,0.2587,0.42879,0.602,0.7396,0.1278,0.454
iran_dang6_diss8,Iranian-17,dft,input_shuffled,12,720931959,False,0.9756,6,3,0.8191,0.293,3,0.7832,0.4605,0.01149,0.6076,0.7463,0.1558,0.4774
iran_dang6_diss8,Iranian-17,dft,input_shuffled,12,720931959,False,0.9756,7,7,0.8698,0.7334,7,0.6432,0.5226,0.001,0.6093,0.747,0.1859,0.4504
iran_dang6_diss8,Iranian-17,dft,input_shuffled,12,720931959,False,0.9756,8,8,0.5842,-0.4667,8,0.5148,0.2444,0.5922,0.6106,0.7576,0.0966,0.455
iran_dang6_diss8,Iranian-17,dft,input_shuffled,12,720931959,False,0.9756,9,2,0.617,1.7198,5,0.3909,0.2595,0.4043,0.6083,0.7548,0.0009,0.4939
iran_dang6_diss8,Iranian-17,dft,input_shuffled,12,720931959,False,0.9756,10,4,0.6118,-1.4171,12,0.4351,0.2592,0.4018,0.6016,0.7305,0.0591,0.5118
iran_dang6_diss8,Iranian-17,dft,input_shuffled,12,720931959,False,0.9756,11,12,0.6203,3.1416,12,0.6203,0.2581,0.30985,0.5883,0.708,0.2763,0.5185
iran_dang6_diss8,Iranian-17,dft,label_shuffled,12,720931959,False,0.9431,0,6,0.7073,2.4729,6,0.6308,0.3853,0.07696,0.5996,0.7299,0.2114,0.4533
iran_dang6_diss8,Iranian-17,dft,label_shuffled,12,720931959,False,0.9431,1,7,0.5699,2.7116,12,0.5241,0.2196,0.62819,0.5999,0.7309,0.012,0.4405
iran_dang6_diss8,Iranian-17,dft,label_shuffled,12,720931959,False,0.9431,2,8,0.5317,1.0647,12,0.3384,0.1969,0.8086,0.59,0.7087,0.3968,0.505
iran_dang6_diss8,Iranian-17,dft,label_shuffled,12,720931959,False,0.9431,3,4,0.7493,-2.1488,4,0.3915,0.4012,0.02649,0.598,0.7261,0.1621,0.4568
iran_dang6_diss8,Iranian-17,dft,label_shuffled,12,720931959,False,0.9431,4,10,0.6497,0.7096,10,0.5057,0.2939,0.27786,0.6095,0.7464,0.3861,0.4925
iran_dang6_diss8,Iranian-17,dft,label_shuffled,12,720931959,False,0.9431,5,6,0.708,1.8802,5,0.3564,0.327,0.07046,0.5956,0.724,0.0847,0.4634
iran_dang6_diss8,Iranian-17,dft,label_shuffled,12,720931959,False,0.9431,6,4,0.6111,-0.2965,4,0.5811,0.2499,0.41579,0.6031,0.7392,0.2788,0.4858
iran_dang6_diss8,Iranian-17,dft,label_shuffled,12,720931959,False,0.9431,7,6,0.5787,-0.3264,6,0.5655,0.2564,0.58321,0.6004,0.7262,0.1192,0.4726
iran_dang6_diss8,Iranian-17,dft,label_shuffled,12,720931959,False,0.9431,8,7,0.5153,1.7169,11,0.4322,0.1904,0.90855,0.6108,0.7564,0.5312,0.5012
iran_dang6_diss8,Iranian-17,dft,label_shuffled,12,720931959,False,0.9431,9,10,0.5123,1.3775,6,0.4062,0.1913,0.91604,0.6092,0.7494,0.0592,0.4977
iran_dang6_diss8,Iranian-17,dft,label_shuffled,12,720931959,False,0.9431,10,8,0.6325,2.8695,8,0.6063,0.2702,0.36082,0.6115,0.7609,0.231,0.4721
iran_dang6_diss8,Iranian-17,dft,label_shuffled,12,720931959,False,0.9431,11,5,0.5282,0.4376,5,0.4789,0.1819,0.83758,0.6017,0.7382,0.1912,0.4997
iran_dang6_diss8,Iranian-17,dft,none,12,1911253313,False,0.9878,0,7,0.6586,0.0697,7,0.657,0.2979,0.11844,0.5788,0.6982,0.0528,0.4732
iran_dang6_diss8,Iranian-17,dft,none,12,1911253313,False,0.9878,1,9,0.6984,-0.7935,3,0.5628,0.3477,0.13993,0.6123,0.7598,0.0026,0.4519
iran_dang6_diss8,Iranian-17,dft,none,12,1911253313,False,0.9878,2,2,0.7172,1.8015,5,0.3521,0.3499,0.09595,0.6059,0.7521,0.1228,0.4847
iran_dang6_diss8,Iranian-17,dft,none,12,1911253313,False,0.9878,3,3,0.9709,2.4559,3,0.765,0.675,0.0005,0.6107,0.7621,0.0798,0.4262
iran_dang6_diss8,Iranian-17,dft,none,12,1911253313,False,0.9878,4,6,0.9542,-0.1367,6,0.9505,0.8756,0.0005,0.6097,0.7553,0.1462,0.5032
iran_dang6_diss8,Iranian-17,dft,none,12,1911253313,False,0.9878,5,3,0.6125,1.1364,12,0.336,0.2613,0.32784,0.5881,0.7038,0.095,0.49
iran_dang6_diss8,Iranian-17,dft,none,12,1911253313,False,0.9878,6,3,0.9565,0.7578,3,0.6773,0.6141,0.0005,0.6121,0.7644,0.2671,0.498
iran_dang6_diss8,Iranian-17,dft,none,12,1911253313,False,0.9878,7,7,0.8732,-2.2332,7,0.5322,0.5158,0.001,0.6013,0.7306,0.0814,0.5175
iran_dang6_diss8,Iranian-17,dft,none,12,1911253313,False,0.9878,8,7,0.8135,-0.7612,7,0.592,0.435,0.009,0.6087,0.7454,0.0087,0.4888
iran_dang6_diss8,Iranian-17,dft,none,12,1911253313,False,0.9878,9,9,0.6963,2.5098,9,0.5539,0.3416,0.13643,0.6084,0.7548,0.0319,0.444
iran_dang6_diss8,Iranian-17,dft,none,12,1911253313,False,0.9878,10,12,0.9233,3.1416,12,0.9233,0.5401,0.0005,0.5985,0.7357,0.0618,0.4732
iran_dang6_diss8,Iranian-17,dft,none,12,1911253313,False,0.9878,11,12,0.8382,3.1416,12,0.8382,0.4506,0.006,0.608,0.7489,0.1784,0.5107
iran_dang6_diss8,Iranian-17,dft,input_shuffled,12,1911253313,False,0.9959,0,3,0.8046,-2.9953,3,0.7959,0.4417,0.01399,0.606,0.7587,0.1477,0.4784
iran_dang6_diss8,Iranian-17,dft,input_shuffled,12,1911253313,False,0.9959,1,12,0.8052,-0.0,12,0.8052,0.4169,0.0095,0.6065,0.7462,0.1632,0.4577
iran_dang6_diss8,Iranian-17,dft,input_shuffled,12,1911253313,False,0.9959,2,12,0.9129,-0.0,12,0.9129,0.5226,0.0005,0.5978,0.7285,0.178,0.4935
iran_dang6_diss8,Iranian-17,dft,input_shuffled,12,1911253313,False,0.9959,3,7,0.6653,0.6218,7,0.5393,0.3039,0.1909,0.6006,0.735,0.3655,0.4589
iran_dang6_diss8,Iranian-17,dft,input_shuffled,12,1911253313,False,0.9959,4,3,0.8875,-1.0009,3,0.5077,0.5653,0.0035,0.6118,0.7638,0.1833,0.5216
iran_dang6_diss8,Iranian-17,dft,input_shuffled,12,1911253313,False,0.9959,5,3,0.5961,1.2517,9,0.3422,0.2414,0.43128,0.5896,0.7113,0.0184,0.4595
iran_dang6_diss8,Iranian-17,dft,input_shuffled,12,1911253313,False,0.9959,6,12,0.6931,-0.0,12,0.6931,0.3179,0.08246,0.5894,0.7147,0.166,0.4693
iran_dang6_diss8,Iranian-17,dft,input_shuffled,12,1911253313,False,0.9959,7,6,0.9696,2.6652,6,0.9205,0.8545,0.0005,0.6179,0.7798,0.0649,0.4339
iran_dang6_diss8,Iranian-17,dft,input_shuffled,12,1911253313,False,0.9959,8,12,0.7216,-0.0,12,0.7216,0.3464,0.07296,0.6023,0.7393,0.0872,0.5249
iran_dang6_diss8,Iranian-17,dft,input_shuffled,12,1911253313,False,0.9959,9,12,0.7275,3.1416,12,0.7275,0.388,0.08096,0.6111,0.7473,0.132,0.4696
iran_dang6_diss8,Iranian-17,dft,input_shuffled,12,1911253313,False,0.9959,10,7,0.808,-1.0807,7,0.3865,0.4551,0.0015,0.5915,0.7085,0.1105,0.5124
iran_dang6_diss8,Iranian-17,dft,input_shuffled,12,1911253313,False,0.9959,11,6,0.6185,3.128,6,0.6185,0.3059,0.36882,0.6007,0.7298,0.1752,0.4553
iran_dang6_diss8,Iranian-17,dft,label_shuffled,12,1911253313,False,0.9472,0,9,0.7031,1.9748,7,0.3949,0.3372,0.12244,0.6089,0.7482,0.3074,0.4763
iran_dang6_diss8,Iranian-17,dft,label_shuffled,12,1911253313,False,0.9472,1,2,0.6511,-1.0807,4,0.427,0.2975,0.23688,0.6,0.7367,0.0107,0.5094
iran_dang6_diss8,Iranian-17,dft,label_shuffled,12,1911253313,False,0.9472,2,4,0.7151,-0.555,4,0.5968,0.3532,0.09045,0.6068,0.7452,0.4951,0.4735
iran_dang6_diss8,Iranian-17,dft,label_shuffled,12,1911253313,False,0.9472,3,6,0.794,2.7672,6,0.7699,0.5303,0.01549,0.6015,0.7371,0.1325,0.4545
iran_dang6_diss8,Iranian-17,dft,label_shuffled,12,1911253313,False,0.9472,4,8,0.5836,-1.0339,4,0.5563,0.2389,0.58571,0.6098,0.7521,0.0139,0.4949
iran_dang6_diss8,Iranian-17,dft,label_shuffled,12,1911253313,False,0.9472,5,2,0.6083,-1.0705,4,0.4349,0.2638,0.44928,0.6074,0.7489,0.2449,0.4384
iran_dang6_diss8,Iranian-17,dft,label_shuffled,12,1911253313,False,0.9472,6,1,0.5628,-0.78,12,0.4107,0.2181,0.68666,0.6074,0.7476,0.3257,0.5339
iran_dang6_diss8,Iranian-17,dft,label_shuffled,12,1911253313,False,0.9472,7,10,0.5395,-2.3745,8,0.4831,0.1975,0.81209,0.6086,0.7482,0.3061,0.51
iran_dang6_diss8,Iranian-17,dft,label_shuffled,12,1911253313,False,0.9472,8,8,0.6716,0.1229,8,0.6658,0.3108,0.18741,0.6051,0.738,0.2487,0.4575
iran_dang6_diss8,Iranian-17,dft,label_shuffled,12,1911253313,False,0.9472,9,3,0.6031,-1.8811,9,0.4553,0.2587,0.45777,0.6014,0.7358,0.2184,0.4695
iran_dang6_diss8,Iranian-17,dft,label_shuffled,12,1911253313,False,0.9472,10,11,0.685,1.0425,11,0.3189,0.3264,0.17041,0.6067,0.7515,0.2653,0.4673
iran_dang6_diss8,Iranian-17,dft,label_shuffled,12,1911253313,False,0.9472,11,6,0.5627,-1.1946,11,0.3712,0.2142,0.61569,0.5913,0.7192,0.4581,0.4743
iran_dang6_diss8,Iranian-17,dft,none,12,2120584945,False,0.9797,0,12,0.8241,-0.0,12,0.8241,0.4403,0.002,0.6018,0.7375,0.0541,0.509
iran_dang6_diss8,Iranian-17,dft,none,12,2120584945,False,0.9797,1,6,0.5982,-3.1199,6,0.5981,0.2801,0.47776,0.6009,0.7391,0.1163,0.5096
iran_dang6_diss8,Iranian-17,dft,none,12,2120584945,False,0.9797,2,12,0.5543,-0.0,12,0.5543,0.1962,0.73863,0.6034,0.7275,0.0181,0.4916
iran_dang6_diss8,Iranian-17,dft,none,12,2120584945,False,0.9797,3,5,0.5573,0.742,5,0.4127,0.219,0.67216,0.5948,0.7323,0.0396,0.5018
iran_dang6_diss8,Iranian-17,dft,none,12,2120584945,False,0.9797,4,2,0.7286,2.6151,2,0.6394,0.3609,0.05547,0.6,0.7319,0.1167,0.4661
iran_dang6_diss8,Iranian-17,dft,none,12,2120584945,False,0.9797,5,7,0.6761,1.6369,9,0.3894,0.3162,0.15542,0.6005,0.7369,0.0061,0.4972
iran_dang6_diss8,Iranian-17,dft,none,12,2120584945,False,0.9797,6,12,0.7211,3.1416,12,0.7211,0.3466,0.08246,0.6063,0.7436,0.3085,0.5069
iran_dang6_diss8,Iranian-17,dft,none,12,2120584945,False,0.9797,7,2,0.7311,-2.1047,9,0.3921,0.3732,0.03798,0.5963,0.7224,0.0919,0.4482
iran_dang6_diss8,Iranian-17,dft,none,12,2120584945,False,0.9797,8,7,0.8679,0.4583,7,0.7775,0.5145,0.001,0.6018,0.7337,0.2142,0.4905
iran_dang6_diss8,Iranian-17,dft,none,12,2120584945,False,0.9797,9,4,0.5373,-2.7408,7,0.4992,0.1909,0.75512,0.5863,0.7118,0.0262,0.4984
iran_dang6_diss8,Iranian-17,dft,none,12,2120584945,False,0.9797,10,3,0.9104,-3.0963,3,0.9094,0.5687,0.0005,0.6086,0.7526,0.0686,0.4514
iran_dang6_diss8,Iranian-17,dft,none,12,2120584945,False,0.9797,11,6,0.8081,-0.492,6,0.7642,0.5358,0.0035,0.6001,0.7302,0.0216,0.4508
iran_dang6_diss8,Iranian-17,dft,input_shuffled,12,2120584945,False,0.9634,0,9,0.6595,2.2887,3,0.4776,0.2923,0.1924,0.5985,0.7365,0.1805,0.4735
iran_dang6_diss8,Iranian-17,dft,input_shuffled,12,2120584945,False,0.9634,1,2,0.679,-0.1112,2,0.6753,0.3246,0.17591,0.6077,0.7543,0.1796,0.4918
iran_dang6_diss8,Iranian-17,dft,input_shuffled,12,2120584945,False,0.9634,2,7,0.6006,-2.4637,8,0.5779,0.2516,0.49325,0.6079,0.7525,0.3196,0.4664
iran_dang6_diss8,Iranian-17,dft,input_shuffled,12,2120584945,False,0.9634,3,3,0.936,2.0815,3,0.4914,0.6348,0.0005,0.6092,0.7581,0.1927,0.5297
iran_dang6_diss8,Iranian-17,dft,input_shuffled,12,2120584945,False,0.9634,4,2,0.7043,-0.0156,2,0.7043,0.3506,0.09945,0.6023,0.7349,0.0111,0.4747
iran_dang6_diss8,Iranian-17,dft,input_shuffled,12,2120584945,False,0.9634,5,12,0.7599,-0.0,12,0.7599,0.3764,0.02149,0.5952,0.726,0.1838,0.4838
iran_dang6_diss8,Iranian-17,dft,input_shuffled,12,2120584945,False,0.9634,6,1,0.6097,-1.7532,5,0.3286,0.2404,0.46927,0.6132,0.7593,0.3821,0.5278
iran_dang6_diss8,Iranian-17,dft,input_shuffled,12,2120584945,False,0.9634,7,6,0.9753,2.8439,6,0.9569,0.9075,0.0005,0.6114,0.7572,0.0524,0.4491
iran_dang6_diss8,Iranian-17,dft,input_shuffled,12,2120584945,False,0.9634,8,7,0.7376,2.646,7,0.6497,0.372,0.02499,0.5904,0.7116,0.1401,0.5284
iran_dang6_diss8,Iranian-17,dft,input_shuffled,12,2120584945,False,0.9634,9,12,0.737,3.1416,12,0.737,0.3643,0.06247,0.6079,0.7453,0.218,0.5151
iran_dang6_diss8,Iranian-17,dft,input_shuffled,12,2120584945,False,0.9634,10,6,0.7028,-2.9367,6,0.6966,0.3996,0.06897,0.5912,0.7169,0.3424,0.5034
iran_dang6_diss8,Iranian-17,dft,input_shuffled,12,2120584945,False,0.9634,11,1,0.4971,1.6142,12,0.4296,0.1619,0.89005,0.5663,0.67,0.4509,0.4874
iran_dang6_diss8,Iranian-17,dft,label_shuffled,12,2120584945,False,0.9634,0,11,0.592,1.8243,7,0.2733,0.2538,0.52774,0.6072,0.7545,0.3756,0.4721
iran_dang6_diss8,Iranian-17,dft,label_shuffled,12,2120584945,False,0.9634,1,6,0.6213,-0.5888,6,0.5711,0.2977,0.4003,0.6105,0.7567,0.2383,0.4735
iran_dang6_diss8,Iranian-17,dft,label_shuffled,12,2120584945,False,0.9634,2,11,0.5697,0.9438,6,0.5237,0.2447,0.63568,0.6014,0.7341,0.1371,0.4852
iran_dang6_diss8,Iranian-17,dft,label_shuffled,12,2120584945,False,0.9634,3,12,0.719,-0.0,12,0.719,0.3363,0.07746,0.6012,0.7415,0.0716,0.5032
iran_dang6_diss8,Iranian-17,dft,label_shuffled,12,2120584945,False,0.9634,4,9,0.5456,-1.878,10,0.4179,0.2168,0.75412,0.6042,0.7441,0.0014,0.4728
iran_dang6_diss8,Iranian-17,dft,label_shuffled,12,2120584945,False,0.9634,5,10,0.6705,0.5846,10,0.5695,0.3119,0.21039,0.6094,0.7579,0.3111,0.4331
iran_dang6_diss8,Iranian-17,dft,label_shuffled,12,2120584945,False,0.9634,6,4,0.6845,-0.1307,4,0.6779,0.3239,0.11744,0.5958,0.7213,0.0884,0.4668
iran_dang6_diss8,Iranian-17,dft,label_shuffled,12,2120584945,False,0.9634,7,7,0.5359,1.047,5,0.3664,0.2021,0.81309,0.6047,0.7407,0.0738,0.4788
iran_dang6_diss8,Iranian-17,dft,label_shuffled,12,2120584945,False,0.9634,8,6,0.5025,1.9077,1,0.4331,0.1723,0.93953,0.6022,0.7355,0.0725,0.4879
iran_dang6_diss8,Iranian-17,dft,label_shuffled,12,2120584945,False,0.9634,9,11,0.5408,-1.5279,2,0.4892,0.2007,0.77911,0.5988,0.7305,0.1613,0.4536
iran_dang6_diss8,Iranian-17,dft,label_shuffled,12,2120584945,False,0.9634,10,2,0.5027,0.4975,4,0.4978,0.1768,0.93503,0.6067,0.7369,0.0637,0.4578
iran_dang6_diss8,Iranian-17,dft,label_shuffled,12,2120584945,False,0.9634,11,10,0.5412,1.2776,2,0.429,0.2072,0.78561,0.6063,0.7475,0.2112,0.5072
iran_dang6_diss8,Iranian-17,dft,none,12,976710354,False,0.9228,0,2,0.6439,-0.7034,5,0.565,0.2908,0.27986,0.6046,0.7463,0.2007,0.4518
iran_dang6_diss8,Iranian-17,dft,none,12,976710354,False,0.9228,1,3,0.9585,2.4191,3,0.7343,0.6493,0.0005,0.6132,0.7619,0.1033,0.51
iran_dang6_diss8,Iranian-17,dft,none,12,976710354,False,0.9228,2,7,0.8362,0.8368,7,0.5563,0.4675,0.005,0.6002,0.7366,0.1491,0.4745
iran_dang6_diss8,Iranian-17,dft,none,12,976710354,False,0.9228,3,7,0.8348,2.438,7,0.6391,0.472,0.005,0.6046,0.7493,0.0325,0.4572
iran_dang6_diss8,Iranian-17,dft,none,12,976710354,False,0.9228,4,2,0.625,-2.4994,2,0.5114,0.2615,0.35682,0.6045,0.7458,0.0625,0.4924
iran_dang6_diss8,Iranian-17,dft,none,12,976710354,False,0.9228,5,4,0.797,-3.0147,4,0.7898,0.4333,0.01,0.6027,0.7392,0.0736,0.3968
iran_dang6_diss8,Iranian-17,dft,none,12,976710354,False,0.9228,6,9,0.7098,-0.1259,9,0.7041,0.3534,0.06997,0.5999,0.7242,0.0181,0.4545
iran_dang6_diss8,Iranian-17,dft,none,12,976710354,False,0.9228,7,6,0.587,2.6755,6,0.5586,0.2554,0.48276,0.5916,0.7157,0.0888,0.4429
iran_dang6_diss8,Iranian-17,dft,none,12,976710354,False,0.9228,8,6,0.6274,-3.0435,6,0.6261,0.3099,0.33883,0.6012,0.7334,0.1268,0.4475
iran_dang6_diss8,Iranian-17,dft,none,12,976710354,False,0.9228,9,3,0.5908,0.4752,3,0.5223,0.2328,0.50925,0.5982,0.7224,0.0683,0.4816
iran_dang6_diss8,Iranian-17,dft,none,12,976710354,False,0.9228,10,6,0.8931,2.8341,6,0.8751,0.7171,0.0005,0.6137,0.7551,0.0239,0.4751
iran_dang6_diss8,Iranian-17,dft,none,12,976710354,False,0.9228,11,12,0.6685,-0.0,12,0.6685,0.3009,0.18091,0.6013,0.7328,0.0938,0.4623
iran_dang6_diss8,Iranian-17,dft,input_shuffled,12,976710354,False,0.9024,0,2,0.5157,-3.0625,2,0.5143,0.1796,0.86257,0.5861,0.6977,0.0497,0.4356
iran_dang6_diss8,Iranian-17,dft,input_shuffled,12,976710354,False,0.9024,1,5,0.6537,0.5647,7,0.5844,0.3012,0.2094,0.5968,0.7268,0.4202,0.472
iran_dang6_diss8,Iranian-17,dft,input_shuffled,12,976710354,False,0.9024,2,3,0.9713,-0.7009,3,0.7567,0.6689,0.0005,0.6131,0.7648,0.1114,0.4654
iran_dang6_diss8,Iranian-17,dft,input_shuffled,12,976710354,False,0.9024,3,6,0.8991,3.1281,6,0.8991,0.7466,0.0005,0.6048,0.7455,0.0765,0.4461
iran_dang6_diss8,Iranian-17,dft,input_shuffled,12,976710354,False,0.9024,4,7,0.7328,-0.6409,7,0.5891,0.3869,0.05697,0.6034,0.7371,0.025,0.4883
iran_dang6_diss8,Iranian-17,dft,input_shuffled,12,976710354,False,0.9024,5,9,0.6406,-0.2534,9,0.6197,0.2831,0.27286,0.602,0.7434,0.0232,0.4195
iran_dang6_diss8,Iranian-17,dft,input_shuffled,12,976710354,False,0.9024,6,6,0.5875,-0.9433,12,0.5172,0.2373,0.54973,0.6053,0.7417,0.0848,0.5015
iran_dang6_diss8,Iranian-17,dft,input_shuffled,12,976710354,False,0.9024,7,3,0.6583,0.7225,12,0.5578,0.2866,0.26037,0.6105,0.7571,0.1879,0.4785
iran_dang6_diss8,Iranian-17,dft,input_shuffled,12,976710354,False,0.9024,8,12,0.8335,3.1416,12,0.8335,0.4362,0.0055,0.6051,0.7387,0.1839,0.4667
iran_dang6_diss8,Iranian-17,dft,input_shuffled,12,976710354,False,0.9024,9,6,0.8476,0.1492,6,0.8437,0.6356,0.0045,0.6059,0.7369,0.2324,0.5303
iran_dang6_diss8,Iranian-17,dft,input_shuffled,12,976710354,False,0.9024,10,12,0.5714,3.1416,12,0.5714,0.2215,0.63268,0.601,0.7282,0.1391,0.4854
iran_dang6_diss8,Iranian-17,dft,input_shuffled,12,976710354,False,0.9024,11,3,0.7184,1.4725,2,0.4149,0.3595,0.07096,0.6014,0.7348,0.1634,0.5156
iran_dang6_diss8,Iranian-17,dft,label_shuffled,12,976710354,False,0.9593,0,10,0.5256,2.4514,8,0.4512,0.1962,0.83758,0.5935,0.72,0.1303,0.4608
iran_dang6_diss8,Iranian-17,dft,label_shuffled,12,976710354,False,0.9593,1,4,0.7215,2.5413,4,0.5831,0.3623,0.08646,0.6087,0.7504,0.1616,0.4686
iran_dang6_diss8,Iranian-17,dft,label_shuffled,12,976710354,False,0.9593,2,7,0.6247,2.9711,7,0.6157,0.248,0.35432,0.604,0.7396,0.1489,0.52
iran_dang6_diss8,Iranian-17,dft,label_shuffled,12,976710354,False,0.9593,3,9,0.613,0.4698,9,0.5498,0.262,0.41679,0.6045,0.7413,0.2007,0.4396
iran_dang6_diss8,Iranian-17,dft,label_shuffled,12,976710354,False,0.9593,4,4,0.5278,1.7668,11,0.457,0.1957,0.81609,0.592,0.711,0.0462,0.4438
iran_dang6_diss8,Iranian-17,dft,label_shuffled,12,976710354,False,0.9593,5,2,0.5781,-3.066,2,0.5767,0.2369,0.6027,0.6057,0.7467,0.2065,0.4285
iran_dang6_diss8,Iranian-17,dft,label_shuffled,12,976710354,False,0.9593,6,11,0.5803,-3.0858,11,0.5794,0.2214,0.56572,0.6011,0.7358,0.0531,0.4834
iran_dang6_diss8,Iranian-17,dft,label_shuffled,12,976710354,False,0.9593,7,11,0.6052,0.8113,9,0.4066,0.2546,0.43978,0.6023,0.7375,0.2256,0.4841
iran_dang6_diss8,Iranian-17,dft,label_shuffled,12,976710354,False,0.9593,8,8,0.4873,1.2604,1,0.3267,0.1587,0.96252,0.5961,0.717,0.1513,0.5139
iran_dang6_diss8,Iranian-17,dft,label_shuffled,12,976710354,False,0.9593,9,5,0.5251,-3.0101,5,0.5206,0.2021,0.84358,0.5988,0.7292,0.0838,0.4657
iran_dang6_diss8,Iranian-17,dft,label_shuffled,12,976710354,False,0.9593,10,3,0.5518,1.4125,7,0.4649,0.2035,0.73313,0.598,0.7225,0.1438,0.4882
iran_dang6_diss8,Iranian-17,dft,label_shuffled,12,976710354,False,0.9593,11,5,0.6224,-3.083,5,0.6213,0.2773,0.37331,0.6054,0.7367,0.1999,0.4876
iran_dang6_diss8,Iranian-17,dft,none,12,783853368,False,0.9919,0,6,0.9884,-0.021,6,0.9883,0.9665,0.0005,0.6117,0.7538,0.1951,0.4886
iran_dang6_diss8,Iranian-17,dft,none,12,783853368,False,0.9919,1,7,0.7603,-1.6532,10,0.3822,0.3958,0.03748,0.6049,0.745,0.1833,0.4973
iran_dang6_diss8,Iranian-17,dft,none,12,783853368,False,0.9919,2,5,0.637,2.3979,5,0.4667,0.2965,0.34083,0.6106,0.7535,0.1081,0.4904
iran_dang6_diss8,Iranian-17,dft,none,12,783853368,False,0.9919,3,3,0.8491,-2.306,3,0.55,0.5008,0.0035,0.6062,0.7541,0.1773,0.4349
iran_dang6_diss8,Iranian-17,dft,none,12,783853368,False,0.9919,4,7,0.7817,1.9172,6,0.3366,0.4264,0.02399,0.6081,0.7477,0.1347,0.4186
iran_dang6_diss8,Iranian-17,dft,none,12,783853368,False,0.9919,5,3,0.9697,-0.6981,3,0.757,0.675,0.0005,0.6089,0.7645,0.0648,0.5014
iran_dang6_diss8,Iranian-17,dft,none,12,783853368,False,0.9919,6,7,0.675,-0.3577,7,0.6326,0.3053,0.15742,0.5996,0.7282,0.1034,0.506
iran_dang6_diss8,Iranian-17,dft,none,12,783853368,False,0.9919,7,12,0.9497,-0.0,12,0.9497,0.5627,0.001,0.6071,0.7539,0.2444,0.4683
iran_dang6_diss8,Iranian-17,dft,none,12,783853368,False,0.9919,8,2,0.5938,-1.1342,8,0.3896,0.2499,0.44428,0.5912,0.7195,0.1034,0.4559
iran_dang6_diss8,Iranian-17,dft,none,12,783853368,False,0.9919,9,12,0.7806,-0.0,12,0.7806,0.3965,0.02649,0.6104,0.7536,0.1882,0.4794
iran_dang6_diss8,Iranian-17,dft,none,12,783853368,False,0.9919,10,7,0.7553,0.423,7,0.6882,0.3754,0.05947,0.6135,0.7653,0.1241,0.4931
iran_dang6_diss8,Iranian-17,dft,none,12,783853368,False,0.9919,11,12,0.9099,3.1416,12,0.9099,0.5254,0.0015,0.6087,0.7529,0.1385,0.4119
iran_dang6_diss8,Iranian-17,dft,input_shuffled,12,783853368,False,0.9878,0,7,0.6389,-0.4542,7,0.5748,0.279,0.17141,0.5788,0.6952,0.0793,0.5313
iran_dang6_diss8,Iranian-17,dft,input_shuffled,12,783853368,False,0.9878,1,7,0.7293,1.0543,10,0.4088,0.3655,0.06147,0.6045,0.7394,0.5375,0.4528
iran_dang6_diss8,Iranian-17,dft,input_shuffled,12,783853368,False,0.9878,2,3,0.8225,-2.5928,3,0.6952,0.4749,0.01049,0.6115,0.7595,0.0241,0.5057
iran_dang6_diss8,Iranian-17,dft,input_shuffled,12,783853368,False,0.9878,3,6,0.984,2.9894,6,0.9793,0.9468,0.0005,0.6152,0.7711,0.1505,0.4832
iran_dang6_diss8,Iranian-17,dft,input_shuffled,12,783853368,False,0.9878,4,6,0.6788,2.3387,6,0.5653,0.3367,0.16442,0.6023,0.7432,0.1274,0.5046
iran_dang6_diss8,Iranian-17,dft,input_shuffled,12,783853368,False,0.9878,5,3,0.8238,2.2615,3,0.5454,0.4794,0.01499,0.6123,0.7646,0.0115,0.4534
iran_dang6_diss8,Iranian-17,dft,input_shuffled,12,783853368,False,0.9878,6,3,0.8061,-2.4884,3,0.6301,0.4616,0.01649,0.6083,0.7534,0.189,0.4441
iran_dang6_diss8,Iranian-17,dft,input_shuffled,12,783853368,False,0.9878,7,12,0.7404,-0.0,12,0.7404,0.3583,0.05647,0.6064,0.7454,0.0708,0.4679
iran_dang6_diss8,Iranian-17,dft,input_shuffled,12,783853368,False,0.9878,8,2,0.6839,0.4285,2,0.6285,0.3321,0.15242,0.6022,0.7356,0.0781,0.4674
iran_dang6_diss8,Iranian-17,dft,input_shuffled,12,783853368,False,0.9878,9,12,0.8953,-0.0,12,0.8953,0.523,0.0005,0.6074,0.7552,0.0457,0.4999
iran_dang6_diss8,Iranian-17,dft,input_shuffled,12,783853368,False,0.9878,10,12,0.77,-0.0,12,0.77,0.3714,0.01949,0.5943,0.7273,0.0207,0.4907
iran_dang6_diss8,Iranian-17,dft,input_shuffled,12,783853368,False,0.9878,11,7,0.5703,-0.8597,2,0.4889,0.2316,0.62569,0.6009,0.7373,0.0875,0.4697
iran_dang6_diss8,Iranian-17,dft,label_shuffled,12,783853368,False,0.8984,0,6,0.5741,2.906,6,0.5675,0.2522,0.5982,0.5977,0.728,0.3358,0.4644
iran_dang6_diss8,Iranian-17,dft,label_shuffled,12,783853368,False,0.8984,1,11,0.6106,1.0563,9,0.394,0.2616,0.42579,0.6027,0.7325,0.2,0.4647
iran_dang6_diss8,Iranian-17,dft,label_shuffled,12,783853368,False,0.8984,2,7,0.5573,0.0795,7,0.5555,0.2155,0.71564,0.608,0.745,0.012,0.5117
iran_dang6_diss8,Iranian-17,dft,label_shuffled,12,783853368,False,0.8984,3,7,0.5933,0.5743,7,0.497,0.2411,0.49975,0.6015,0.7354,0.2031,0.4432
iran_dang6_diss8,Iranian-17,dft,label_shuffled,12,783853368,False,0.8984,4,8,0.5882,-2.4387,11,0.5135,0.2387,0.51924,0.6003,0.7349,0.4031,0.484
iran_dang6_diss8,Iranian-17,dft,label_shuffled,12,783853368,False,0.8984,5,7,0.6397,-0.3432,7,0.6027,0.2702,0.25587,0.596,0.7114,0.0723,0.4659
iran_dang6_diss8,Iranian-17,dft,label_shuffled,12,783853368,False,0.8984,6,2,0.5681,-3.0526,2,0.5661,0.2237,0.67366,0.6119,0.7554,0.151,0.4478
iran_dang6_diss8,Iranian-17,dft,label_shuffled,12,783853368,False,0.8984,7,11,0.6151,-1.693,1,0.3404,0.2521,0.3938,0.6003,0.7326,0.3708,0.5358
iran_dang6_diss8,Iranian-17,dft,label_shuffled,12,783853368,False,0.8984,8,3,0.6045,0.0279,3,0.6043,0.2447,0.46477,0.6072,0.754,0.1316,0.4834
iran_dang6_diss8,Iranian-17,dft,label_shuffled,12,783853368,False,0.8984,9,8,0.6147,0.7879,4,0.4554,0.2792,0.4013,0.602,0.7331,0.1133,0.4749
iran_dang6_diss8,Iranian-17,dft,label_shuffled,12,783853368,False,0.8984,10,4,0.6353,0.6672,4,0.4868,0.2778,0.27236,0.5969,0.7247,0.2503,0.4479
iran_dang6_diss8,Iranian-17,dft,label_shuffled,12,783853368,False,0.8984,11,1,0.5932,-1.811,2,0.5192,0.2371,0.52124,0.6061,0.7454,0.3604,0.4777
iran_dang6_diss8,Iranian-17,dft,none,12,1442084318,False,0.9675,0,2,0.6964,-2.8119,2,0.663,0.3518,0.12494,0.6043,0.7441,0.1275,0.4918
iran_dang6_diss8,Iranian-17,dft,none,12,1442084318,False,0.9675,1,12,0.7339,-0.0,12,0.7339,0.3569,0.05697,0.6059,0.7387,0.0907,0.5166
iran_dang6_diss8,Iranian-17,dft,none,12,1442084318,False,0.9675,2,10,0.6806,3.071,10,0.6791,0.3256,0.17191,0.6078,0.7541,0.2145,0.5667
iran_dang6_diss8,Iranian-17,dft,none,12,1442084318,False,0.9675,3,3,0.6753,2.975,3,0.6661,0.3243,0.17991,0.6042,0.7542,0.3575,0.4257
iran_dang6_diss8,Iranian-17,dft,none,12,1442084318,False,0.9675,4,7,0.8845,2.2889,7,0.5862,0.5261,0.001,0.6061,0.747,0.0527,0.4543
iran_dang6_diss8,Iranian-17,dft,none,12,1442084318,False,0.9675,5,7,0.8247,0.6489,7,0.655,0.463,0.0025,0.606,0.7388,0.3398,0.4652
iran_dang6_diss8,Iranian-17,dft,none,12,1442084318,False,0.9675,6,10,0.7584,-0.2748,10,0.7331,0.4159,0.02899,0.6034,0.7306,0.102,0.4718
iran_dang6_diss8,Iranian-17,dft,none,12,1442084318,False,0.9675,7,10,0.5358,1.3889,3,0.4675,0.2012,0.81559,0.6065,0.7446,0.0508,0.487
iran_dang6_diss8,Iranian-17,dft,none,12,1442084318,False,0.9675,8,5,0.6094,-2.8487,5,0.5836,0.266,0.43778,0.6053,0.7453,0.0483,0.468
iran_dang6_diss8,Iranian-17,dft,none,12,1442084318,False,0.9675,9,10,0.5591,1.1077,12,0.4762,0.2247,0.70715,0.6045,0.747,0.2163,0.4316
iran_dang6_diss8,Iranian-17,dft,none,12,1442084318,False,0.9675,10,12,0.8544,-0.0,12,0.8544,0.4546,0.0005,0.6001,0.7313,0.3088,0.5142
iran_dang6_diss8,Iranian-17,dft,none,12,1442084318,False,0.9675,11,2,0.8669,2.0347,10,0.4917,0.5173,0.0015,0.6126,0.7573,0.1844,0.4512
iran_dang6_diss8,Iranian-17,dft,input_shuffled,12,1442084318,False,0.939,0,3,0.5775,-2.1193,9,0.4204,0.2291,0.5947,0.6017,0.7363,0.1942,0.5861
iran_dang6_diss8,Iranian-17,dft,input_shuffled,12,1442084318,False,0.939,1,12,0.7366,-0.0,12,0.7366,0.3681,0.04398,0.5973,0.7288,0.1017,0.515
iran_dang6_diss8,Iranian-17,dft,input_shuffled,12,1442084318,False,0.939,2,7,0.788,-0.9528,7,0.4613,0.4175,0.01249,0.5994,0.7303,0.0978,0.5091
iran_dang6_diss8,Iranian-17,dft,input_shuffled,12,1442084318,False,0.939,3,4,0.638,-2.0741,9,0.3714,0.2864,0.33833,0.6103,0.7515,0.2177,0.425
iran_dang6_diss8,Iranian-17,dft,input_shuffled,12,1442084318,False,0.939,4,10,0.7768,2.6283,10,0.6865,0.4352,0.02299,0.605,0.7446,0.049,0.467
iran_dang6_diss8,Iranian-17,dft,input_shuffled,12,1442084318,False,0.939,5,12,0.8398,3.1416,12,0.8398,0.4462,0.006,0.6064,0.7464,0.3131,0.4431
iran_dang6_diss8,Iranian-17,dft,input_shuffled,12,1442084318,False,0.939,6,3,0.9446,-0.8985,3,0.6129,0.6529,0.0005,0.6154,0.7699,0.1229,0.4992
iran_dang6_diss8,Iranian-17,dft,input_shuffled,12,1442084318,False,0.939,7,6,0.9613,-0.4725,6,0.9135,0.8387,0.0005,0.6137,0.7677,0.1561,0.5113
iran_dang6_diss8,Iranian-17,dft,input_shuffled,12,1442084318,False,0.939,8,3,0.9079,0.4469,3,0.8147,0.5582,0.0015,0.6092,0.7595,0.0871,0.5127
iran_dang6_diss8,Iranian-17,dft,input_shuffled,12,1442084318,False,0.939,9,2,0.5788,-0.778,2,0.4248,0.2324,0.6022,0.6067,0.7474,0.1394,0.4967
iran_dang6_diss8,Iranian-17,dft,input_shuffled,12,1442084318,False,0.939,10,6,0.6687,3.043,6,0.6674,0.3551,0.18991,0.6037,0.7392,0.1327,0.4976
iran_dang6_diss8,Iranian-17,dft,input_shuffled,12,1442084318,False,0.939,11,12,0.7715,3.1416,12,0.7715,0.3839,0.0095,0.5867,0.7074,0.0174,0.4573
iran_dang6_diss8,Iranian-17,dft,label_shuffled,12,1442084318,False,0.935,0,4,0.5374,-1.6067,6,0.4152,0.2176,0.7931,0.5992,0.7326,0.0827,0.4899
iran_dang6_diss8,Iranian-17,dft,label_shuffled,12,1442084318,False,0.935,1,8,0.729,2.9396,8,0.7123,0.3558,0.06197,0.6031,0.7415,0.4805,0.4314
iran_dang6_diss8,Iranian-17,dft,label_shuffled,12,1442084318,False,0.935,2,9,0.6351,0.0097,9,0.6351,0.2808,0.29985,0.5999,0.7281,0.1568,0.4511
iran_dang6_diss8,Iranian-17,dft,label_shuffled,12,1442084318,False,0.935,3,3,0.6081,-2.0556,9,0.5048,0.2573,0.45427,0.6063,0.7523,0.021,0.4579
iran_dang6_diss8,Iranian-17,dft,label_shuffled,12,1442084318,False,0.935,4,3,0.6397,-1.3947,1,0.2909,0.2976,0.30385,0.6039,0.7428,0.114,0.4764
iran_dang6_diss8,Iranian-17,dft,label_shuffled,12,1442084318,False,0.935,5,4,0.6426,1.7706,2,0.4072,0.2962,0.27036,0.6029,0.7295,0.0645,0.4409
iran_dang6_diss8,Iranian-17,dft,label_shuffled,12,1442084318,False,0.935,6,11,0.6219,-1.4822,8,0.5735,0.2552,0.4003,0.6105,0.7524,0.0894,0.4546
iran_dang6_diss8,Iranian-17,dft,label_shuffled,12,1442084318,False,0.935,7,11,0.4973,0.7242,6,0.415,0.1786,0.95902,0.6131,0.7592,0.2307,0.4772
iran_dang6_diss8,Iranian-17,dft,label_shuffled,12,1442084318,False,0.935,8,2,0.5258,-2.769,2,0.4935,0.1958,0.82509,0.5925,0.7178,0.1038,0.4657
iran_dang6_diss8,Iranian-17,dft,label_shuffled,12,1442084318,False,0.935,9,9,0.6315,2.4221,9,0.4649,0.2716,0.34583,0.6075,0.7483,0.1133,0.4372
iran_dang6_diss8,Iranian-17,dft,label_shuffled,12,1442084318,False,0.935,10,10,0.5331,0.013,10,0.5331,0.2109,0.81859,0.6031,0.745,0.1517,0.4963
iran_dang6_diss8,Iranian-17,dft,label_shuffled,12,1442084318,False,0.935,11,6,0.684,3.0994,6,0.6837,0.3792,0.15692,0.6056,0.75,0.1146,0.5204
iran_dang6_diss8,Iranian-17,dft,none,12,412437683,False,0.9715,0,7,0.8843,-0.7971,7,0.6216,0.5274,0.001,0.6032,0.7382,0.0258,0.4917
iran_dang6_diss8,Iranian-17,dft,none,12,412437683,False,0.9715,1,7,0.7714,0.7741,7,0.5486,0.3997,0.02099,0.6011,0.7327,0.2243,0.4732
iran_dang6_diss8,Iranian-17,dft,none,12,412437683,False,0.9715,2,6,0.9134,2.9513,6,0.9065,0.7665,0.001,0.6118,0.7602,0.1133,0.4416
iran_dang6_diss8,Iranian-17,dft,none,12,412437683,False,0.9715,3,10,0.6445,1.9815,7,0.423,0.281,0.30885,0.6107,0.7505,0.0888,0.4499
iran_dang6_diss8,Iranian-17,dft,none,12,412437683,False,0.9715,4,12,0.6512,-0.0,12,0.6512,0.2874,0.24488,0.6034,0.7431,0.0131,0.4867
iran_dang6_diss8,Iranian-17,dft,none,12,412437683,False,0.9715,5,10,0.6089,2.7584,10,0.5694,0.2578,0.38031,0.5937,0.7166,0.0817,0.4764
iran_dang6_diss8,Iranian-17,dft,none,12,412437683,False,0.9715,6,7,0.5768,1.0878,4,0.5426,0.226,0.61669,0.605,0.7421,0.1701,0.4534
iran_dang6_diss8,Iranian-17,dft,none,12,412437683,False,0.9715,7,12,0.9124,-0.0,12,0.9124,0.5211,0.0005,0.6049,0.742,0.037,0.4745
iran_dang6_diss8,Iranian-17,dft,none,12,412437683,False,0.9715,8,2,0.7188,0.8238,2,0.5046,0.3584,0.07496,0.6036,0.7361,0.0853,0.5395
iran_dang6_diss8,Iranian-17,dft,none,12,412437683,False,0.9715,9,4,0.5941,-0.7648,5,0.4796,0.2488,0.55322,0.6136,0.7635,0.2016,0.4313
iran_dang6_diss8,Iranian-17,dft,none,12,412437683,False,0.9715,10,3,0.9119,-0.0664,3,0.9099,0.5816,0.0005,0.6051,0.7454,0.0033,0.4611
iran_dang6_diss8,Iranian-17,dft,none,12,412437683,False,0.9715,11,2,0.6723,-2.9979,2,0.6661,0.3136,0.1954,0.6071,0.7465,0.0976,0.4849
iran_dang6_diss8,Iranian-17,dft,input_shuffled,12,412437683,False,0.9593,0,3,0.5463,-1.8998,12,0.4224,0.2037,0.77811,0.6058,0.7467,0.157,0.4512
iran_dang6_diss8,Iranian-17,dft,input_shuffled,12,412437683,False,0.9593,1,10,0.6728,1.6075,12,0.4956,0.2973,0.1984,0.6086,0.7494,0.1619,0.5153
iran_dang6_diss8,Iranian-17,dft,input_shuffled,12,412437683,False,0.9593,2,3,0.9316,-0.9001,3,0.6034,0.6359,0.0005,0.6142,0.7661,0.2221,0.524
iran_dang6_diss8,Iranian-17,dft,input_shuffled,12,412437683,False,0.9593,3,6,0.9041,-3.0047,6,0.9006,0.7371,0.0015,0.6114,0.7664,0.0702,0.4821
iran_dang6_diss8,Iranian-17,dft,input_shuffled,12,412437683,False,0.9593,4,12,0.7775,-0.0,12,0.7775,0.3963,0.01149,0.5973,0.7298,0.1458,0.5199
iran_dang6_diss8,Iranian-17,dft,input_shuffled,12,412437683,False,0.9593,5,2,0.8116,-1.1225,5,0.3834,0.4477,0.01149,0.6072,0.7469,0.1091,0.528
iran_dang6_diss8,Iranian-17,dft,input_shuffled,12,412437683,False,0.9593,6,2,0.5553,-1.0258,12,0.4547,0.2081,0.62419,0.5822,0.7068,0.1504,0.4773
iran_dang6_diss8,Iranian-17,dft,input_shuffled,12,412437683,False,0.9593,7,6,0.9336,-0.1903,6,0.9265,0.8054,0.0005,0.6084,0.7496,0.0998,0.4995
iran_dang6_diss8,Iranian-17,dft,input_shuffled,12,412437683,False,0.9593,8,4,0.5633,-0.2578,4,0.5423,0.2253,0.66817,0.6078,0.7596,0.0933,0.4172
iran_dang6_diss8,Iranian-17,dft,input_shuffled,12,412437683,False,0.9593,9,3,0.9241,-2.4633,3,0.7068,0.5773,0.0005,0.6027,0.7387,0.1518,0.4721
iran_dang6_diss8,Iranian-17,dft,input_shuffled,12,412437683,False,0.9593,10,12,0.717,-0.0,12,0.717,0.3332,0.08196,0.6037,0.7389,0.2664,0.4821
iran_dang6_diss8,Iranian-17,dft,input_shuffled,12,412437683,False,0.9593,11,7,0.8103,2.4625,7,0.6328,0.4367,0.01549,0.6123,0.756,0.0093,0.4945
iran_dang6_diss8,Iranian-17,dft,label_shuffled,12,412437683,False,0.9472,0,11,0.7626,0.0329,11,0.7622,0.4053,0.02299,0.5997,0.7351,0.2761,0.4757
iran_dang6_diss8,Iranian-17,dft,label_shuffled,12,412437683,False,0.9472,1,10,0.7946,-1.2339,4,0.435,0.4373,0.01749,0.6062,0.7506,0.0302,0.4247
iran_dang6_diss8,Iranian-17,dft,label_shuffled,12,412437683,False,0.9472,2,4,0.58,2.9917,4,0.5727,0.2353,0.5957,0.6072,0.7514,0.376,0.4784
iran_dang6_diss8,Iranian-17,dft,label_shuffled,12,412437683,False,0.9472,3,2,0.536,-2.6491,2,0.4787,0.204,0.82759,0.603,0.7321,0.2432,0.4978
iran_dang6_diss8,Iranian-17,dft,label_shuffled,12,412437683,False,0.9472,4,8,0.7282,-1.2159,9,0.4385,0.3725,0.07046,0.607,0.7429,0.2819,0.5304
iran_dang6_diss8,Iranian-17,dft,label_shuffled,12,412437683,False,0.9472,5,9,0.5112,-0.8643,5,0.3628,0.1807,0.90855,0.6035,0.7462,0.2375,0.4416
iran_dang6_diss8,Iranian-17,dft,label_shuffled,12,412437683,False,0.9472,6,4,0.7061,-2.8392,4,0.6701,0.3418,0.09945,0.6027,0.7423,0.0573,0.5003
iran_dang6_diss8,Iranian-17,dft,label_shuffled,12,412437683,False,0.9472,7,9,0.57,0.4611,9,0.5133,0.2242,0.62019,0.603,0.7526,0.207,0.4896
iran_dang6_diss8,Iranian-17,dft,label_shuffled,12,412437683,False,0.9472,8,6,0.694,-2.2882,6,0.559,0.35,0.11994,0.6002,0.7362,0.0558,0.4886
iran_dang6_diss8,Iranian-17,dft,label_shuffled,12,412437683,False,0.9472,9,11,0.6526,0.1558,11,0.6446,0.3127,0.24388,0.6042,0.7398,0.0016,0.4717
iran_dang6_diss8,Iranian-17,dft,label_shuffled,12,412437683,False,0.9472,10,9,0.7264,0.6328,9,0.5941,0.3725,0.05047,0.5975,0.7262,0.1264,0.4336
iran_dang6_diss8,Iranian-17,dft,label_shuffled,12,412437683,False,0.9472,11,11,0.595,1.6532,10,0.4212,0.2297,0.52074,0.6074,0.7421,0.1901,0.4812
iran_dang6_diss8,Iranian-17,dft,none,12,1849845690,False,0.9715,0,6,0.9369,-0.0083,6,0.9369,0.8354,0.0005,0.6053,0.7478,0.0118,0.4948
iran_dang6_diss8,Iranian-17,dft,none,12,1849845690,False,0.9715,1,12,0.8767,3.1416,12,0.8767,0.4873,0.0005,0.6032,0.7358,0.2412,0.4523
iran_dang6_diss8,Iranian-17,dft,none,12,1849845690,False,0.9715,2,3,0.7016,0.7621,3,0.4945,0.3495,0.12844,0.6073,0.7482,0.1069,0.469
iran_dang6_diss8,Iranian-17,dft,none,12,1849845690,False,0.9715,3,12,0.7302,3.1416,12,0.7302,0.3541,0.08096,0.6093,0.7556,0.2193,0.5175
iran_dang6_diss8,Iranian-17,dft,none,12,1849845690,False,0.9715,4,3,0.931,-0.6672,3,0.7435,0.6105,0.0005,0.6071,0.7477,0.0895,0.4732
iran_dang6_diss8,Iranian-17,dft,none,12,1849845690,False,0.9715,5,7,0.6344,-1.7356,6,0.425,0.2878,0.30735,0.6028,0.7331,0.0258,0.4847
iran_dang6_diss8,Iranian-17,dft,none,12,1849845690,False,0.9715,6,7,0.5976,-2.881,7,0.5773,0.2463,0.45627,0.599,0.7276,0.148,0.4584
iran_dang6_diss8,Iranian-17,dft,none,12,1849845690,False,0.9715,7,7,0.8378,-0.4906,7,0.74,0.4747,0.001,0.5967,0.7228,0.2105,0.5379
iran_dang6_diss8,Iranian-17,dft,none,12,1849845690,False,0.9715,8,6,0.6819,-0.8315,6,0.5577,0.3406,0.16092,0.606,0.7393,0.2894,0.4741
iran_dang6_diss8,Iranian-17,dft,none,12,1849845690,False,0.9715,9,6,0.968,-3.0105,6,0.9645,0.9023,0.0005,0.6138,0.7644,0.1917,0.5188
iran_dang6_diss8,Iranian-17,dft,none,12,1849845690,False,0.9715,10,12,0.7698,-0.0,12,0.7698,0.3825,0.02099,0.5995,0.7329,0.0771,0.4881
iran_dang6_diss8,Iranian-17,dft,none,12,1849845690,False,0.9715,11,12,0.8659,3.1416,12,0.8659,0.4865,0.0015,0.6038,0.7344,0.0568,0.4737
iran_dang6_diss8,Iranian-17,dft,input_shuffled,12,1849845690,False,0.935,0,6,0.9417,-2.943,6,0.9339,0.833,0.0005,0.61,0.755,0.0545,0.4468
iran_dang6_diss8,Iranian-17,dft,input_shuffled,12,1849845690,False,0.935,1,6,0.9338,2.4957,6,0.8406,0.7348,0.001,0.6158,0.771,0.3132,0.4497
iran_dang6_diss8,Iranian-17,dft,input_shuffled,12,1849845690,False,0.935,2,6,0.5752,1.923,12,0.4907,0.215,0.57521,0.5904,0.7018,0.1281,0.4875
iran_dang6_diss8,Iranian-17,dft,input_shuffled,12,1849845690,False,0.935,3,2,0.731,-2.4291,2,0.5677,0.3662,0.06397,0.6035,0.7385,0.0464,0.4309
iran_dang6_diss8,Iranian-17,dft,input_shuffled,12,1849845690,False,0.935,4,7,0.6136,0.2423,7,0.5956,0.2625,0.41379,0.6048,0.7452,0.5861,0.4694
iran_dang6_diss8,Iranian-17,dft,input_shuffled,12,1849845690,False,0.935,5,7,0.7818,-1.0011,7,0.4269,0.4124,0.01599,0.6001,0.7357,0.2595,0.4503
iran_dang6_diss8,Iranian-17,dft,input_shuffled,12,1849845690,False,0.935,6,3,0.9694,2.4677,3,0.7705,0.6831,0.0005,0.6144,0.7547,0.0604,0.4848
iran_dang6_diss8,Iranian-17,dft,input_shuffled,12,1849845690,False,0.935,7,2,0.5796,0.2372,2,0.5652,0.2393,0.50675,0.5861,0.7032,0.0796,0.4519
iran_dang6_diss8,Iranian-17,dft,input_shuffled,12,1849845690,False,0.935,8,2,0.5581,-2.7362,12,0.5358,0.2188,0.66167,0.5945,0.7253,0.0921,0.4663
iran_dang6_diss8,Iranian-17,dft,input_shuffled,12,1849845690,False,0.935,9,7,0.5677,2.8713,7,0.5472,0.2207,0.6027,0.5951,0.7299,0.0116,0.4706
iran_dang6_diss8,Iranian-17,dft,input_shuffled,12,1849845690,False,0.935,10,3,0.82,-2.3401,3,0.5533,0.4485,0.01299,0.6123,0.7564,0.3607,0.4972
iran_dang6_diss8,Iranian-17,dft,input_shuffled,12,1849845690,False,0.935,11,12,0.7377,3.1416,12,0.7377,0.3599,0.05247,0.6019,0.7388,0.0582,0.5169
iran_dang6_diss8,Iranian-17,dft,label_shuffled,12,1849845690,False,0.9472,0,2,0.7089,1.1243,11,0.4376,0.3423,0.09695,0.6041,0.7412,0.1737,0.4613
iran_dang6_diss8,Iranian-17,dft,label_shuffled,12,1849845690,False,0.9472,1,11,0.5849,1.9146,5,0.3504,0.239,0.56522,0.6066,0.7486,0.385,0.4858
iran_dang6_diss8,Iranian-17,dft,label_shuffled,12,1849845690,False,0.9472,2,11,0.5469,1.9441,4,0.5023,0.2017,0.74663,0.5944,0.7142,0.1005,0.4711
iran_dang6_diss8,Iranian-17,dft,label_shuffled,12,1849845690,False,0.9472,3,4,0.7247,1.5844,12,0.2715,0.3738,0.08296,0.6077,0.7523,0.0743,0.4959
iran_dang6_diss8,Iranian-17,dft,label_shuffled,12,1849845690,False,0.9472,4,10,0.5254,-0.8075,3,0.4642,0.1858,0.84908,0.6003,0.7326,0.0478,0.484
iran_dang6_diss8,Iranian-17,dft,label_shuffled,12,1849845690,False,0.9472,5,11,0.5795,-0.9158,11,0.3696,0.2404,0.5917,0.6045,0.74,0.2118,0.5071
iran_dang6_diss8,Iranian-17,dft,label_shuffled,12,1849845690,False,0.9472,6,8,0.6951,0.4335,8,0.6235,0.3332,0.05347,0.5848,0.6967,0.1554,0.4618
iran_dang6_diss8,Iranian-17,dft,label_shuffled,12,1849845690,False,0.9472,7,10,0.7393,0.4696,10,0.6673,0.3761,0.05597,0.6065,0.7468,0.156,0.476
iran_dang6_diss8,Iranian-17,dft,label_shuffled,12,1849845690,False,0.9472,8,6,0.5893,1.4096,4,0.3963,0.2238,0.55422,0.6059,0.7428,0.0903,0.4789
iran_dang6_diss8,Iranian-17,dft,label_shuffled,12,1849845690,False,0.9472,9,3,0.5597,2.9262,3,0.5471,0.2228,0.64718,0.5907,0.7129,0.0212,0.4734
iran_dang6_diss8,Iranian-17,dft,label_shuffled,12,1849845690,False,0.9472,10,11,0.6617,-2.8423,11,0.6314,0.2929,0.22539,0.6081,0.7491,0.1063,0.477
iran_dang6_diss8,Iranian-17,dft,label_shuffled,12,1849845690,False,0.9472,11,1,0.7451,-2.4805,1,0.5982,0.3997,0.03448,0.5958,0.7279,0.4881,0.4981
iran_dang6_diss8,Iranian-17,dft,none,12,103066406,False,0.9797,0,7,0.5408,2.0948,2,0.3868,0.2047,0.78311,0.5978,0.7257,0.2328,0.528
iran_dang6_diss8,Iranian-17,dft,none,12,103066406,False,0.9797,1,6,0.6428,1.3911,11,0.38,0.2605,0.30185,0.6075,0.7404,0.2095,0.4959
iran_dang6_diss8,Iranian-17,dft,none,12,103066406,False,0.9797,2,4,0.4765,-2.5874,4,0.3979,0.162,0.97201,0.5937,0.7213,0.2043,0.5013
iran_dang6_diss8,Iranian-17,dft,none,12,103066406,False,0.9797,3,2,0.7358,-2.1143,2,0.398,0.3605,0.04948,0.5994,0.7322,0.0319,0.4567
iran_dang6_diss8,Iranian-17,dft,none,12,103066406,False,0.9797,4,12,0.9193,3.1416,12,0.9193,0.5327,0.0005,0.6064,0.7487,0.1845,0.5095
iran_dang6_diss8,Iranian-17,dft,none,12,103066406,False,0.9797,5,8,0.6033,-2.3389,5,0.4093,0.2517,0.41929,0.595,0.7237,0.1807,0.5197
iran_dang6_diss8,Iranian-17,dft,none,12,103066406,False,0.9797,6,2,0.5496,-0.7766,5,0.5374,0.2134,0.75312,0.6044,0.7419,0.24,0.5114
iran_dang6_diss8,Iranian-17,dft,none,12,103066406,False,0.9797,7,2,0.7889,-1.0262,2,0.4275,0.4249,0.0075,0.5933,0.7246,0.2598,0.4957
iran_dang6_diss8,Iranian-17,dft,none,12,103066406,False,0.9797,8,3,0.709,1.397,6,0.1454,0.3448,0.10595,0.6078,0.7468,0.2096,0.4668
iran_dang6_diss8,Iranian-17,dft,none,12,103066406,False,0.9797,9,7,0.7498,-2.9638,7,0.738,0.376,0.02949,0.6001,0.7281,0.349,0.4678
iran_dang6_diss8,Iranian-17,dft,none,12,103066406,False,0.9797,10,12,0.7907,3.1416,12,0.7907,0.3986,0.0005,0.5751,0.6844,0.0991,0.4684
iran_dang6_diss8,Iranian-17,dft,none,12,103066406,False,0.9797,11,6,0.9297,-0.4543,6,0.8872,0.7696,0.0005,0.6166,0.7633,0.1978,0.4575
iran_dang6_diss8,Iranian-17,dft,input_shuffled,12,103066406,False,0.939,0,12,0.9027,-0.0,12,0.9027,0.5073,0.001,0.5905,0.7154,0.0271,0.4966
iran_dang6_diss8,Iranian-17,dft,input_shuffled,12,103066406,False,0.939,1,7,0.7422,-1.7469,12,0.4366,0.3765,0.01449,0.5888,0.7058,0.0752,0.4751
iran_dang6_diss8,Iranian-17,dft,input_shuffled,12,103066406,False,0.939,2,2,0.6255,-2.8266,2,0.5981,0.2795,0.28136,0.5893,0.7029,0.0434,0.5273
iran_dang6_diss8,Iranian-17,dft,input_shuffled,12,103066406,False,0.939,3,3,0.8817,0.81,3,0.589,0.535,0.001,0.6044,0.7439,0.0128,0.4958
iran_dang6_diss8,Iranian-17,dft,input_shuffled,12,103066406,False,0.939,4,7,0.7081,-0.7935,7,0.4995,0.3431,0.11144,0.6081,0.7522,0.3769,0.4761
iran_dang6_diss8,Iranian-17,dft,input_shuffled,12,103066406,False,0.939,5,9,0.7554,2.1987,6,0.4233,0.3977,0.03398,0.6022,0.7386,0.0953,0.4582
iran_dang6_diss8,Iranian-17,dft,input_shuffled,12,103066406,False,0.939,6,9,0.7078,-1.2283,12,0.3744,0.3453,0.10195,0.6031,0.7383,0.1942,0.4881
iran_dang6_diss8,Iranian-17,dft,input_shuffled,12,103066406,False,0.939,7,9,0.7187,-2.298,9,0.4942,0.3687,0.07096,0.605,0.7384,0.2575,0.4527
iran_dang6_diss8,Iranian-17,dft,input_shuffled,12,103066406,False,0.939,8,7,0.6987,0.9819,6,0.454,0.3566,0.12044,0.6081,0.7515,0.0845,0.4808
iran_dang6_diss8,Iranian-17,dft,input_shuffled,12,103066406,False,0.939,9,6,0.9692,2.7351,6,0.9342,0.868,0.0005,0.6123,0.7615,0.1287,0.4984
iran_dang6_diss8,Iranian-17,dft,input_shuffled,12,103066406,False,0.939,10,1,0.4608,0.8435,4,0.3366,0.1515,0.99,0.6054,0.744,0.4535,0.4538
iran_dang6_diss8,Iranian-17,dft,input_shuffled,12,103066406,False,0.939,11,3,0.9495,-0.6953,3,0.7428,0.6403,0.0005,0.6084,0.7504,0.1003,0.4826
iran_dang6_diss8,Iranian-17,dft,label_shuffled,12,103066406,False,0.935,0,4,0.6222,-1.9897,9,0.4482,0.2689,0.37481,0.6054,0.742,0.3952,0.4519
iran_dang6_diss8,Iranian-17,dft,label_shuffled,12,103066406,False,0.935,1,12,0.6451,-0.0,12,0.6451,0.2785,0.28236,0.6083,0.752,0.2297,0.4955
iran_dang6_diss8,Iranian-17,dft,label_shuffled,12,103066406,False,0.935,2,6,0.5467,2.8186,6,0.5345,0.226,0.76912,0.6064,0.7436,0.1315,0.4938
iran_dang6_diss8,Iranian-17,dft,label_shuffled,12,103066406,False,0.935,3,11,0.6532,-0.3539,11,0.6144,0.3044,0.25187,0.6074,0.7503,0.1166,0.4535
iran_dang6_diss8,Iranian-17,dft,label_shuffled,12,103066406,False,0.935,4,7,0.6771,-3.1274,7,0.677,0.3292,0.18641,0.607,0.7453,0.1459,0.4866
iran_dang6_diss8,Iranian-17,dft,label_shuffled,12,103066406,False,0.935,5,5,0.7087,-1.0483,1,0.4658,0.3416,0.11444,0.6078,0.7535,0.2296,0.524
iran_dang6_diss8,Iranian-17,dft,label_shuffled,12,103066406,False,0.935,6,6,0.6697,1.9769,6,0.3728,0.2975,0.2014,0.6078,0.7474,0.071,0.4775
iran_dang6_diss8,Iranian-17,dft,label_shuffled,12,103066406,False,0.935,7,4,0.5002,-1.3784,11,0.4641,0.175,0.90905,0.5793,0.692,0.0295,0.525
iran_dang6_diss8,Iranian-17,dft,label_shuffled,12,103066406,False,0.935,8,9,0.6129,2.5359,9,0.4976,0.2584,0.42479,0.607,0.7486,0.134,0.4575
iran_dang6_diss8,Iranian-17,dft,label_shuffled,12,103066406,False,0.935,9,8,0.5907,1.4169,6,0.5431,0.2676,0.54473,0.6074,0.7459,0.4083,0.4698
iran_dang6_diss8,Iranian-17,dft,label_shuffled,12,103066406,False,0.935,10,6,0.5309,0.0502,6,0.5306,0.2113,0.81659,0.5991,0.7267,0.348,0.4506
iran_dang6_diss8,Iranian-17,dft,label_shuffled,12,103066406,False,0.935,11,10,0.7925,-1.9522,5,0.4112,0.4269,0.007,0.594,0.7274,0.2263,0.5343
iran_dang6_diss8,Iranian-17,dft,none,12,1691561426,False,0.9715,0,5,0.689,-2.428,7,0.5739,0.3244,0.08746,0.5926,0.7119,0.107,0.4739
iran_dang6_diss8,Iranian-17,dft,none,12,1691561426,False,0.9715,1,7,0.7001,-0.6739,7,0.549,0.3277,0.02149,0.567,0.6735,0.0118,0.4842
iran_dang6_diss8,Iranian-17,dft,none,12,1691561426,False,0.9715,2,4,0.4646,1.8849,9,0.4235,0.1578,0.98301,0.5934,0.7159,0.2623,0.5056
iran_dang6_diss8,Iranian-17,dft,none,12,1691561426,False,0.9715,3,3,0.885,-2.1165,3,0.4279,0.5377,0.0005,0.6054,0.7439,0.0013,0.4388
iran_dang6_diss8,Iranian-17,dft,none,12,1691561426,False,0.9715,4,12,0.934,3.1416,12,0.934,0.5509,0.0005,0.5991,0.7334,0.0921,0.4601
iran_dang6_diss8,Iranian-17,dft,none,12,1691561426,False,0.9715,5,12,0.8597,3.1416,12,0.8597,0.473,0.001,0.6044,0.7406,0.1209,0.4212
iran_dang6_diss8,Iranian-17,dft,none,12,1691561426,False,0.9715,6,7,0.7872,-2.925,7,0.7687,0.4241,0.0015,0.5875,0.703,0.0546,0.4899
iran_dang6_diss8,Iranian-17,dft,none,12,1691561426,False,0.9715,7,3,0.523,-2.2717,5,0.479,0.1865,0.84958,0.5989,0.7335,0.3057,0.4764
iran_dang6_diss8,Iranian-17,dft,none,12,1691561426,False,0.9715,8,2,0.6854,-2.0677,3,0.5288,0.3202,0.15342,0.6076,0.7471,0.2041,0.4295
iran_dang6_diss8,Iranian-17,dft,none,12,1691561426,False,0.9715,9,3,0.8699,2.4273,3,0.6707,0.5536,0.002,0.6119,0.7537,0.1962,0.467
iran_dang6_diss8,Iranian-17,dft,none,12,1691561426,False,0.9715,10,9,0.5584,0.0334,9,0.5581,0.2168,0.70165,0.6046,0.734,0.4029,0.464
iran_dang6_diss8,Iranian-17,dft,none,12,1691561426,False,0.9715,11,7,0.7319,1.375,12,0.3511,0.3621,0.03598,0.6,0.7234,0.1283,0.4608
iran_dang6_diss8,Iranian-17,dft,input_shuffled,12,1691561426,True,1.0,0,10,0.5587,-1.6344,5,0.2042,0.2151,0.66367,0.5962,0.7312,0.1386,0.4771
iran_dang6_diss8,Iranian-17,dft,input_shuffled,12,1691561426,True,1.0,1,7,0.7074,-0.9538,3,0.4781,0.3344,0.11044,0.6066,0.7545,0.0324,0.4969
iran_dang6_diss8,Iranian-17,dft,input_shuffled,12,1691561426,True,1.0,2,6,0.8402,-2.9814,6,0.8357,0.6146,0.0085,0.6108,0.7637,0.0509,0.435
iran_dang6_diss8,Iranian-17,dft,input_shuffled,12,1691561426,True,1.0,3,3,0.8572,0.5229,3,0.7368,0.5001,0.003,0.6122,0.752,0.0953,0.5215
iran_dang6_diss8,Iranian-17,dft,input_shuffled,12,1691561426,True,1.0,4,12,0.8138,-0.0,12,0.8138,0.4263,0.01349,0.6087,0.7564,0.1988,0.4638
iran_dang6_diss8,Iranian-17,dft,input_shuffled,12,1691561426,True,1.0,5,7,0.8293,0.8758,7,0.5268,0.4502,0.004,0.6051,0.735,0.0963,0.4418
iran_dang6_diss8,Iranian-17,dft,input_shuffled,12,1691561426,True,1.0,6,7,0.6602,2.2929,7,0.4395,0.2976,0.11894,0.5815,0.6925,0.1048,0.4768
iran_dang6_diss8,Iranian-17,dft,input_shuffled,12,1691561426,True,1.0,7,7,0.5978,2.5142,7,0.4853,0.2441,0.46077,0.5961,0.7212,0.1775,0.4819
iran_dang6_diss8,Iranian-17,dft,input_shuffled,12,1691561426,True,1.0,8,4,0.6802,2.8025,4,0.6368,0.3209,0.15942,0.6043,0.7375,0.0509,0.4775
iran_dang6_diss8,Iranian-17,dft,input_shuffled,12,1691561426,True,1.0,9,12,0.9496,-0.0,12,0.9496,0.5598,0.0005,0.6117,0.7563,0.103,0.4613
iran_dang6_diss8,Iranian-17,dft,input_shuffled,12,1691561426,True,1.0,10,4,0.5648,-1.1624,3,0.5386,0.2301,0.61119,0.5921,0.7206,0.0492,0.5051
iran_dang6_diss8,Iranian-17,dft,input_shuffled,12,1691561426,True,1.0,11,3,0.9193,2.5805,3,0.7861,0.6291,0.0005,0.6109,0.7513,0.1522,0.4647
iran_dang6_diss8,Iranian-17,dft,label_shuffled,12,1691561426,False,0.9187,0,6,0.6044,-2.9163,6,0.598,0.2881,0.48176,0.6079,0.7407,0.0381,0.5457
iran_dang6_diss8,Iranian-17,dft,label_shuffled,12,1691561426,False,0.9187,1,8,0.5151,0.3849,10,0.4946,0.1829,0.91304,0.6095,0.754,0.2817,0.5134
iran_dang6_diss8,Iranian-17,dft,label_shuffled,12,1691561426,False,0.9187,2,3,0.7453,-0.757,3,0.555,0.4039,0.03748,0.6004,0.7335,0.1488,0.4827
iran_dang6_diss8,Iranian-17,dft,label_shuffled,12,1691561426,False,0.9187,3,12,0.6293,-0.0,12,0.6293,0.2657,0.27686,0.5937,0.7154,0.0699,0.4436
iran_dang6_diss8,Iranian-17,dft,label_shuffled,12,1691561426,False,0.9187,4,9,0.6585,0.009,9,0.6585,0.3047,0.24138,0.6057,0.7428,0.1137,0.4307
iran_dang6_diss8,Iranian-17,dft,label_shuffled,12,1691561426,False,0.9187,5,2,0.5515,2.7924,2,0.5218,0.2066,0.72014,0.6006,0.7338,0.0359,0.4663
iran_dang6_diss8,Iranian-17,dft,label_shuffled,12,1691561426,False,0.9187,6,7,0.705,-2.3031,7,0.4681,0.3389,0.04748,0.5819,0.7018,0.0893,0.4714
iran_dang6_diss8,Iranian-17,dft,label_shuffled,12,1691561426,False,0.9187,7,6,0.5528,-3.0247,6,0.5513,0.2257,0.71064,0.5961,0.7239,0.1495,0.4993
iran_dang6_diss8,Iranian-17,dft,label_shuffled,12,1691561426,False,0.9187,8,1,0.5372,1.6875,9,0.4919,0.1952,0.8021,0.6049,0.7467,0.4498,0.4773
iran_dang6_diss8,Iranian-17,dft,label_shuffled,12,1691561426,False,0.9187,9,11,0.5866,-1.9375,1,0.4377,0.2278,0.55422,0.6052,0.7488,0.1933,0.4611
iran_dang6_diss8,Iranian-17,dft,label_shuffled,12,1691561426,False,0.9187,10,6,0.5885,-0.1696,6,0.585,0.2705,0.55222,0.6051,0.7414,0.1646,0.4579
iran_dang6_diss8,Iranian-17,dft,label_shuffled,12,1691561426,False,0.9187,11,7,0.5356,2.9866,7,0.5292,0.1923,0.81559,0.5974,0.7206,0.192,0.4635
iran_dang6_diss8,Iranian-17,dft,none,12,342725700,False,0.9837,0,8,0.6262,0.3751,8,0.5775,0.265,0.36082,0.6057,0.7473,0.1651,0.4656
iran_dang6_diss8,Iranian-17,dft,none,12,342725700,False,0.9837,1,3,0.7689,-1.2984,6,0.3756,0.4204,0.02949,0.6047,0.7442,0.0598,0.4874
iran_dang6_diss8,Iranian-17,dft,none,12,342725700,False,0.9837,2,6,0.9905,2.9819,6,0.9853,0.9647,0.0005,0.6146,0.7646,0.0927,0.4799
iran_dang6_diss8,Iranian-17,dft,none,12,342725700,False,0.9837,3,12,0.6778,3.1416,12,0.6778,0.304,0.13343,0.5975,0.7242,0.1331,0.4531
iran_dang6_diss8,Iranian-17,dft,none,12,342725700,False,0.9837,4,2,0.682,2.9609,2,0.6721,0.3065,0.13443,0.599,0.7311,0.127,0.4643
iran_dang6_diss8,Iranian-17,dft,none,12,342725700,False,0.9837,5,12,0.6228,-0.0,12,0.6228,0.2639,0.36882,0.6029,0.7436,0.1791,0.4493
iran_dang6_diss8,Iranian-17,dft,none,12,342725700,False,0.9837,6,7,0.6636,1.5937,4,0.3265,0.2945,0.15642,0.5942,0.714,0.044,0.4543
iran_dang6_diss8,Iranian-17,dft,none,12,342725700,False,0.9837,7,12,0.7128,3.1416,12,0.7128,0.3285,0.08296,0.6022,0.7352,0.2776,0.5004
iran_dang6_diss8,Iranian-17,dft,none,12,342725700,False,0.9837,8,7,0.6847,-0.8403,7,0.46,0.326,0.15942,0.6064,0.7486,0.0639,0.4207
iran_dang6_diss8,Iranian-17,dft,none,12,342725700,False,0.9837,9,10,0.5114,2.0371,8,0.3683,0.1815,0.90405,0.5995,0.7278,0.399,0.4715
iran_dang6_diss8,Iranian-17,dft,none,12,342725700,False,0.9837,10,12,0.9528,-0.0,12,0.9528,0.5609,0.001,0.6062,0.7424,0.145,0.4737
iran_dang6_diss8,Iranian-17,dft,none,12,342725700,False,0.9837,11,5,0.6644,0.7345,4,0.4997,0.3019,0.1944,0.6023,0.7331,0.3639,0.4767
iran_dang6_diss8,Iranian-17,dft,input_shuffled,12,342725700,False,0.9797,0,2,0.677,-1.0492,5,0.385,0.3151,0.2064,0.6118,0.7661,0.0847,0.4814
iran_dang6_diss8,Iranian-17,dft,input_shuffled,12,342725700,False,0.9797,1,3,0.8396,-2.324,9,0.6252,0.4732,0.008,0.6098,0.7527,0.2023,0.4793
iran_dang6_diss8,Iranian-17,dft,input_shuffled,12,342725700,False,0.9797,2,12,0.8733,-0.0,12,0.8733,0.488,0.002,0.5971,0.7284,0.1109,0.5153
iran_dang6_diss8,Iranian-17,dft,input_shuffled,12,342725700,False,0.9797,3,12,0.7628,3.1416,12,0.7628,0.3847,0.04148,0.6089,0.7548,0.0619,0.4624
iran_dang6_diss8,Iranian-17,dft,input_shuffled,12,342725700,False,0.9797,4,4,0.7822,-1.3047,5,0.3327,0.4334,0.01649,0.6029,0.7388,0.2764,0.506
iran_dang6_diss8,Iranian-17,dft,input_shuffled,12,342725700,False,0.9797,5,6,0.6761,2.2737,6,0.539,0.3344,0.17841,0.6054,0.7474,0.2707,0.4414
iran_dang6_diss8,Iranian-17,dft,input_shuffled,12,342725700,False,0.9797,6,7,0.7437,2.4146,7,0.5581,0.3885,0.04348,0.6007,0.7359,0.0522,0.4857
iran_dang6_diss8,Iranian-17,dft,input_shuffled,12,342725700,False,0.9797,7,12,0.6059,3.1416,12,0.6059,0.2359,0.42929,0.5997,0.7353,0.2293,0.5106
iran_dang6_diss8,Iranian-17,dft,input_shuffled,12,342725700,False,0.9797,8,3,0.9564,2.2828,3,0.6475,0.6659,0.0005,0.6157,0.772,0.2127,0.4686
iran_dang6_diss8,Iranian-17,dft,input_shuffled,12,342725700,False,0.9797,9,9,0.7365,2.2311,3,0.5818,0.3809,0.05797,0.6044,0.7423,0.0141,0.5007
iran_dang6_diss8,Iranian-17,dft,input_shuffled,12,342725700,False,0.9797,10,12,0.7003,-0.0,12,0.7003,0.3315,0.11994,0.6048,0.7403,0.1207,0.4689
iran_dang6_diss8,Iranian-17,dft,input_shuffled,12,342725700,False,0.9797,11,6,0.8442,-2.8228,6,0.8258,0.6217,0.0025,0.6063,0.7519,0.0343,0.4434
iran_dang6_diss8,Iranian-17,dft,label_shuffled,12,342725700,False,0.9472,0,6,0.6395,-1.1491,12,0.4075,0.274,0.27636,0.6002,0.7294,0.2913,0.4899
iran_dang6_diss8,Iranian-17,dft,label_shuffled,12,342725700,False,0.9472,1,11,0.6824,-0.2589,11,0.6604,0.3026,0.13793,0.6001,0.7308,0.1192,0.4672
iran_dang6_diss8,Iranian-17,dft,label_shuffled,12,342725700,False,0.9472,2,6,0.6372,1.9915,5,0.389,0.2711,0.25837,0.5949,0.7228,0.0362,0.4535
iran_dang6_diss8,Iranian-17,dft,label_shuffled,12,342725700,False,0.9472,3,10,0.6357,3.0843,10,0.6348,0.287,0.30235,0.6015,0.7239,0.1989,0.4552
iran_dang6_diss8,Iranian-17,dft,label_shuffled,12,342725700,False,0.9472,4,11,0.5231,0.4427,6,0.5064,0.2011,0.87106,0.604,0.7402,0.1453,0.3873
iran_dang6_diss8,Iranian-17,dft,label_shuffled,12,342725700,False,0.9472,5,2,0.7588,-2.715,2,0.6978,0.4144,0.03948,0.6037,0.7486,0.0664,0.5111
iran_dang6_diss8,Iranian-17,dft,label_shuffled,12,342725700,False,0.9472,6,2,0.6447,1.2723,10,0.3855,0.2862,0.30835,0.6102,0.7486,0.3462,0.509
iran_dang6_diss8,Iranian-17,dft,label_shuffled,12,342725700,False,0.9472,7,9,0.5941,-1.4704,4,0.5625,0.2354,0.52874,0.6082,0.7512,0.1327,0.4569
iran_dang6_diss8,Iranian-17,dft,label_shuffled,12,342725700,False,0.9472,8,2,0.5477,-2.1445,9,0.4213,0.2109,0.71614,0.5914,0.7108,0.1272,0.5194
iran_dang6_diss8,Iranian-17,dft,label_shuffled,12,342725700,False,0.9472,9,3,0.5665,-2.7684,3,0.526,0.2164,0.67266,0.6065,0.7461,0.2001,0.4819
iran_dang6_diss8,Iranian-17,dft,label_shuffled,12,342725700,False,0.9472,10,9,0.6796,1.5365,4,0.4944,0.3205,0.12494,0.5961,0.7268,0.0179,0.4355
iran_dang6_diss8,Iranian-17,dft,label_shuffled,12,342725700,False,0.9472,11,7,0.5764,0.661,11,0.5087,0.2323,0.61869,0.6079,0.7517,0.0134,0.4586
iran_dang6_diss8,Iranian-17,dft,none,12,276531539,False,0.9919,0,7,0.7364,-2.826,7,0.6998,0.3568,0.04548,0.5994,0.7334,0.1078,0.4337
iran_dang6_diss8,Iranian-17,dft,none,12,276531539,False,0.9919,1,12,0.7069,-0.0,12,0.7069,0.3248,0.06647,0.596,0.7163,0.0646,0.4409
iran_dang6_diss8,Iranian-17,dft,none,12,276531539,False,0.9919,2,12,0.9137,3.1416,12,0.9137,0.5272,0.001,0.6001,0.7313,0.1315,0.4387
iran_dang6_diss8,Iranian-17,dft,none,12,276531539,False,0.9919,3,6,0.9876,3.0365,6,0.9854,0.9622,0.0005,0.6147,0.7699,0.0362,0.5044
iran_dang6_diss8,Iranian-17,dft,none,12,276531539,False,0.9919,4,2,0.7084,-1.9869,3,0.6759,0.3456,0.08746,0.6015,0.7324,0.2377,0.4843
iran_dang6_diss8,Iranian-17,dft,none,12,276531539,False,0.9919,5,3,0.8017,-2.62,3,0.6897,0.4333,0.01049,0.5994,0.7383,0.2196,0.4124
iran_dang6_diss8,Iranian-17,dft,none,12,276531539,False,0.9919,6,3,0.8837,-0.6942,3,0.692,0.5786,0.001,0.6122,0.7573,0.1672,0.4671
iran_dang6_diss8,Iranian-17,dft,none,12,276531539,False,0.9919,7,12,0.9316,-0.0,12,0.9316,0.5482,0.001,0.6053,0.7383,0.1373,0.4474
iran_dang6_diss8,Iranian-17,dft,none,12,276531539,False,0.9919,8,7,0.763,2.1052,7,0.394,0.3932,0.02249,0.5987,0.7345,0.0258,0.4998
iran_dang6_diss8,Iranian-17,dft,none,12,276531539,False,0.9919,9,7,0.6197,1.6447,6,0.3356,0.277,0.30935,0.591,0.7099,0.295,0.4588
iran_dang6_diss8,Iranian-17,dft,none,12,276531539,False,0.9919,10,3,0.6996,-0.5448,3,0.6038,0.3385,0.11694,0.603,0.742,0.3739,0.4775
iran_dang6_diss8,Iranian-17,dft,none,12,276531539,False,0.9919,11,4,0.5689,-1.597,2,0.3237,0.234,0.61669,0.5949,0.7213,0.2341,0.4475
iran_dang6_diss8,Iranian-17,dft,input_shuffled,12,276531539,False,0.935,0,6,0.9426,-3.0117,6,0.9393,0.8442,0.0005,0.6131,0.7577,0.1397,0.4575
iran_dang6_diss8,Iranian-17,dft,input_shuffled,12,276531539,False,0.935,1,12,0.5697,-0.0,12,0.5697,0.2147,0.51624,0.574,0.6778,0.301,0.4909
iran_dang6_diss8,Iranian-17,dft,input_shuffled,12,276531539,False,0.935,2,9,0.742,-0.9384,3,0.6433,0.367,0.06497,0.6109,0.7609,0.1409,0.5009
iran_dang6_diss8,Iranian-17,dft,input_shuffled,12,276531539,False,0.935,3,7,0.6044,-1.3,2,0.2795,0.2438,0.44578,0.6026,0.7437,0.1935,0.4182
iran_dang6_diss8,Iranian-17,dft,input_shuffled,12,276531539,False,0.935,4,12,0.6441,-0.0,12,0.6441,0.27,0.22989,0.5971,0.7261,0.1647,0.4858
iran_dang6_diss8,Iranian-17,dft,input_shuffled,12,276531539,False,0.935,5,6,0.5247,-2.1862,6,0.3885,0.192,0.82059,0.585,0.6948,0.0644,0.4482
iran_dang6_diss8,Iranian-17,dft,input_shuffled,12,276531539,False,0.935,6,12,0.7457,-0.0,12,0.7457,0.3652,0.04348,0.6033,0.7393,0.1316,0.5008
iran_dang6_diss8,Iranian-17,dft,input_shuffled,12,276531539,False,0.935,7,12,0.8997,-0.0,12,0.8997,0.5162,0.0005,0.6061,0.7393,0.0288,0.5233
iran_dang6_diss8,Iranian-17,dft,input_shuffled,12,276531539,False,0.935,8,7,0.8837,0.4172,7,0.8073,0.5295,0.0015,0.607,0.744,0.365,0.4938
iran_dang6_diss8,Iranian-17,dft,input_shuffled,12,276531539,False,0.935,9,7,0.7773,2.356,7,0.5526,0.4193,0.02399,0.6043,0.7443,0.0579,0.4808
iran_dang6_diss8,Iranian-17,dft,input_shuffled,12,276531539,False,0.935,10,2,0.6482,0.1572,2,0.6411,0.2858,0.22539,0.5977,0.726,0.0631,0.4714
iran_dang6_diss8,Iranian-17,dft,input_shuffled,12,276531539,False,0.935,11,3,0.9715,-0.7849,3,0.7061,0.6648,0.0005,0.6105,0.7575,0.1527,0.4742
iran_dang6_diss8,Iranian-17,dft,label_shuffled,12,276531539,False,0.9472,0,2,0.6252,-0.7628,2,0.4652,0.2727,0.35782,0.6028,0.7314,0.3065,0.4447
iran_dang6_diss8,Iranian-17,dft,label_shuffled,12,276531539,False,0.9472,1,7,0.5475,0.1144,7,0.5439,0.2088,0.75762,0.6024,0.7342,0.025,0.4584
iran_dang6_diss8,Iranian-17,dft,label_shuffled,12,276531539,False,0.9472,2,6,0.6434,2.1225,6,0.4453,0.2893,0.27186,0.6039,0.7401,0.1939,0.4817
iran_dang6_diss8,Iranian-17,dft,label_shuffled,12,276531539,False,0.9472,3,2,0.4497,-1.3268,6,0.3186,0.1444,0.995,0.5934,0.7225,0.0316,0.4732
iran_dang6_diss8,Iranian-17,dft,label_shuffled,12,276531539,False,0.9472,4,7,0.5923,0.7055,7,0.4491,0.2451,0.53023,0.6048,0.7419,0.2288,0.485
iran_dang6_diss8,Iranian-17,dft,label_shuffled,12,276531539,False,0.9472,5,8,0.7175,-0.4618,8,0.634,0.3518,0.08096,0.6007,0.7404,0.0811,0.4759
iran_dang6_diss8,Iranian-17,dft,label_shuffled,12,276531539,False,0.9472,6,11,0.6362,0.4965,11,0.5554,0.2818,0.29835,0.6047,0.7535,0.1318,0.502
iran_dang6_diss8,Iranian-17,dft,label_shuffled,12,276531539,False,0.9472,7,8,0.5862,2.7683,8,0.5411,0.2321,0.51624,0.5964,0.7325,0.0979,0.448
iran_dang6_diss8,Iranian-17,dft,label_shuffled,12,276531539,False,0.9472,8,6,0.4583,-0.8139,6,0.3791,0.1536,0.9905,0.6083,0.7533,0.0947,0.4761
iran_dang6_diss8,Iranian-17,dft,label_shuffled,12,276531539,False,0.9472,9,6,0.5403,-1.2088,8,0.3381,0.198,0.7936,0.6056,0.7481,0.2487,0.4375
iran_dang6_diss8,Iranian-17,dft,label_shuffled,12,276531539,False,0.9472,10,4,0.5519,2.678,4,0.4872,0.2001,0.75112,0.6069,0.7488,0.1824,0.5305
iran_dang6_diss8,Iranian-17,dft,label_shuffled,12,276531539,False,0.9472,11,9,0.6169,0.2311,9,0.601,0.2697,0.3983,0.6023,0.734,0.0042,0.4536
iran_dang6_diss8,Iranian-17,dft,none,12,423608845,False,0.9756,0,12,0.6745,3.1416,12,0.6745,0.2987,0.15042,0.5992,0.727,0.205,0.4386
iran_dang6_diss8,Iranian-17,dft,none,12,423608845,False,0.9756,1,10,0.5997,2.6603,2,0.5568,0.2525,0.48576,0.6072,0.7451,0.171,0.516
iran_dang6_diss8,Iranian-17,dft,none,12,423608845,False,0.9756,2,7,0.7167,-2.9117,7,0.6978,0.3419,0.06697,0.5983,0.7288,0.0204,0.4419
iran_dang6_diss8,Iranian-17,dft,none,12,423608845,False,0.9756,3,7,0.7508,-1.8511,2,0.4173,0.3912,0.02399,0.5907,0.7147,0.0408,0.4605
iran_dang6_diss8,Iranian-17,dft,none,12,423608845,False,0.9756,4,7,0.575,2.3754,11,0.4275,0.2268,0.5952,0.6,0.7321,0.0283,0.4235
iran_dang6_diss8,Iranian-17,dft,none,12,423608845,False,0.9756,5,7,0.588,2.3464,12,0.566,0.2382,0.54873,0.6071,0.7552,0.304,0.4937
iran_dang6_diss8,Iranian-17,dft,none,12,423608845,False,0.9756,6,7,0.8748,2.4899,7,0.6977,0.5189,0.0015,0.6079,0.7467,0.0735,0.5223
iran_dang6_diss8,Iranian-17,dft,none,12,423608845,False,0.9756,7,2,0.7541,-2.9016,2,0.7349,0.403,0.04148,0.6061,0.7456,0.0394,0.5462
iran_dang6_diss8,Iranian-17,dft,none,12,423608845,False,0.9756,8,12,0.7669,3.1416,12,0.7669,0.3776,0.01449,0.5907,0.7152,0.0396,0.5145
iran_dang6_diss8,Iranian-17,dft,none,12,423608845,False,0.9756,9,3,0.9435,2.7155,3,0.863,0.6318,0.001,0.6105,0.759,0.0411,0.4542
iran_dang6_diss8,Iranian-17,dft,none,12,423608845,False,0.9756,10,10,0.6523,-0.5456,10,0.5667,0.3,0.25287,0.6049,0.7386,0.4113,0.4587
iran_dang6_diss8,Iranian-17,dft,none,12,423608845,False,0.9756,11,12,0.6595,-0.0,12,0.6595,0.2855,0.22539,0.604,0.7361,0.1441,0.4712
iran_dang6_diss8,Iranian-17,dft,input_shuffled,12,423608845,False,0.9919,0,7,0.7975,-0.7208,7,0.6017,0.4234,0.01399,0.599,0.7331,0.2572,0.4525
iran_dang6_diss8,Iranian-17,dft,input_shuffled,12,423608845,False,0.9919,1,12,0.9141,3.1416,12,0.9141,0.5295,0.001,0.6086,0.7551,0.2721,0.4809
iran_dang6_diss8,Iranian-17,dft,input_shuffled,12,423608845,False,0.9919,2,6,0.4914,-0.0116,6,0.4914,0.1811,0.89505,0.5642,0.6694,0.2682,0.4427
iran_dang6_diss8,Iranian-17,dft,input_shuffled,12,423608845,False,0.9919,3,12,0.7319,3.1416,12,0.7319,0.3456,0.05597,0.6036,0.7359,0.1358,0.4797
iran_dang6_diss8,Iranian-17,dft,input_shuffled,12,423608845,False,0.9919,4,5,0.5821,-1.5567,12,0.4436,0.2313,0.57621,0.603,0.7398,0.2176,0.4345
iran_dang6_diss8,Iranian-17,dft,input_shuffled,12,423608845,False,0.9919,5,3,0.6573,-2.8921,3,0.6365,0.3022,0.25287,0.6061,0.7507,0.2439,0.4942
iran_dang6_diss8,Iranian-17,dft,input_shuffled,12,423608845,False,0.9919,6,12,0.8443,-0.0,12,0.8443,0.4622,0.0045,0.6084,0.743,0.1178,0.4861
iran_dang6_diss8,Iranian-17,dft,input_shuffled,12,423608845,False,0.9919,7,2,0.9789,2.2631,2,0.6478,0.6629,0.0005,0.6093,0.7525,0.3072,0.5054
iran_dang6_diss8,Iranian-17,dft,input_shuffled,12,423608845,False,0.9919,8,7,0.7045,1.2121,6,0.2813,0.3439,0.12044,0.6063,0.7456,0.0984,0.4692
iran_dang6_diss8,Iranian-17,dft,input_shuffled,12,423608845,False,0.9919,9,7,0.5968,1.5706,1,0.2954,0.2476,0.47526,0.5982,0.7184,0.599,0.4337
iran_dang6_diss8,Iranian-17,dft,input_shuffled,12,423608845,False,0.9919,10,6,0.9911,3.0249,6,0.9883,0.9701,0.0005,0.6121,0.7638,0.1421,0.4707
iran_dang6_diss8,Iranian-17,dft,input_shuffled,12,423608845,False,0.9919,11,8,0.6267,0.9664,6,0.4638,0.2943,0.29035,0.5927,0.7221,0.3564,0.4707
iran_dang6_diss8,Iranian-17,dft,label_shuffled,12,423608845,False,0.9512,0,4,0.6212,0.713,4,0.457,0.2788,0.33633,0.5943,0.7199,0.2605,0.4726
iran_dang6_diss8,Iranian-17,dft,label_shuffled,12,423608845,False,0.9512,1,1,0.5868,2.1211,12,0.4264,0.2365,0.52874,0.6,0.7264,0.2073,0.5166
iran_dang6_diss8,Iranian-17,dft,label_shuffled,12,423608845,False,0.9512,2,4,0.5824,2.5401,4,0.4703,0.231,0.62669,0.615,0.7568,0.0955,0.4912
iran_dang6_diss8,Iranian-17,dft,label_shuffled,12,423608845,False,0.9512,3,1,0.6251,0.5029,1,0.5519,0.2707,0.32734,0.5998,0.7359,0.3166,0.4563
iran_dang6_diss8,Iranian-17,dft,label_shuffled,12,423608845,False,0.9512,4,11,0.6079,-1.2871,2,0.5415,0.263,0.42329,0.5983,0.7279,0.1528,0.5487
iran_dang6_diss8,Iranian-17,dft,label_shuffled,12,423608845,False,0.9512,5,11,0.6875,2.0083,8,0.4475,0.3162,0.13643,0.6017,0.7323,0.0548,0.4615
iran_dang6_diss8,Iranian-17,dft,label_shuffled,12,423608845,False,0.9512,6,3,0.5088,2.8333,3,0.4857,0.1852,0.91254,0.6035,0.7327,0.051,0.4392
iran_dang6_diss8,Iranian-17,dft,label_shuffled,12,423608845,False,0.9512,7,11,0.5444,-2.8597,11,0.5223,0.2008,0.75012,0.5993,0.7266,0.2282,0.474
iran_dang6_diss8,Iranian-17,dft,label_shuffled,12,423608845,False,0.9512,8,6,0.5893,-0.6016,6,0.5393,0.2518,0.55422,0.6096,0.7515,0.4235,0.4721
iran_dang6_diss8,Iranian-17,dft,label_shuffled,12,423608845,False,0.9512,9,6,0.6953,-0.5946,6,0.6378,0.3765,0.13243,0.6066,0.748,0.1158,0.4787
iran_dang6_diss8,Iranian-17,dft,label_shuffled,12,423608845,False,0.9512,10,2,0.5074,-0.8754,10,0.3493,0.1825,0.91654,0.5911,0.7115,0.2598,0.4586
iran_dang6_diss8,Iranian-17,dft,label_shuffled,12,423608845,False,0.9512,11,1,0.604,2.9405,1,0.5916,0.2569,0.49725,0.6116,0.7592,0.0059,0.4868
iran_dang6_diss8,Iranian-17,dft,none,12,158695905,False,0.9756,0,9,0.6284,1.0975,4,0.4233,0.2697,0.14243,0.5675,0.6657,0.1576,0.4953
iran_dang6_diss8,Iranian-17,dft,none,12,158695905,False,0.9756,1,6,0.6897,1.2715,11,0.4666,0.3095,0.08896,0.5904,0.716,0.1282,0.5113
iran_dang6_diss8,Iranian-17,dft,none,12,158695905,False,0.9756,2,3,0.6289,-3.1087,3,0.6285,0.2705,0.28636,0.5941,0.7135,0.0245,0.4543
iran_dang6_diss8,Iranian-17,dft,none,12,158695905,False,0.9756,3,3,0.7966,-2.3834,3,0.5638,0.4289,0.02449,0.6153,0.767,0.0887,0.5088
iran_dang6_diss8,Iranian-17,dft,none,12,158695905,False,0.9756,4,6,0.9868,0.0028,6,0.9868,0.9612,0.0005,0.6142,0.7646,0.145,0.4736
iran_dang6_diss8,Iranian-17,dft,none,12,158695905,False,0.9756,5,12,0.8471,-0.0,12,0.8471,0.4537,0.0005,0.6001,0.7358,0.1246,0.4621
iran_dang6_diss8,Iranian-17,dft,none,12,158695905,False,0.9756,6,5,0.5201,-2.2172,12,0.4796,0.1944,0.86757,0.6053,0.7539,0.0819,0.4044
iran_dang6_diss8,Iranian-17,dft,none,12,158695905,False,0.9756,7,6,0.7322,-1.6042,3,0.3759,0.3243,0.01299,0.5806,0.6902,0.17,0.4201
iran_dang6_diss8,Iranian-17,dft,none,12,158695905,False,0.9756,8,7,0.6516,-0.4053,7,0.5992,0.2947,0.08696,0.5642,0.6717,0.0827,0.4709
iran_dang6_diss8,Iranian-17,dft,none,12,158695905,False,0.9756,9,7,0.7574,1.6939,12,0.5538,0.3809,0.01399,0.5932,0.7172,0.1219,0.4572
iran_dang6_diss8,Iranian-17,dft,none,12,158695905,False,0.9756,10,7,0.6629,2.4824,7,0.5257,0.304,0.2079,0.6062,0.7435,0.2926,0.4972
iran_dang6_diss8,Iranian-17,dft,none,12,158695905,False,0.9756,11,3,0.9534,2.501,3,0.7756,0.6425,0.0005,0.61,0.7496,0.1637,0.4911
iran_dang6_diss8,Iranian-17,dft,input_shuffled,12,158695905,False,0.9512,0,3,0.8222,2.8609,3,0.791,0.4704,0.0035,0.6019,0.7309,0.0469,0.5054
iran_dang6_diss8,Iranian-17,dft,input_shuffled,12,158695905,False,0.9512,1,12,0.7959,-0.0,12,0.7959,0.4148,0.01849,0.6065,0.7479,0.2311,0.4111
iran_dang6_diss8,Iranian-17,dft,input_shuffled,12,158695905,False,0.9512,2,10,0.5015,-0.4784,11,0.4654,0.1834,0.87606,0.5696,0.6782,0.2393,0.4768
iran_dang6_diss8,Iranian-17,dft,input_shuffled,12,158695905,False,0.9512,3,7,0.7003,0.2995,7,0.6689,0.3221,0.05997,0.5876,0.7086,0.0531,0.4632
iran_dang6_diss8,Iranian-17,dft,input_shuffled,12,158695905,False,0.9512,4,7,0.6162,-1.5961,8,0.3333,0.2583,0.31534,0.5871,0.7045,0.0339,0.4992
iran_dang6_diss8,Iranian-17,dft,input_shuffled,12,158695905,False,0.9512,5,6,0.6045,1.0009,12,0.5449,0.2487,0.45877,0.6072,0.7565,0.13,0.5032
iran_dang6_diss8,Iranian-17,dft,input_shuffled,12,158695905,False,0.9512,6,2,0.7389,0.7807,3,0.5434,0.3847,0.04848,0.6011,0.7373,0.1214,0.4763
iran_dang6_diss8,Iranian-17,dft,input_shuffled,12,158695905,False,0.9512,7,3,0.6382,-0.9216,12,0.459,0.2842,0.31634,0.608,0.7419,0.0487,0.4613
iran_dang6_diss8,Iranian-17,dft,input_shuffled,12,158695905,False,0.9512,8,2,0.7645,-2.7974,2,0.7246,0.4211,0.04048,0.6095,0.7546,0.2466,0.4933
iran_dang6_diss8,Iranian-17,dft,input_shuffled,12,158695905,False,0.9512,9,7,0.6487,-0.8507,5,0.5604,0.286,0.27186,0.6067,0.7514,0.0175,0.4699
iran_dang6_diss8,Iranian-17,dft,input_shuffled,12,158695905,False,0.9512,10,12,0.8318,-0.0,12,0.8318,0.4498,0.0085,0.6077,0.7487,0.28,0.5092
iran_dang6_diss8,Iranian-17,dft,input_shuffled,12,158695905,False,0.9512,11,7,0.5786,-0.3366,7,0.5464,0.2316,0.6082,0.608,0.7498,0.0191,0.5186
iran_dang6_diss8,Iranian-17,dft,label_shuffled,12,158695905,False,0.9553,0,8,0.6609,-0.8771,1,0.456,0.2917,0.22989,0.6085,0.7472,0.1047,0.5128
iran_dang6_diss8,Iranian-17,dft,label_shuffled,12,158695905,False,0.9553,1,2,0.7546,-1.4806,8,0.4504,0.3958,0.04648,0.6076,0.751,0.4345,0.4564
iran_dang6_diss8,Iranian-17,dft,label_shuffled,12,158695905,False,0.9553,2,8,0.5054,-2.5897,3,0.4563,0.1747,0.92354,0.6027,0.7348,0.0086,0.509
iran_dang6_diss8,Iranian-17,dft,label_shuffled,12,158695905,False,0.9553,3,10,0.5458,-0.0663,10,0.5447,0.2107,0.77011,0.6065,0.7507,0.1882,0.4863
iran_dang6_diss8,Iranian-17,dft,label_shuffled,12,158695905,False,0.9553,4,2,0.5922,-1.8994,4,0.457,0.2409,0.55872,0.6123,0.7548,0.0714,0.505
iran_dang6_diss8,Iranian-17,dft,label_shuffled,12,158695905,False,0.9553,5,3,0.4774,2.5427,3,0.399,0.1655,0.97951,0.6055,0.7493,0.3121,0.4615
iran_dang6_diss8,Iranian-17,dft,label_shuffled,12,158695905,False,0.9553,6,8,0.5567,-1.2681,11,0.5228,0.2194,0.70065,0.6003,0.7357,0.0593,0.4651
iran_dang6_diss8,Iranian-17,dft,label_shuffled,12,158695905,False,0.9553,7,5,0.5757,0.1621,5,0.5682,0.2247,0.61619,0.6064,0.7459,0.0104,0.4531
iran_dang6_diss8,Iranian-17,dft,label_shuffled,12,158695905,False,0.9553,8,6,0.5751,0.6084,6,0.5251,0.2501,0.57571,0.596,0.7265,0.1603,0.477
iran_dang6_diss8,Iranian-17,dft,label_shuffled,12,158695905,False,0.9553,9,11,0.6089,1.9813,4,0.4388,0.2692,0.42979,0.5993,0.7255,0.2637,0.5024
iran_dang6_diss8,Iranian-17,dft,label_shuffled,12,158695905,False,0.9553,10,8,0.5514,0.4646,8,0.4865,0.2097,0.57921,0.5709,0.6898,0.2959,0.5077
iran_dang6_diss8,Iranian-17,dft,label_shuffled,12,158695905,False,0.9553,11,10,0.5371,1.3559,9,0.3718,0.1932,0.78111,0.5948,0.7209,0.0649,0.5181
iran_dang6_diss8,Iranian-17,dft,none,12,868574371,False,0.9837,0,7,0.6185,-0.9806,7,0.3482,0.2676,0.3933,0.6036,0.7372,0.0268,0.4823
iran_dang6_diss8,Iranian-17,dft,none,12,868574371,False,0.9837,1,3,0.9318,-0.7103,3,0.7207,0.6236,0.0005,0.6078,0.7537,0.0192,0.461
iran_dang6_diss8,Iranian-17,dft,none,12,868574371,False,0.9837,2,5,0.5544,1.5578,6,0.4342,0.2219,0.73413,0.6074,0.7467,0.0568,0.4433
iran_dang6_diss8,Iranian-17,dft,none,12,868574371,False,0.9837,3,8,0.506,-2.7668,8,0.4667,0.1716,0.92304,0.6053,0.7413,0.3475,0.5167
iran_dang6_diss8,Iranian-17,dft,none,12,868574371,False,0.9837,4,3,0.7004,2.5284,3,0.5802,0.3512,0.09195,0.5986,0.7308,0.055,0.4642
iran_dang6_diss8,Iranian-17,dft,none,12,868574371,False,0.9837,5,12,0.7663,3.1416,12,0.7663,0.3785,0.02399,0.6013,0.735,0.0391,0.4623
iran_dang6_diss8,Iranian-17,dft,none,12,868574371,False,0.9837,6,3,0.6596,0.6154,3,0.5315,0.298,0.1909,0.5975,0.7281,0.258,0.483
iran_dang6_diss8,Iranian-17,dft,none,12,868574371,False,0.9837,7,6,0.9784,-0.3877,6,0.9465,0.8965,0.0005,0.6142,0.7632,0.1105,0.5292
iran_dang6_diss8,Iranian-17,dft,none,12,868574371,False,0.9837,8,3,0.7124,-2.334,3,0.4773,0.345,0.11394,0.6103,0.7584,0.0135,0.4194
iran_dang6_diss8,Iranian-17,dft,none,12,868574371,False,0.9837,9,12,0.5096,-0.0,12,0.5096,0.1817,0.90605,0.6001,0.7343,0.2099,0.4387
iran_dang6_diss8,Iranian-17,dft,none,12,868574371,False,0.9837,10,12,0.6586,3.1416,12,0.6586,0.2947,0.21489,0.6014,0.7324,0.3178,0.4476
iran_dang6_diss8,Iranian-17,dft,none,12,868574371,False,0.9837,11,2,0.6393,-2.7232,2,0.5899,0.2827,0.25087,0.5945,0.7173,0.0347,0.489
iran_dang6_diss8,Iranian-17,dft,input_shuffled,12,868574371,False,0.9756,0,12,0.8091,-0.0,12,0.8091,0.4304,0.0075,0.6015,0.7396,0.0167,0.4819
iran_dang6_diss8,Iranian-17,dft,input_shuffled,12,868574371,False,0.9756,1,12,0.8912,3.1416,12,0.8912,0.5078,0.0005,0.5981,0.7235,0.2179,0.4969
iran_dang6_diss8,Iranian-17,dft,input_shuffled,12,868574371,False,0.9756,2,3,0.8601,-0.735,3,0.6523,0.519,0.0035,0.6071,0.7416,0.1628,0.4778
iran_dang6_diss8,Iranian-17,dft,input_shuffled,12,868574371,False,0.9756,3,6,0.9731,0.3575,6,0.9463,0.8883,0.0005,0.6124,0.749,0.133,0.5141
iran_dang6_diss8,Iranian-17,dft,input_shuffled,12,868574371,False,0.9756,4,7,0.5992,-0.8039,5,0.4918,0.2496,0.46227,0.6024,0.7377,0.0325,0.4944
iran_dang6_diss8,Iranian-17,dft,input_shuffled,12,868574371,False,0.9756,5,6,0.8326,-0.7075,6,0.7299,0.5409,0.0095,0.6112,0.7525,0.0214,0.4296
iran_dang6_diss8,Iranian-17,dft,input_shuffled,12,868574371,False,0.9756,6,2,0.6299,-2.7677,2,0.5911,0.2776,0.33283,0.6024,0.7276,0.2058,0.4378
iran_dang6_diss8,Iranian-17,dft,input_shuffled,12,868574371,False,0.9756,7,12,0.7833,-0.0,12,0.7833,0.4032,0.01999,0.6083,0.7427,0.0819,0.4588
iran_dang6_diss8,Iranian-17,dft,input_shuffled,12,868574371,False,0.9756,8,3,0.741,1.5371,5,0.3634,0.3833,0.05347,0.6079,0.743,0.1241,0.5191
iran_dang6_diss8,Iranian-17,dft,input_shuffled,12,868574371,False,0.9756,9,7,0.5293,-0.6218,4,0.4693,0.1998,0.85407,0.6052,0.7356,0.1078,0.5219
iran_dang6_diss8,Iranian-17,dft,input_shuffled,12,868574371,False,0.9756,10,9,0.759,-0.9567,3,0.464,0.4025,0.05447,0.6113,0.7603,0.1188,0.4083
iran_dang6_diss8,Iranian-17,dft,input_shuffled,12,868574371,False,0.9756,11,3,0.5849,-2.7065,2,0.5436,0.2368,0.50425,0.5962,0.724,0.1686,0.4877
iran_dang6_diss8,Iranian-17,dft,label_shuffled,12,868574371,False,0.9675,0,2,0.5029,-0.2845,2,0.4849,0.1812,0.94603,0.6105,0.7523,0.1548,0.4998
iran_dang6_diss8,Iranian-17,dft,label_shuffled,12,868574371,False,0.9675,1,2,0.592,2.4032,2,0.45,0.2503,0.51324,0.6028,0.7376,0.4739,0.4882
iran_dang6_diss8,Iranian-17,dft,label_shuffled,12,868574371,False,0.9675,2,11,0.5958,1.6891,10,0.4452,0.2561,0.3978,0.5843,0.7002,0.2583,0.4916
iran_dang6_diss8,Iranian-17,dft,label_shuffled,12,868574371,False,0.9675,3,6,0.583,-0.6462,6,0.5248,0.2483,0.56072,0.5999,0.7358,0.0746,0.4851
iran_dang6_diss8,Iranian-17,dft,label_shuffled,12,868574371,False,0.9675,4,11,0.8286,-2.3729,11,0.5791,0.4627,0.003,0.6038,0.742,0.083,0.491
iran_dang6_diss8,Iranian-17,dft,label_shuffled,12,868574371,False,0.9675,5,4,0.5852,3.0259,4,0.5807,0.235,0.54973,0.6038,0.7397,0.0664,0.4908
iran_dang6_diss8,Iranian-17,dft,label_shuffled,12,868574371,False,0.9675,6,11,0.5023,-0.0556,11,0.5015,0.1677,0.93953,0.6079,0.7487,0.1543,0.5101
iran_dang6_diss8,Iranian-17,dft,label_shuffled,12,868574371,False,0.9675,7,8,0.7046,1.5031,11,0.5691,0.3623,0.09745,0.6025,0.7413,0.0306,0.465
iran_dang6_diss8,Iranian-17,dft,label_shuffled,12,868574371,False,0.9675,8,4,0.4767,-0.1647,4,0.4694,0.1532,0.98001,0.5974,0.725,0.3833,0.4577
iran_dang6_diss8,Iranian-17,dft,label_shuffled,12,868574371,False,0.9675,9,2,0.6681,-2.1507,5,0.4382,0.3158,0.18691,0.6033,0.743,0.2679,0.497
iran_dang6_diss8,Iranian-17,dft,label_shuffled,12,868574371,False,0.9675,10,8,0.6717,-1.317,11,0.3562,0.3183,0.2034,0.609,0.7458,0.1478,0.4302
iran_dang6_diss8,Iranian-17,dft,label_shuffled,12,868574371,False,0.9675,11,8,0.5973,2.4283,9,0.5325,0.2594,0.48976,0.6015,0.7263,0.3751,0.4804
iran_dang6_diss8,Iranian-17,dft,none,12,1840321500,False,0.9959,0,7,0.7833,-0.9619,7,0.4528,0.416,0.02299,0.6063,0.7429,0.0785,0.4981
iran_dang6_diss8,Iranian-17,dft,none,12,1840321500,False,0.9959,1,3,0.8063,-0.9503,3,0.4925,0.5003,0.01649,0.6077,0.7536,0.1733,0.4512
iran_dang6_diss8,Iranian-17,dft,none,12,1840321500,False,0.9959,2,12,0.6395,-0.0,12,0.6395,0.2741,0.25737,0.5951,0.7169,0.2579,0.4864
iran_dang6_diss8,Iranian-17,dft,none,12,1840321500,False,0.9959,3,12,0.9125,-0.0,12,0.9125,0.5273,0.0005,0.5988,0.727,0.1349,0.4838
iran_dang6_diss8,Iranian-17,dft,none,12,1840321500,False,0.9959,4,6,0.9442,-0.6527,6,0.8477,0.7515,0.0005,0.6123,0.765,0.1276,0.4878
iran_dang6_diss8,Iranian-17,dft,none,12,1840321500,False,0.9959,5,6,0.5036,-0.1297,6,0.5018,0.1895,0.94003,0.6152,0.7687,0.1895,0.4265
iran_dang6_diss8,Iranian-17,dft,none,12,1840321500,False,0.9959,6,7,0.7236,0.7697,7,0.5169,0.3629,0.08646,0.6069,0.7481,0.3669,0.4949
iran_dang6_diss8,Iranian-17,dft,none,12,1840321500,False,0.9959,7,7,0.7556,2.4704,7,0.5938,0.3979,0.03498,0.6022,0.7377,0.0222,0.5047
iran_dang6_diss8,Iranian-17,dft,none,12,1840321500,False,0.9959,8,12,0.8141,-0.0,12,0.8141,0.4405,0.01099,0.6112,0.7667,0.0416,0.4498
iran_dang6_diss8,Iranian-17,dft,none,12,1840321500,False,0.9959,9,3,0.7196,0.5831,3,0.5941,0.3465,0.09845,0.6083,0.7532,0.1237,0.4755
iran_dang6_diss8,Iranian-17,dft,none,12,1840321500,False,0.9959,10,4,0.5654,0.9639,8,0.3695,0.2249,0.66067,0.6008,0.7294,0.1473,0.4904
iran_dang6_diss8,Iranian-17,dft,none,12,1840321500,False,0.9959,11,12,0.757,-0.0,12,0.757,0.3758,0.02949,0.6045,0.7363,0.1643,0.4867
iran_dang6_diss8,Iranian-17,dft,input_shuffled,12,1840321500,True,1.0,0,12,0.9301,-0.0,12,0.9301,0.5467,0.001,0.6054,0.7418,0.1112,0.4101
iran_dang6_diss8,Iranian-17,dft,input_shuffled,12,1840321500,True,1.0,1,9,0.6172,1.8405,3,0.4694,0.2563,0.38431,0.6016,0.7278,0.0625,0.4831
iran_dang6_diss8,Iranian-17,dft,input_shuffled,12,1840321500,True,1.0,2,7,0.6529,0.4978,7,0.5729,0.306,0.22489,0.6005,0.7333,0.2287,0.4419
iran_dang6_diss8,Iranian-17,dft,input_shuffled,12,1840321500,True,1.0,3,10,0.6327,-0.9118,12,0.4671,0.2637,0.31284,0.6033,0.7397,0.1682,0.4854
iran_dang6_diss8,Iranian-17,dft,input_shuffled,12,1840321500,True,1.0,4,12,0.8925,-0.0,12,0.8925,0.5046,0.0005,0.6081,0.7467,0.0476,0.5677
iran_dang6_diss8,Iranian-17,dft,input_shuffled,12,1840321500,True,1.0,5,6,0.9735,-0.3482,6,0.9481,0.8904,0.0005,0.6126,0.76,0.1844,0.5081
iran_dang6_diss8,Iranian-17,dft,input_shuffled,12,1840321500,True,1.0,6,3,0.7125,-1.4668,9,0.3409,0.3642,0.09995,0.6056,0.7457,0.0216,0.5004
iran_dang6_diss8,Iranian-17,dft,input_shuffled,12,1840321500,True,1.0,7,2,0.8352,-2.5248,2,0.6951,0.4965,0.006,0.6046,0.743,0.0464,0.4914
iran_dang6_diss8,Iranian-17,dft,input_shuffled,12,1840321500,True,1.0,8,12,0.573,3.1416,12,0.573,0.2208,0.6067,0.6017,0.7372,0.1141,0.4581
iran_dang6_diss8,Iranian-17,dft,input_shuffled,12,1840321500,True,1.0,9,11,0.5019,-0.4649,6,0.4585,0.1891,0.93253,0.5995,0.7351,0.3709,0.4835
iran_dang6_diss8,Iranian-17,dft,input_shuffled,12,1840321500,True,1.0,10,7,0.7972,-0.9206,7,0.487,0.4262,0.01449,0.6059,0.7458,0.1391,0.4243
iran_dang6_diss8,Iranian-17,dft,input_shuffled,12,1840321500,True,1.0,11,7,0.6479,-0.7057,12,0.4987,0.287,0.24988,0.6024,0.7363,0.0151,0.4611
iran_dang6_diss8,Iranian-17,dft,label_shuffled,12,1840321500,False,0.9187,0,2,0.7507,-1.6337,10,0.3143,0.3821,0.06847,0.6136,0.7647,0.1745,0.4787
iran_dang6_diss8,Iranian-17,dft,label_shuffled,12,1840321500,False,0.9187,1,9,0.5402,2.0848,6,0.5246,0.2224,0.78211,0.5993,0.7307,0.2138,0.4899
iran_dang6_diss8,Iranian-17,dft,label_shuffled,12,1840321500,False,0.9187,2,8,0.7783,0.7661,8,0.5437,0.4205,0.02099,0.6009,0.7396,0.2967,0.5154
iran_dang6_diss8,Iranian-17,dft,label_shuffled,12,1840321500,False,0.9187,3,11,0.6708,-0.8697,4,0.4911,0.2909,0.1914,0.6055,0.7398,0.045,0.4901
iran_dang6_diss8,Iranian-17,dft,label_shuffled,12,1840321500,False,0.9187,4,6,0.5617,-0.4884,6,0.5316,0.2373,0.65617,0.5972,0.7231,0.1089,0.4538
iran_dang6_diss8,Iranian-17,dft,label_shuffled,12,1840321500,False,0.9187,5,3,0.6441,2.4567,3,0.5078,0.2969,0.28686,0.6068,0.7523,0.2031,0.4314
iran_dang6_diss8,Iranian-17,dft,label_shuffled,12,1840321500,False,0.9187,6,11,0.5379,-1.4034,12,0.3935,0.2013,0.78111,0.5985,0.7318,0.0403,0.5167
iran_dang6_diss8,Iranian-17,dft,label_shuffled,12,1840321500,False,0.9187,7,10,0.6381,-2.6885,10,0.5803,0.2896,0.29135,0.6016,0.7386,0.3142,0.4676
iran_dang6_diss8,Iranian-17,dft,label_shuffled,12,1840321500,False,0.9187,8,7,0.5967,-2.8214,7,0.5662,0.2427,0.46527,0.5998,0.7343,0.0115,0.4292
iran_dang6_diss8,Iranian-17,dft,label_shuffled,12,1840321500,False,0.9187,9,3,0.5379,-1.6963,4,0.4715,0.2007,0.8071,0.605,0.7468,0.4049,0.4665
iran_dang6_diss8,Iranian-17,dft,label_shuffled,12,1840321500,False,0.9187,10,2,0.521,2.2472,5,0.4163,0.1855,0.87156,0.6051,0.7434,0.3643,0.4816
iran_dang6_diss8,Iranian-17,dft,label_shuffled,12,1840321500,False,0.9187,11,9,0.6268,2.0566,10,0.4602,0.2816,0.30985,0.5965,0.7246,0.1935,0.4551
iran_dang6_diss8,Iranian-17,dft,none,12,1006658922,False,0.9837,0,6,0.7013,-1.7025,12,0.6539,0.2955,0.06397,0.5927,0.7095,0.0309,0.4517
iran_dang6_diss8,Iranian-17,dft,none,12,1006658922,False,0.9837,1,9,0.7026,2.8055,9,0.662,0.3415,0.10695,0.6028,0.7406,0.1446,0.4379
iran_dang6_diss8,Iranian-17,dft,none,12,1006658922,False,0.9837,2,12,0.8851,-0.0,12,0.8851,0.4996,0.0005,0.6103,0.7517,0.0683,0.4844
iran_dang6_diss8,Iranian-17,dft,none,12,1006658922,False,0.9837,3,7,0.7764,-0.7258,7,0.5833,0.4104,0.02549,0.6085,0.7499,0.1012,0.491
iran_dang6_diss8,Iranian-17,dft,none,12,1006658922,False,0.9837,4,6,0.9841,3.049,6,0.9824,0.9541,0.0005,0.6157,0.7722,0.1414,0.468
iran_dang6_diss8,Iranian-17,dft,none,12,1006658922,False,0.9837,5,3,0.9392,-0.8363,3,0.6505,0.6257,0.0005,0.6119,0.7519,0.1825,0.4869
iran_dang6_diss8,Iranian-17,dft,none,12,1006658922,False,0.9837,6,12,0.8807,3.1416,12,0.8807,0.4953,0.0005,0.6044,0.7434,0.1158,0.4923
iran_dang6_diss8,Iranian-17,dft,none,12,1006658922,False,0.9837,7,9,0.759,2.1314,4,0.4321,0.3905,0.02899,0.6048,0.7341,0.0538,0.5077
iran_dang6_diss8,Iranian-17,dft,none,12,1006658922,False,0.9837,8,4,0.5385,-2.8421,4,0.5116,0.2106,0.77961,0.6005,0.7364,0.1069,0.4994
iran_dang6_diss8,Iranian-17,dft,none,12,1006658922,False,0.9837,9,10,0.4948,-0.7213,6,0.4511,0.1822,0.96352,0.6091,0.7565,0.2555,0.475
iran_dang6_diss8,Iranian-17,dft,none,12,1006658922,False,0.9837,10,7,0.5867,-0.7087,7,0.4473,0.2445,0.55372,0.6054,0.7412,0.0796,0.4906
iran_dang6_diss8,Iranian-17,dft,none,12,1006658922,False,0.9837,11,12,0.8651,-0.0,12,0.8651,0.4805,0.0015,0.6011,0.7333,0.0408,0.5027
iran_dang6_diss8,Iranian-17,dft,input_shuffled,12,1006658922,False,0.9797,0,7,0.7156,0.2007,7,0.7011,0.3463,0.08046,0.6035,0.736,0.0193,0.4549
iran_dang6_diss8,Iranian-17,dft,input_shuffled,12,1006658922,False,0.9797,1,9,0.5567,0.5648,7,0.4872,0.221,0.70615,0.605,0.7399,0.0724,0.4697
iran_dang6_diss8,Iranian-17,dft,input_shuffled,12,1006658922,False,0.9797,2,12,0.9363,-0.0,12,0.9363,0.5541,0.0005,0.6066,0.7493,0.0345,0.5102
iran_dang6_diss8,Iranian-17,dft,input_shuffled,12,1006658922,False,0.9797,3,3,0.915,0.7422,3,0.6585,0.5746,0.0005,0.6057,0.7423,0.0194,0.4811
iran_dang6_diss8,Iranian-17,dft,input_shuffled,12,1006658922,False,0.9797,4,6,0.988,3.1342,6,0.988,0.9662,0.0005,0.6118,0.7673,0.0731,0.4311
iran_dang6_diss8,Iranian-17,dft,input_shuffled,12,1006658922,False,0.9797,5,3,0.7456,2.4783,3,0.5971,0.4045,0.03548,0.5985,0.7302,0.3105,0.5168
iran_dang6_diss8,Iranian-17,dft,input_shuffled,12,1006658922,False,0.9797,6,7,0.7215,1.6747,11,0.2913,0.3413,0.04598,0.5885,0.7138,0.0917,0.5064
iran_dang6_diss8,Iranian-17,dft,input_shuffled,12,1006658922,False,0.9797,7,12,0.6649,3.1416,12,0.6649,0.2951,0.2024,0.6024,0.7416,0.2114,0.5214
iran_dang6_diss8,Iranian-17,dft,input_shuffled,12,1006658922,False,0.9797,8,7,0.6863,2.4853,5,0.5768,0.3257,0.16442,0.6069,0.7421,0.0127,0.5148
iran_dang6_diss8,Iranian-17,dft,input_shuffled,12,1006658922,False,0.9797,9,12,0.9231,-0.0,12,0.9231,0.5245,0.0005,0.5997,0.7281,0.1325,0.4911
iran_dang6_diss8,Iranian-17,dft,input_shuffled,12,1006658922,False,0.9797,10,6,0.7075,-0.6011,6,0.6476,0.3918,0.08896,0.5987,0.736,0.4932,0.5003
iran_dang6_diss8,Iranian-17,dft,input_shuffled,12,1006658922,False,0.9797,11,9,0.5912,0.7422,12,0.5815,0.2398,0.56272,0.6131,0.7637,0.0432,0.4923
iran_dang6_diss8,Iranian-17,dft,label_shuffled,12,1006658922,False,0.9634,0,1,0.5684,1.7264,9,0.5533,0.2219,0.66817,0.6085,0.752,0.6578,0.5168
iran_dang6_diss8,Iranian-17,dft,label_shuffled,12,1006658922,False,0.9634,1,10,0.7404,-1.9978,8,0.4387,0.3752,0.06797,0.6113,0.7571,0.0861,0.491
iran_dang6_diss8,Iranian-17,dft,label_shuffled,12,1006658922,False,0.9634,2,6,0.7881,1.2405,6,0.3714,0.4003,0.02499,0.6081,0.761,0.0387,0.528
iran_dang6_diss8,Iranian-17,dft,label_shuffled,12,1006658922,False,0.9634,3,2,0.5103,-2.5103,2,0.4206,0.1843,0.90905,0.6059,0.7415,0.0543,0.4681
iran_dang6_diss8,Iranian-17,dft,label_shuffled,12,1006658922,False,0.9634,4,10,0.5792,2.8808,10,0.5618,0.2328,0.61419,0.608,0.7502,0.098,0.4616
iran_dang6_diss8,Iranian-17,dft,label_shuffled,12,1006658922,False,0.9634,5,9,0.5914,-0.7833,7,0.4644,0.2391,0.48776,0.596,0.7183,0.088,0.4813
iran_dang6_diss8,Iranian-17,dft,label_shuffled,12,1006658922,False,0.9634,6,2,0.5652,2.4751,2,0.4546,0.2281,0.64468,0.6025,0.7393,0.1039,0.485
iran_dang6_diss8,Iranian-17,dft,label_shuffled,12,1006658922,False,0.9634,7,11,0.5837,2.6827,11,0.5264,0.2432,0.58121,0.6094,0.7514,0.1069,0.5245
iran_dang6_diss8,Iranian-17,dft,label_shuffled,12,1006658922,False,0.9634,8,3,0.5568,-1.8956,6,0.4651,0.225,0.68166,0.5971,0.7218,0.3298,0.4818
iran_dang6_diss8,Iranian-17,dft,label_shuffled,12,1006658922,False,0.9634,9,11,0.6653,2.9294,11,0.6507,0.3041,0.2084,0.6035,0.7385,0.2849,0.474
iran_dang6_diss8,Iranian-17,dft,label_shuffled,12,1006658922,False,0.9634,10,11,0.6101,1.3741,7,0.3429,0.2531,0.41979,0.6063,0.7526,0.2667,0.5004
iran_dang6_diss8,Iranian-17,dft,label_shuffled,12,1006658922,False,0.9634,11,4,0.5146,-0.6346,7,0.4081,0.1857,0.88456,0.598,0.7305,0.3291,0.4658
iran_dang6_diss8,Iranian-17,dft,none,12,1098023658,False,0.9512,0,12,0.8603,3.1416,12,0.8603,0.4659,0.0015,0.6011,0.7344,0.0424,0.4633
iran_dang6_diss8,Iranian-17,dft,none,12,1098023658,False,0.9512,1,7,0.6766,-0.9201,7,0.4136,0.3219,0.18541,0.6081,0.7447,0.1849,0.4256
iran_dang6_diss8,Iranian-17,dft,none,12,1098023658,False,0.9512,2,7,0.7295,2.3048,7,0.492,0.3625,0.04148,0.595,0.72,0.0718,0.4428
iran_dang6_diss8,Iranian-17,dft,none,12,1098023658,False,0.9512,3,6,0.9297,2.9817,6,0.9247,0.8069,0.0005,0.6093,0.7586,0.1607,0.4908
iran_dang6_diss8,Iranian-17,dft,none,12,1098023658,False,0.9512,4,12,0.6922,3.1416,12,0.6922,0.3173,0.10545,0.5949,0.7249,0.2307,0.4581
iran_dang6_diss8,Iranian-17,dft,none,12,1098023658,False,0.9512,5,2,0.8663,0.4744,2,0.7803,0.5266,0.001,0.5992,0.7306,0.1462,0.5012
iran_dang6_diss8,Iranian-17,dft,none,12,1098023658,False,0.9512,6,2,0.6264,0.916,2,0.3964,0.2743,0.29285,0.5938,0.7168,0.0375,0.4965
iran_dang6_diss8,Iranian-17,dft,none,12,1098023658,False,0.9512,7,4,0.7831,-1.4434,9,0.3967,0.4398,0.01499,0.5991,0.7301,0.2581,0.5035
iran_dang6_diss8,Iranian-17,dft,none,12,1098023658,False,0.9512,8,12,0.6582,3.1416,12,0.6582,0.2849,0.22939,0.6041,0.7411,0.0557,0.4761
iran_dang6_diss8,Iranian-17,dft,none,12,1098023658,False,0.9512,9,7,0.7397,-2.0257,8,0.3815,0.37,0.03498,0.6018,0.7255,0.0909,0.5068
iran_dang6_diss8,Iranian-17,dft,none,12,1098023658,False,0.9512,10,2,0.8955,-1.044,2,0.4714,0.5643,0.0005,0.5981,0.7247,0.3653,0.4675
iran_dang6_diss8,Iranian-17,dft,none,12,1098023658,False,0.9512,11,5,0.5416,0.8059,4,0.4244,0.2007,0.7981,0.6069,0.7506,0.542,0.4923
iran_dang6_diss8,Iranian-17,dft,input_shuffled,12,1098023658,False,0.9268,0,12,0.5809,3.1416,12,0.5809,0.2436,0.57921,0.6047,0.7468,0.0804,0.4537
iran_dang6_diss8,Iranian-17,dft,input_shuffled,12,1098023658,False,0.9268,1,2,0.513,-0.088,2,0.5113,0.1823,0.92304,0.6101,0.7469,0.0648,0.4555
iran_dang6_diss8,Iranian-17,dft,input_shuffled,12,1098023658,False,0.9268,2,2,0.6475,0.3623,2,0.6099,0.2929,0.29385,0.6107,0.7519,0.0284,0.4791
iran_dang6_diss8,Iranian-17,dft,input_shuffled,12,1098023658,False,0.9268,3,2,0.9823,0.7335,2,0.7497,0.6788,0.0005,0.6118,0.755,0.2383,0.4605
iran_dang6_diss8,Iranian-17,dft,input_shuffled,12,1098023658,False,0.9268,4,12,0.7155,3.1416,12,0.7155,0.3395,0.06997,0.5985,0.7301,0.1932,0.4713
iran_dang6_diss8,Iranian-17,dft,input_shuffled,12,1098023658,False,0.9268,5,10,0.5274,0.8361,9,0.4433,0.1905,0.85957,0.6017,0.727,0.1546,0.4708
iran_dang6_diss8,Iranian-17,dft,input_shuffled,12,1098023658,False,0.9268,6,6,0.771,1.7474,11,0.5022,0.3638,0.02599,0.6052,0.7385,0.0811,0.5153
iran_dang6_diss8,Iranian-17,dft,input_shuffled,12,1098023658,False,0.9268,7,10,0.6865,-2.0952,12,0.5729,0.3174,0.13043,0.6003,0.7363,0.0403,0.4606
iran_dang6_diss8,Iranian-17,dft,input_shuffled,12,1098023658,False,0.9268,8,7,0.8367,-0.6278,5,0.6902,0.4764,0.005,0.6055,0.7515,0.1202,0.5144
iran_dang6_diss8,Iranian-17,dft,input_shuffled,12,1098023658,False,0.9268,9,2,0.6956,1.96,4,0.2945,0.3183,0.11894,0.6046,0.7355,0.0276,0.4461
iran_dang6_diss8,Iranian-17,dft,input_shuffled,12,1098023658,False,0.9268,10,2,0.7755,-0.6767,2,0.619,0.4222,0.03148,0.6106,0.7533,0.0389,0.4845
iran_dang6_diss8,Iranian-17,dft,input_shuffled,12,1098023658,False,0.9268,11,2,0.4985,-0.8905,2,0.3254,0.1749,0.92754,0.5952,0.7225,0.4475,0.5388
iran_dang6_diss8,Iranian-17,dft,label_shuffled,12,1098023658,False,0.9309,0,5,0.8021,-2.5547,5,0.6694,0.4424,0.01649,0.6095,0.7434,0.2054,0.4931
iran_dang6_diss8,Iranian-17,dft,label_shuffled,12,1098023658,False,0.9309,1,6,0.5923,2.0519,4,0.4995,0.2406,0.48476,0.5973,0.7281,0.2327,0.4647
iran_dang6_diss8,Iranian-17,dft,label_shuffled,12,1098023658,False,0.9309,2,9,0.6208,2.8543,9,0.5947,0.2704,0.38031,0.6064,0.7419,0.0625,0.4736
iran_dang6_diss8,Iranian-17,dft,label_shuffled,12,1098023658,False,0.9309,3,5,0.7348,-0.4934,5,0.6463,0.3643,0.05397,0.6044,0.7402,0.276,0.4894
iran_dang6_diss8,Iranian-17,dft,label_shuffled,12,1098023658,False,0.9309,4,1,0.6263,-1.7177,4,0.4483,0.2646,0.32934,0.6003,0.734,0.6293,0.5178
iran_dang6_diss8,Iranian-17,dft,label_shuffled,12,1098023658,False,0.9309,5,8,0.5293,1.6209,4,0.3301,0.195,0.83758,0.6069,0.7536,0.1961,0.5155
iran_dang6_diss8,Iranian-17,dft,label_shuffled,12,1098023658,False,0.9309,6,7,0.6317,1.2318,4,0.4478,0.2686,0.22539,0.5833,0.7017,0.0945,0.5319
iran_dang6_diss8,Iranian-17,dft,label_shuffled,12,1098023658,False,0.9309,7,11,0.6792,0.0387,11,0.6787,0.326,0.17191,0.6082,0.7444,0.0118,0.4699
iran_dang6_diss8,Iranian-17,dft,label_shuffled,12,1098023658,False,0.9309,8,3,0.7971,-0.1258,3,0.7909,0.4441,0.0095,0.6006,0.7308,0.049,0.4446
iran_dang6_diss8,Iranian-17,dft,label_shuffled,12,1098023658,False,0.9309,9,4,0.6409,-2.1019,9,0.4518,0.2875,0.27336,0.6019,0.739,0.1127,0.5297
iran_dang6_diss8,Iranian-17,dft,label_shuffled,12,1098023658,False,0.9309,10,8,0.5068,2.9306,8,0.4941,0.1702,0.91904,0.5977,0.7258,0.2441,0.4563
iran_dang6_diss8,Iranian-17,dft,label_shuffled,12,1098023658,False,0.9309,11,8,0.5651,-2.5291,8,0.4525,0.218,0.67916,0.605,0.7375,0.4263,0.4712
iran_dang6_diss8,Iranian-17,dft,none,12,2068925389,False,0.935,0,7,0.5448,2.6426,7,0.4791,0.2019,0.73213,0.5928,0.7206,0.3705,0.4174
iran_dang6_diss8,Iranian-17,dft,none,12,2068925389,False,0.935,1,12,0.7287,-0.0,12,0.7287,0.3446,0.04148,0.5959,0.7205,0.2029,0.4757
iran_dang6_diss8,Iranian-17,dft,none,12,2068925389,False,0.935,2,3,0.8593,-2.3516,3,0.5874,0.5019,0.0015,0.5988,0.7267,0.0699,0.4859
iran_dang6_diss8,Iranian-17,dft,none,12,2068925389,False,0.935,3,6,0.6514,0.3432,6,0.635,0.3248,0.25187,0.6067,0.7417,0.0379,0.4627
iran_dang6_diss8,Iranian-17,dft,none,12,2068925389,False,0.935,4,7,0.7605,-2.8026,7,0.7169,0.4044,0.03048,0.6054,0.7385,0.375,0.454
iran_dang6_diss8,Iranian-17,dft,none,12,2068925389,False,0.935,5,3,0.9561,2.2486,3,0.6242,0.6471,0.0005,0.6155,0.765,0.1565,0.5305
iran_dang6_diss8,Iranian-17,dft,none,12,2068925389,False,0.935,6,7,0.701,1.8521,12,0.453,0.3377,0.11094,0.6017,0.738,0.0115,0.466
iran_dang6_diss8,Iranian-17,dft,none,12,2068925389,False,0.935,7,10,0.6382,0.0633,10,0.6371,0.2869,0.2019,0.5824,0.694,0.4232,0.5032
iran_dang6_diss8,Iranian-17,dft,none,12,2068925389,False,0.935,8,12,0.767,3.1416,12,0.767,0.3787,0.02599,0.6033,0.7386,0.0736,0.5371
iran_dang6_diss8,Iranian-17,dft,none,12,2068925389,False,0.935,9,6,0.7845,1.4296,9,0.5404,0.378,0.0025,0.5894,0.7063,0.0118,0.4804
iran_dang6_diss8,Iranian-17,dft,none,12,2068925389,False,0.935,10,4,0.7114,1.0879,4,0.3143,0.3522,0.08796,0.6042,0.7377,0.0506,0.4973
iran_dang6_diss8,Iranian-17,dft,none,12,2068925389,False,0.935,11,7,0.8681,2.4507,7,0.6715,0.5173,0.0015,0.6076,0.751,0.03,0.4801
iran_dang6_diss8,Iranian-17,dft,input_shuffled,12,2068925389,False,0.9268,0,12,0.527,-0.0,12,0.527,0.185,0.84758,0.6003,0.7362,0.5671,0.4721
iran_dang6_diss8,Iranian-17,dft,input_shuffled,12,2068925389,False,0.9268,1,3,0.7205,-2.3499,3,0.4916,0.3438,0.06897,0.6021,0.7379,0.0369,0.4685
iran_dang6_diss8,Iranian-17,dft,input_shuffled,12,2068925389,False,0.9268,2,3,0.9654,-0.7639,3,0.7147,0.674,0.0005,0.6109,0.7531,0.1162,0.4931
iran_dang6_diss8,Iranian-17,dft,input_shuffled,12,2068925389,False,0.9268,3,2,0.6415,2.6258,2,0.5662,0.2865,0.28386,0.6018,0.7292,0.2401,0.4867
iran_dang6_diss8,Iranian-17,dft,input_shuffled,12,2068925389,False,0.9268,4,6,0.696,2.7272,6,0.6698,0.3758,0.08546,0.595,0.7213,0.285,0.4624
iran_dang6_diss8,Iranian-17,dft,input_shuffled,12,2068925389,False,0.9268,5,8,0.8485,-1.2736,9,0.3135,0.5087,0.0035,0.6058,0.7426,0.0169,0.4817
iran_dang6_diss8,Iranian-17,dft,input_shuffled,12,2068925389,False,0.9268,6,7,0.7393,-0.6898,7,0.5724,0.378,0.04548,0.6024,0.7341,0.065,0.4731
iran_dang6_diss8,Iranian-17,dft,input_shuffled,12,2068925389,False,0.9268,7,6,0.7109,-0.7818,6,0.5995,0.3704,0.09795,0.605,0.7461,0.1535,0.46
iran_dang6_diss8,Iranian-17,dft,input_shuffled,12,2068925389,False,0.9268,8,12,0.84,3.1416,12,0.84,0.4546,0.002,0.5972,0.7228,0.143,0.4678
iran_dang6_diss8,Iranian-17,dft,input_shuffled,12,2068925389,False,0.9268,9,4,0.6234,1.9739,8,0.3468,0.2676,0.34983,0.6007,0.7251,0.0021,0.4832
iran_dang6_diss8,Iranian-17,dft,input_shuffled,12,2068925389,False,0.9268,10,7,0.7878,0.9275,7,0.468,0.4205,0.01149,0.5987,0.737,0.0186,0.4647
iran_dang6_diss8,Iranian-17,dft,input_shuffled,12,2068925389,False,0.9268,11,3,0.6362,-2.4135,3,0.4643,0.2778,0.28336,0.5988,0.7297,0.0757,0.4645
iran_dang6_diss8,Iranian-17,dft,label_shuffled,12,2068925389,False,0.9553,0,9,0.5666,-0.3436,9,0.5323,0.2171,0.63418,0.5982,0.732,0.1372,0.4582
iran_dang6_diss8,Iranian-17,dft,label_shuffled,12,2068925389,False,0.9553,1,10,0.5272,-2.8282,10,0.5043,0.1958,0.84458,0.5991,0.7307,0.116,0.4241
iran_dang6_diss8,Iranian-17,dft,label_shuffled,12,2068925389,False,0.9553,2,10,0.6018,1.5559,3,0.5323,0.2455,0.3923,0.5909,0.7189,0.0989,0.4873
iran_dang6_diss8,Iranian-17,dft,label_shuffled,12,2068925389,False,0.9553,3,11,0.5968,-2.3714,2,0.4573,0.2486,0.45677,0.5958,0.7246,0.3945,0.4777
iran_dang6_diss8,Iranian-17,dft,label_shuffled,12,2068925389,False,0.9553,4,2,0.6206,-1.5,11,0.4627,0.2702,0.32584,0.5954,0.7288,0.3339,0.3983
iran_dang6_diss8,Iranian-17,dft,label_shuffled,12,2068925389,False,0.9553,5,4,0.5869,0.021,4,0.5868,0.2402,0.48776,0.5899,0.7107,0.1236,0.5006
iran_dang6_diss8,Iranian-17,dft,label_shuffled,12,2068925389,False,0.9553,6,6,0.6066,2.8923,6,0.5987,0.2946,0.38181,0.5918,0.7078,0.0937,0.4477
iran_dang6_diss8,Iranian-17,dft,label_shuffled,12,2068925389,False,0.9553,7,2,0.5423,0.2545,2,0.5268,0.2049,0.76262,0.5983,0.7356,0.4458,0.4803
iran_dang6_diss8,Iranian-17,dft,label_shuffled,12,2068925389,False,0.9553,8,11,0.5453,-1.1125,6,0.4071,0.2203,0.77111,0.6075,0.7447,0.4266,0.4872
iran_dang6_diss8,Iranian-17,dft,label_shuffled,12,2068925389,False,0.9553,9,11,0.6569,2.155,11,0.3842,0.2959,0.16242,0.5904,0.7077,0.1551,0.4948
iran_dang6_diss8,Iranian-17,dft,label_shuffled,12,2068925389,False,0.9553,10,10,0.5332,-1.3424,6,0.3813,0.2012,0.8026,0.6003,0.733,0.1397,0.4985
iran_dang6_diss8,Iranian-17,dft,label_shuffled,12,2068925389,False,0.9553,11,7,0.4976,2.4711,7,0.3912,0.1721,0.94353,0.5985,0.7266,0.0609,0.5053
iran_dang6_diss8,Iranian-17,dft,none,12,349470176,False,0.9593,0,6,0.9866,3.0524,6,0.985,0.9591,0.0005,0.6144,0.7554,0.0988,0.4844
iran_dang6_diss8,Iranian-17,dft,none,12,349470176,False,0.9593,1,2,0.4966,-1.8077,11,0.3513,0.1688,0.94353,0.6026,0.7392,0.1056,0.5278
iran_dang6_diss8,Iranian-17,dft,none,12,349470176,False,0.9593,2,3,0.7619,-2.7037,3,0.6869,0.3892,0.01999,0.5919,0.7258,0.2894,0.5441
iran_dang6_diss8,Iranian-17,dft,none,12,349470176,False,0.9593,3,3,0.5525,-0.5403,11,0.5101,0.2094,0.75712,0.6116,0.7626,0.1399,0.4723
iran_dang6_diss8,Iranian-17,dft,none,12,349470176,False,0.9593,4,12,0.7933,-0.0,12,0.7933,0.3942,0.0085,0.6026,0.7326,0.1109,0.4348
iran_dang6_diss8,Iranian-17,dft,none,12,349470176,False,0.9593,5,8,0.5179,1.9214,1,0.4487,0.1863,0.86207,0.5861,0.6996,0.3331,0.4105
iran_dang6_diss8,Iranian-17,dft,none,12,349470176,False,0.9593,6,3,0.6259,-0.8515,5,0.4664,0.258,0.36632,0.6079,0.7565,0.0957,0.4672
iran_dang6_diss8,Iranian-17,dft,none,12,349470176,False,0.9593,7,8,0.523,1.3984,12,0.3386,0.187,0.8071,0.5781,0.6846,0.1097,0.4448
iran_dang6_diss8,Iranian-17,dft,none,12,349470176,False,0.9593,8,3,0.9393,2.4229,3,0.7217,0.6271,0.0005,0.6106,0.7538,0.0759,0.4562
iran_dang6_diss8,Iranian-17,dft,none,12,349470176,False,0.9593,9,9,0.5478,-1.4227,12,0.4988,0.2024,0.70815,0.5898,0.7169,0.3159,0.4813
iran_dang6_diss8,Iranian-17,dft,none,12,349470176,False,0.9593,10,7,0.7239,2.6402,7,0.6357,0.3544,0.04998,0.5972,0.7227,0.02,0.4747
iran_dang6_diss8,Iranian-17,dft,none,12,349470176,False,0.9593,11,2,0.6598,2.1138,12,0.6439,0.2888,0.13193,0.5833,0.7036,0.0452,0.4195
iran_dang6_diss8,Iranian-17,dft,input_shuffled,12,349470176,False,0.9797,0,8,0.6404,-1.5523,2,0.4185,0.2969,0.21639,0.5883,0.7062,0.4085,0.4877
iran_dang6_diss8,Iranian-17,dft,input_shuffled,12,349470176,False,0.9797,1,6,0.9894,3.131,6,0.9894,0.9696,0.0005,0.6086,0.753,0.1329,0.461
iran_dang6_diss8,Iranian-17,dft,input_shuffled,12,349470176,False,0.9797,2,11,0.7096,2.3831,11,0.5285,0.3232,0.06497,0.5982,0.7203,0.0621,0.5088
iran_dang6_diss8,Iranian-17,dft,input_shuffled,12,349470176,False,0.9797,3,12,0.8555,3.1416,12,0.8555,0.4572,0.0015,0.6049,0.7411,0.1998,0.508
iran_dang6_diss8,Iranian-17,dft,input_shuffled,12,349470176,False,0.9797,4,3,0.6329,-2.7788,3,0.5902,0.2753,0.32934,0.6079,0.7471,0.096,0.5074
iran_dang6_diss8,Iranian-17,dft,input_shuffled,12,349470176,False,0.9797,5,3,0.8101,2.4064,3,0.6143,0.4583,0.01749,0.6128,0.7584,0.1137,0.4876
iran_dang6_diss8,Iranian-17,dft,input_shuffled,12,349470176,False,0.9797,6,7,0.5104,2.3277,6,0.4349,0.1895,0.88306,0.5922,0.728,0.0996,0.536
iran_dang6_diss8,Iranian-17,dft,input_shuffled,12,349470176,False,0.9797,7,3,0.8485,-2.6694,3,0.7513,0.4938,0.002,0.6071,0.7449,0.033,0.4843
iran_dang6_diss8,Iranian-17,dft,input_shuffled,12,349470176,False,0.9797,8,6,0.466,-1.9778,11,0.4352,0.1464,0.97501,0.5739,0.6852,0.0729,0.4639
iran_dang6_diss8,Iranian-17,dft,input_shuffled,12,349470176,False,0.9797,9,12,0.8659,3.1416,12,0.8659,0.4809,0.0015,0.6059,0.7432,0.0909,0.4964
iran_dang6_diss8,Iranian-17,dft,input_shuffled,12,349470176,False,0.9797,10,12,0.7237,-0.0,12,0.7237,0.3464,0.07596,0.6042,0.7433,0.0016,0.4869
iran_dang6_diss8,Iranian-17,dft,input_shuffled,12,349470176,False,0.9797,11,4,0.7303,2.5752,4,0.6047,0.3665,0.06347,0.606,0.7438,0.3334,0.4792
iran_dang6_diss8,Iranian-17,dft,label_shuffled,12,349470176,False,0.9472,0,10,0.567,-0.8689,10,0.3793,0.2285,0.64668,0.6019,0.7358,0.3109,0.4638
iran_dang6_diss8,Iranian-17,dft,label_shuffled,12,349470176,False,0.9472,1,2,0.7087,-0.7214,2,0.5464,0.348,0.08296,0.5984,0.7295,0.341,0.5016
iran_dang6_diss8,Iranian-17,dft,label_shuffled,12,349470176,False,0.9472,2,6,0.6207,2.8902,6,0.6124,0.2984,0.29385,0.5877,0.7052,0.1919,0.4889
iran_dang6_diss8,Iranian-17,dft,label_shuffled,12,349470176,False,0.9472,3,9,0.6068,1.2186,3,0.3462,0.2685,0.32434,0.5808,0.7023,0.1908,0.4548
iran_dang6_diss8,Iranian-17,dft,label_shuffled,12,349470176,False,0.9472,4,4,0.7723,2.1912,4,0.4304,0.418,0.01199,0.5998,0.7293,0.0888,0.4406
iran_dang6_diss8,Iranian-17,dft,label_shuffled,12,349470176,False,0.9472,5,5,0.5037,1.4977,10,0.3477,0.1679,0.93853,0.6073,0.7427,0.1768,0.4378
iran_dang6_diss8,Iranian-17,dft,label_shuffled,12,349470176,False,0.9472,6,4,0.6864,0.459,4,0.6074,0.328,0.14543,0.6044,0.7433,0.1497,0.4809
iran_dang6_diss8,Iranian-17,dft,label_shuffled,12,349470176,False,0.9472,7,6,0.6205,-0.9099,6,0.4786,0.2739,0.38931,0.6057,0.7436,0.2172,0.5076
iran_dang6_diss8,Iranian-17,dft,label_shuffled,12,349470176,False,0.9472,8,6,0.5825,0.0697,6,0.5819,0.2625,0.4038,0.5727,0.6805,0.0568,0.5009
iran_dang6_diss8,Iranian-17,dft,label_shuffled,12,349470176,False,0.9472,9,6,0.6153,-0.4978,6,0.5809,0.2881,0.38781,0.6019,0.7353,0.223,0.4394
iran_dang6_diss8,Iranian-17,dft,label_shuffled,12,349470176,False,0.9472,10,8,0.5628,-1.5963,11,0.3921,0.2221,0.68116,0.6021,0.7322,0.3848,0.4333
iran_dang6_diss8,Iranian-17,dft,label_shuffled,12,349470176,False,0.9472,11,4,0.6549,-0.6497,4,0.5092,0.2979,0.22939,0.6027,0.7325,0.0311,0.5256
iran_dang6_diss8,Iranian-17,dft,none,12,682894727,False,0.9837,0,12,0.7557,3.1416,12,0.7557,0.3703,0.05347,0.6144,0.7572,0.2857,0.5126
iran_dang6_diss8,Iranian-17,dft,none,12,682894727,False,0.9837,1,7,0.7296,2.4004,7,0.5407,0.3662,0.08096,0.6078,0.7518,0.0706,0.4762
iran_dang6_diss8,Iranian-17,dft,none,12,682894727,False,0.9837,2,3,0.8272,0.5957,3,0.6766,0.4851,0.0065,0.6061,0.7489,0.0994,0.4935
iran_dang6_diss8,Iranian-17,dft,none,12,682894727,False,0.9837,3,12,0.7467,-0.0,12,0.7467,0.3692,0.02699,0.5961,0.7271,0.0011,0.49
iran_dang6_diss8,Iranian-17,dft,none,12,682894727,False,0.9837,4,4,0.7949,-1.8896,11,0.3384,0.4504,0.01099,0.6031,0.7365,0.1945,0.4587
iran_dang6_diss8,Iranian-17,dft,none,12,682894727,False,0.9837,5,12,0.8625,-0.0,12,0.8625,0.4548,0.001,0.6029,0.7341,0.1098,0.4619
iran_dang6_diss8,Iranian-17,dft,none,12,682894727,False,0.9837,6,7,0.6431,-1.4233,11,0.4895,0.2773,0.24338,0.5956,0.7257,0.0213,0.4845
iran_dang6_diss8,Iranian-17,dft,none,12,682894727,False,0.9837,7,9,0.6033,0.1262,9,0.5985,0.2354,0.46077,0.6017,0.7299,0.0915,0.4627
iran_dang6_diss8,Iranian-17,dft,none,12,682894727,False,0.9837,8,7,0.7897,-3.0232,7,0.7842,0.413,0.01549,0.6035,0.7412,0.0527,0.5282
iran_dang6_diss8,Iranian-17,dft,none,12,682894727,False,0.9837,9,9,0.5369,0.1689,9,0.5294,0.1927,0.77861,0.5911,0.7086,0.1312,0.4683
iran_dang6_diss8,Iranian-17,dft,none,12,682894727,False,0.9837,10,6,0.9703,0.2458,6,0.958,0.9031,0.0005,0.6128,0.7565,0.1808,0.4439
iran_dang6_diss8,Iranian-17,dft,none,12,682894727,False,0.9837,11,3,0.8455,2.5217,3,0.6974,0.5016,0.004,0.608,0.759,0.161,0.4561
iran_dang6_diss8,Iranian-17,dft,input_shuffled,12,682894727,False,0.9593,0,6,0.4543,1.7681,2,0.4075,0.1369,0.9955,0.6042,0.7429,0.1804,0.4573
iran_dang6_diss8,Iranian-17,dft,input_shuffled,12,682894727,False,0.9593,1,12,0.6568,-0.0,12,0.6568,0.2946,0.28186,0.617,0.7716,0.1907,0.4719
iran_dang6_diss8,Iranian-17,dft,input_shuffled,12,682894727,False,0.9593,2,8,0.7683,1.4971,12,0.2249,0.4238,0.02749,0.6074,0.7444,0.0348,0.505
iran_dang6_diss8,Iranian-17,dft,input_shuffled,12,682894727,False,0.9593,3,2,0.5346,-0.6281,10,0.5056,0.1975,0.84158,0.6123,0.7642,0.1033,0.4482
iran_dang6_diss8,Iranian-17,dft,input_shuffled,12,682894727,False,0.9593,4,2,0.5925,1.4054,12,0.3924,0.2285,0.53023,0.6071,0.75,0.2543,0.4153
iran_dang6_diss8,Iranian-17,dft,input_shuffled,12,682894727,False,0.9593,5,2,0.8519,1.9121,2,0.3013,0.4878,0.002,0.6018,0.7321,0.3237,0.4806
iran_dang6_diss8,Iranian-17,dft,input_shuffled,12,682894727,False,0.9593,6,12,0.602,3.1416,12,0.602,0.2524,0.48376,0.6048,0.7369,0.4097,0.4654
iran_dang6_diss8,Iranian-17,dft,input_shuffled,12,682894727,False,0.9593,7,7,0.7545,-0.0801,7,0.7521,0.3818,0.03548,0.6057,0.7402,0.1049,0.5081
iran_dang6_diss8,Iranian-17,dft,input_shuffled,12,682894727,False,0.9593,8,7,0.761,-0.8573,7,0.5017,0.3942,0.01799,0.5973,0.716,0.0232,0.4969
iran_dang6_diss8,Iranian-17,dft,input_shuffled,12,682894727,False,0.9593,9,2,0.794,-1.7747,3,0.4782,0.4257,0.01999,0.6104,0.7466,0.2657,0.4141
iran_dang6_diss8,Iranian-17,dft,input_shuffled,12,682894727,False,0.9593,10,12,0.8361,3.1416,12,0.8361,0.4416,0.0015,0.5961,0.7248,0.0476,0.48
iran_dang6_diss8,Iranian-17,dft,input_shuffled,12,682894727,False,0.9593,11,7,0.7776,1.2343,10,0.4237,0.4108,0.0095,0.5981,0.7219,0.1668,0.4785
iran_dang6_diss8,Iranian-17,dft,label_shuffled,12,682894727,False,0.9228,0,4,0.6055,-2.7656,4,0.5582,0.2701,0.38081,0.5906,0.7138,0.0529,0.4905
iran_dang6_diss8,Iranian-17,dft,label_shuffled,12,682894727,False,0.9228,1,11,0.5781,-0.007,11,0.5781,0.2453,0.61819,0.6106,0.7564,0.5464,0.4728
iran_dang6_diss8,Iranian-17,dft,label_shuffled,12,682894727,False,0.9228,2,11,0.6591,-0.168,11,0.65,0.3037,0.21189,0.6012,0.7347,0.1039,0.4757
iran_dang6_diss8,Iranian-17,dft,label_shuffled,12,682894727,False,0.9228,3,9,0.5697,1.2727,10,0.293,0.2312,0.63918,0.6009,0.7359,0.2707,0.4772
iran_dang6_diss8,Iranian-17,dft,label_shuffled,12,682894727,False,0.9228,4,6,0.6294,-2.9912,6,0.6264,0.3108,0.30885,0.5966,0.7268,0.1633,0.4872
iran_dang6_diss8,Iranian-17,dft,label_shuffled,12,682894727,False,0.9228,5,8,0.7716,1.6428,1,0.2871,0.4224,0.04548,0.6137,0.7668,0.0569,0.497
iran_dang6_diss8,Iranian-17,dft,label_shuffled,12,682894727,False,0.9228,6,2,0.5239,-0.634,2,0.431,0.1928,0.87906,0.6035,0.7295,0.2488,0.4703
iran_dang6_diss8,Iranian-17,dft,label_shuffled,12,682894727,False,0.9228,7,5,0.6576,-2.1995,5,0.3906,0.2945,0.22839,0.6052,0.7467,0.0557,0.461
iran_dang6_diss8,Iranian-17,dft,label_shuffled,12,682894727,False,0.9228,8,9,0.5162,-1.0875,2,0.4463,0.1843,0.89205,0.6043,0.7418,0.1849,0.5001
iran_dang6_diss8,Iranian-17,dft,label_shuffled,12,682894727,False,0.9228,9,1,0.5889,3.1176,1,0.5887,0.2457,0.55022,0.6079,0.7481,0.1106,0.4524
iran_dang6_diss8,Iranian-17,dft,label_shuffled,12,682894727,False,0.9228,10,1,0.4974,-2.2372,12,0.4923,0.167,0.94703,0.6044,0.7383,0.1602,0.4719
iran_dang6_diss8,Iranian-17,dft,label_shuffled,12,682894727,False,0.9228,11,3,0.6121,-0.7715,3,0.4502,0.2605,0.43878,0.6075,0.7486,0.2923,0.4494
iran_dang6_diss8,Iranian-17,dft,none,12,1804544373,False,0.9675,0,12,0.6949,3.1416,12,0.6949,0.3182,0.11344,0.6005,0.7412,0.057,0.4762
iran_dang6_diss8,Iranian-17,dft,none,12,1804544373,False,0.9675,1,7,0.806,1.1314,10,0.4461,0.4384,0.0095,0.6054,0.7333,0.0878,0.4799
iran_dang6_diss8,Iranian-17,dft,none,12,1804544373,False,0.9675,2,2,0.5482,0.7575,2,0.4098,0.2163,0.75912,0.6082,0.7494,0.4532,0.4973
iran_dang6_diss8,Iranian-17,dft,none,12,1804544373,False,0.9675,3,7,0.8164,2.7573,7,0.7573,0.4531,0.003,0.5969,0.7329,0.0484,0.4655
iran_dang6_diss8,Iranian-17,dft,none,12,1804544373,False,0.9675,4,2,0.5615,-0.4221,2,0.5174,0.2187,0.67916,0.6017,0.7317,0.186,0.5004
iran_dang6_diss8,Iranian-17,dft,none,12,1804544373,False,0.9675,5,2,0.676,0.2517,2,0.6571,0.333,0.13843,0.5961,0.7301,0.0151,0.4076
iran_dang6_diss8,Iranian-17,dft,none,12,1804544373,False,0.9675,6,3,0.6436,1.8179,12,0.3458,0.2873,0.29685,0.606,0.7412,0.3753,0.432
iran_dang6_diss8,Iranian-17,dft,none,12,1804544373,False,0.9675,7,2,0.6766,1.6718,1,0.2794,0.3116,0.09595,0.5865,0.7055,0.106,0.428
iran_dang6_diss8,Iranian-17,dft,none,12,1804544373,False,0.9675,8,12,0.8836,3.1416,12,0.8836,0.4969,0.001,0.5989,0.7318,0.2983,0.4815
iran_dang6_diss8,Iranian-17,dft,none,12,1804544373,False,0.9675,9,2,0.7904,-1.1295,4,0.3915,0.4398,0.01399,0.6012,0.7405,0.1541,0.4157
iran_dang6_diss8,Iranian-17,dft,none,12,1804544373,False,0.9675,10,9,0.7403,2.1516,3,0.5472,0.3773,0.07246,0.6089,0.7573,0.1692,0.5247
iran_dang6_diss8,Iranian-17,dft,none,12,1804544373,False,0.9675,11,2,0.624,-1.0377,12,0.4521,0.2641,0.32634,0.5976,0.7241,0.0537,0.4666
iran_dang6_diss8,Iranian-17,dft,input_shuffled,12,1804544373,False,0.9837,0,12,0.8044,3.1416,12,0.8044,0.4228,0.01249,0.6093,0.7515,0.0347,0.4892
iran_dang6_diss8,Iranian-17,dft,input_shuffled,12,1804544373,False,0.9837,1,7,0.6993,-2.6502,7,0.6157,0.3376,0.13143,0.6083,0.7414,0.2218,0.4668
iran_dang6_diss8,Iranian-17,dft,input_shuffled,12,1804544373,False,0.9837,2,12,0.8914,3.1416,12,0.8914,0.5001,0.0025,0.6117,0.7549,0.2146,0.4539
iran_dang6_diss8,Iranian-17,dft,input_shuffled,12,1804544373,False,0.9837,3,8,0.745,-2.9877,8,0.735,0.3748,0.04148,0.6008,0.7361,0.0482,0.4395
iran_dang6_diss8,Iranian-17,dft,input_shuffled,12,1804544373,False,0.9837,4,2,0.5908,1.4581,5,0.1937,0.2392,0.52774,0.6026,0.7373,0.1465,0.4996
iran_dang6_diss8,Iranian-17,dft,input_shuffled,12,1804544373,False,0.9837,5,2,0.7695,-1.9815,4,0.3777,0.4069,0.02349,0.6038,0.7409,0.1663,0.4249
iran_dang6_diss8,Iranian-17,dft,input_shuffled,12,1804544373,False,0.9837,6,7,0.5899,2.2691,7,0.3822,0.2445,0.48476,0.5927,0.7157,0.094,0.515
iran_dang6_diss8,Iranian-17,dft,input_shuffled,12,1804544373,False,0.9837,7,2,0.7037,-2.8353,2,0.6746,0.3498,0.10795,0.6029,0.7393,0.0556,0.4976
iran_dang6_diss8,Iranian-17,dft,input_shuffled,12,1804544373,False,0.9837,8,8,0.6096,2.7554,8,0.5595,0.2568,0.4078,0.6005,0.7344,0.2261,0.4332
iran_dang6_diss8,Iranian-17,dft,input_shuffled,12,1804544373,False,0.9837,9,2,0.849,0.5766,2,0.7245,0.5147,0.004,0.6062,0.7411,0.241,0.4699
iran_dang6_diss8,Iranian-17,dft,input_shuffled,12,1804544373,False,0.9837,10,12,0.6676,3.1416,12,0.6676,0.2911,0.1969,0.6045,0.7398,0.0903,0.5051
iran_dang6_diss8,Iranian-17,dft,input_shuffled,12,1804544373,False,0.9837,11,7,0.743,-0.7485,7,0.547,0.3834,0.04648,0.6053,0.7391,0.1106,0.5114
iran_dang6_diss8,Iranian-17,dft,label_shuffled,12,1804544373,False,0.935,0,7,0.5389,-0.7808,12,0.4289,0.1995,0.8086,0.6085,0.7545,0.0195,0.4568
iran_dang6_diss8,Iranian-17,dft,label_shuffled,12,1804544373,False,0.935,1,5,0.4954,1.425,6,0.3468,0.1741,0.94853,0.5939,0.7177,0.0202,0.4837
iran_dang6_diss8,Iranian-17,dft,label_shuffled,12,1804544373,False,0.935,2,6,0.6211,-1.6279,3,0.5199,0.2482,0.38631,0.6062,0.7434,0.0254,0.453
iran_dang6_diss8,Iranian-17,dft,label_shuffled,12,1804544373,False,0.935,3,7,0.7092,2.1896,12,0.5268,0.3404,0.10145,0.6045,0.7401,0.2536,0.4498
iran_dang6_diss8,Iranian-17,dft,label_shuffled,12,1804544373,False,0.935,4,5,0.5851,-1.9544,3,0.3388,0.2388,0.52024,0.5964,0.7203,0.2625,0.4722
iran_dang6_diss8,Iranian-17,dft,label_shuffled,12,1804544373,False,0.935,5,4,0.4669,0.7314,7,0.3528,0.1442,0.98851,0.6038,0.7366,0.0949,0.4579
iran_dang6_diss8,Iranian-17,dft,label_shuffled,12,1804544373,False,0.935,6,8,0.7555,-2.9803,8,0.7444,0.3955,0.04248,0.6038,0.7462,0.2492,0.496
iran_dang6_diss8,Iranian-17,dft,label_shuffled,12,1804544373,False,0.935,7,8,0.5653,0.1854,8,0.5543,0.224,0.63018,0.5938,0.7246,0.4319,0.4687
iran_dang6_diss8,Iranian-17,dft,label_shuffled,12,1804544373,False,0.935,8,8,0.5423,2.3968,12,0.5094,0.2031,0.75562,0.5996,0.7317,0.1652,0.4806
iran_dang6_diss8,Iranian-17,dft,label_shuffled,12,1804544373,False,0.935,9,9,0.7039,-1.8032,4,0.3978,0.3532,0.11594,0.6075,0.7468,0.1479,0.4716
iran_dang6_diss8,Iranian-17,dft,label_shuffled,12,1804544373,False,0.935,10,4,0.565,-3.0339,4,0.5613,0.231,0.66967,0.6061,0.7462,0.2616,0.4513
iran_dang6_diss8,Iranian-17,dft,label_shuffled,12,1804544373,False,0.935,11,5,0.5259,-2.9553,5,0.5168,0.1941,0.86157,0.6088,0.7493,0.0862,0.4974
iran_dang6_diss8,Iranian-17,dft,none,12,1819148108,False,0.9715,0,2,0.8826,-1.2255,2,0.3156,0.5239,0.0005,0.5978,0.7335,0.2053,0.443
iran_dang6_diss8,Iranian-17,dft,none,12,1819148108,False,0.9715,1,1,0.5401,2.0354,6,0.4539,0.2146,0.7936,0.6065,0.7465,0.2841,0.5247
iran_dang6_diss8,Iranian-17,dft,none,12,1819148108,False,0.9715,2,3,0.7611,1.9807,3,0.3353,0.391,0.02449,0.598,0.7307,0.0956,0.5026
iran_dang6_diss8,Iranian-17,dft,none,12,1819148108,False,0.9715,3,6,0.4758,-2.7674,6,0.4613,0.1701,0.96502,0.577,0.6926,0.3031,0.4973
iran_dang6_diss8,Iranian-17,dft,none,12,1819148108,False,0.9715,4,3,0.6679,-0.4759,3,0.5973,0.3204,0.14393,0.59,0.7213,0.0475,0.5029
iran_dang6_diss8,Iranian-17,dft,none,12,1819148108,False,0.9715,5,9,0.7248,-2.1082,4,0.4264,0.3712,0.06097,0.6,0.7368,0.1875,0.4447
iran_dang6_diss8,Iranian-17,dft,none,12,1819148108,False,0.9715,6,12,0.6821,3.1416,12,0.6821,0.3117,0.14693,0.6011,0.73,0.0071,0.486
iran_dang6_diss8,Iranian-17,dft,none,12,1819148108,False,0.9715,7,3,0.5872,2.95,3,0.5767,0.2326,0.46127,0.587,0.7037,0.0383,0.5426
iran_dang6_diss8,Iranian-17,dft,none,12,1819148108,False,0.9715,8,6,0.9767,-0.1002,6,0.9747,0.9343,0.0005,0.6111,0.7618,0.138,0.4874
iran_dang6_diss8,Iranian-17,dft,none,12,1819148108,False,0.9715,9,6,0.6614,-1.6397,12,0.5854,0.2669,0.2069,0.6018,0.7322,0.0644,0.4539
iran_dang6_diss8,Iranian-17,dft,none,12,1819148108,False,0.9715,10,3,0.7384,0.7857,3,0.5072,0.3691,0.05097,0.6081,0.7388,0.1768,0.4948
iran_dang6_diss8,Iranian-17,dft,none,12,1819148108,False,0.9715,11,7,0.6804,-1.0192,12,0.563,0.3127,0.16342,0.6053,0.7455,0.2365,0.4587
iran_dang6_diss8,Iranian-17,dft,input_shuffled,12,1819148108,False,0.9878,0,2,0.6892,2.2309,2,0.439,0.3384,0.11994,0.5984,0.7303,0.4732,0.4936
iran_dang6_diss8,Iranian-17,dft,input_shuffled,12,1819148108,False,0.9878,1,10,0.609,1.031,7,0.3658,0.2504,0.44378,0.6071,0.7515,0.1296,0.4598
iran_dang6_diss8,Iranian-17,dft,input_shuffled,12,1819148108,False,0.9878,2,12,0.8489,-0.0,12,0.8489,0.4605,0.0005,0.5996,0.7402,0.0158,0.4755
iran_dang6_diss8,Iranian-17,dft,input_shuffled,12,1819148108,False,0.9878,3,7,0.7525,-1.0015,12,0.5305,0.3787,0.04298,0.6058,0.745,0.1023,0.5256
iran_dang6_diss8,Iranian-17,dft,input_shuffled,12,1819148108,False,0.9878,4,3,0.8596,-0.5511,3,0.7392,0.5395,0.002,0.6044,0.7401,0.0044,0.4492
iran_dang6_diss8,Iranian-17,dft,input_shuffled,12,1819148108,False,0.9878,5,6,0.9537,2.7032,6,0.9133,0.8256,0.0005,0.6124,0.7603,0.117,0.4764
iran_dang6_diss8,Iranian-17,dft,input_shuffled,12,1819148108,False,0.9878,6,7,0.8264,-0.7109,7,0.6288,0.4643,0.0055,0.602,0.7342,0.0606,0.4387
iran_dang6_diss8,Iranian-17,dft,input_shuffled,12,1819148108,False,0.9878,7,12,0.6814,3.1416,12,0.6814,0.3154,0.10595,0.5905,0.7117,0.283,0.4673
iran_dang6_diss8,Iranian-17,dft,input_shuffled,12,1819148108,False,0.9878,8,7,0.5103,0.4655,7,0.4555,0.1807,0.87606,0.5905,0.7177,0.0448,0.4842
iran_dang6_diss8,Iranian-17,dft,input_shuffled,12,1819148108,False,0.9878,9,12,0.62,3.1416,12,0.62,0.2556,0.34883,0.5975,0.7289,0.1227,0.4313
iran_dang6_diss8,Iranian-17,dft,input_shuffled,12,1819148108,False,0.9878,10,7,0.6962,-2.6175,7,0.6018,0.3654,0.10595,0.6011,0.7363,0.1975,0.5337
iran_dang6_diss8,Iranian-17,dft,input_shuffled,12,1819148108,False,0.9878,11,3,0.7815,-3.0027,3,0.7739,0.4267,0.02199,0.6086,0.744,0.2372,0.4502
iran_dang6_diss8,Iranian-17,dft,label_shuffled,12,1819148108,False,0.9146,0,9,0.4852,-1.8902,12,0.439,0.1591,0.96752,0.6038,0.7332,0.1477,0.4513
iran_dang6_diss8,Iranian-17,dft,label_shuffled,12,1819148108,False,0.9146,1,4,0.8647,-1.2413,5,0.3211,0.5313,0.001,0.6011,0.7421,0.3356,0.4921
iran_dang6_diss8,Iranian-17,dft,label_shuffled,12,1819148108,False,0.9146,2,6,0.6113,1.3866,2,0.4491,0.246,0.3988,0.5999,0.7351,0.0238,0.4793
iran_dang6_diss8,Iranian-17,dft,label_shuffled,12,1819148108,False,0.9146,3,2,0.6847,-0.0067,2,0.6847,0.3246,0.13193,0.5997,0.7399,0.0362,0.4911
iran_dang6_diss8,Iranian-17,dft,label_shuffled,12,1819148108,False,0.9146,4,6,0.5777,-2.1527,6,0.4136,0.2319,0.56672,0.5956,0.7199,0.0619,0.4875
iran_dang6_diss8,Iranian-17,dft,label_shuffled,12,1819148108,False,0.9146,5,6,0.5666,-2.3104,6,0.4634,0.2349,0.63768,0.5965,0.7196,0.4531,0.4331
iran_dang6_diss8,Iranian-17,dft,label_shuffled,12,1819148108,False,0.9146,6,5,0.5418,1.6512,6,0.4478,0.2145,0.74263,0.5885,0.7083,0.3133,0.5209
iran_dang6_diss8,Iranian-17,dft,label_shuffled,12,1819148108,False,0.9146,7,4,0.6559,-2.1979,9,0.5201,0.3098,0.26737,0.6126,0.7584,0.1501,0.4092
iran_dang6_diss8,Iranian-17,dft,label_shuffled,12,1819148108,False,0.9146,8,9,0.5561,0.4789,9,0.4966,0.2069,0.71164,0.6034,0.7348,0.5147,0.4482
iran_dang6_diss8,Iranian-17,dft,label_shuffled,12,1819148108,False,0.9146,9,9,0.5558,-1.2607,6,0.5076,0.2291,0.69565,0.5983,0.7299,0.4788,0.4783
iran_dang6_diss8,Iranian-17,dft,label_shuffled,12,1819148108,False,0.9146,10,6,0.5445,-0.7859,6,0.4581,0.2151,0.75362,0.6014,0.7486,0.1085,0.4668
iran_dang6_diss8,Iranian-17,dft,label_shuffled,12,1819148108,False,0.9146,11,9,0.6901,-1.7795,12,0.3936,0.3138,0.13293,0.6041,0.7327,0.0061,0.5037
iran_dang7_nodiss7,Iranian-17,dft,none,4,1692533900,True,1.0,0,12,0.8902,-0.0,12,0.8902,0.4976,0.001,0.6083,0.7548,0.1979,0.5052
iran_dang7_nodiss7,Iranian-17,dft,none,4,1692533900,True,1.0,1,5,0.6994,-2.16,12,0.6634,0.3167,0.12644,0.6069,0.7516,0.3678,0.4956
iran_dang7_nodiss7,Iranian-17,dft,none,4,1692533900,True,1.0,2,3,0.8917,0.2568,3,0.8617,0.5584,0.0005,0.6053,0.7391,0.0382,0.4591
iran_dang7_nodiss7,Iranian-17,dft,none,4,1692533900,True,1.0,3,2,0.6544,0.8515,2,0.4463,0.2979,0.26037,0.6076,0.7505,0.2434,0.5086
iran_dang7_nodiss7,Iranian-17,dft,input_shuffled,4,1692533900,False,0.9194,0,8,0.5167,-0.0042,8,0.5166,0.1845,0.87056,0.592,0.7148,0.1927,0.4408
iran_dang7_nodiss7,Iranian-17,dft,input_shuffled,4,1692533900,False,0.9194,1,7,0.6695,-1.0765,12,0.6574,0.2985,0.11094,0.5861,0.6986,0.0485,0.4428
iran_dang7_nodiss7,Iranian-17,dft,input_shuffled,4,1692533900,False,0.9194,2,6,0.7207,-0.8189,6,0.5943,0.3888,0.09045,0.6072,0.755,0.0428,0.4619
iran_dang7_nodiss7,Iranian-17,dft,input_shuffled,4,1692533900,False,0.9194,3,12,0.9346,3.1416,12,0.9346,0.5506,0.0005,0.6064,0.7401,0.0299,0.4763
iran_dang7_nodiss7,Iranian-17,dft,label_shuffled,4,1692533900,False,0.8871,0,3,0.6139,-0.7037,6,0.4821,0.2855,0.3938,0.6,0.7322,0.1818,0.5035
iran_dang7_nodiss7,Iranian-17,dft,label_shuffled,4,1692533900,False,0.8871,1,10,0.6185,-1.7244,2,0.4419,0.2686,0.4038,0.6071,0.7523,0.4548,0.4485
iran_dang7_nodiss7,Iranian-17,dft,label_shuffled,4,1692533900,False,0.8871,2,2,0.6269,-0.7634,12,0.5176,0.2606,0.35282,0.606,0.739,0.1772,0.4483
iran_dang7_nodiss7,Iranian-17,dft,label_shuffled,4,1692533900,False,0.8871,3,10,0.6311,-1.6875,9,0.4859,0.2735,0.32434,0.6035,0.7412,0.1577,0.4913
iran_dang7_nodiss7,Iranian-17,dft,none,4,1831929152,False,0.9516,0,3,0.8992,1.6799,4,0.2019,0.5646,0.001,0.6029,0.7363,0.3128,0.4869
iran_dang7_nodiss7,Iranian-17,dft,none,4,1831929152,False,0.9516,1,5,0.7009,1.2704,12,0.6629,0.3227,0.09995,0.5996,0.7332,0.1709,0.4717
iran_dang7_nodiss7,Iranian-17,dft,none,4,1831929152,False,0.9516,2,2,0.5602,-0.2569,2,0.5439,0.216,0.71214,0.6103,0.7576,0.1019,0.4445
iran_dang7_nodiss7,Iranian-17,dft,none,4,1831929152,False,0.9516,3,12,0.9437,3.1416,12,0.9437,0.5614,0.0005,0.6045,0.7351,0.0936,0.518
iran_dang7_nodiss7,Iranian-17,dft,input_shuffled,4,1831929152,False,0.9677,0,2,0.6698,1.1189,6,0.3491,0.3163,0.2089,0.6066,0.7428,0.409,0.4936
iran_dang7_nodiss7,Iranian-17,dft,input_shuffled,4,1831929152,False,0.9677,1,6,0.8999,-2.2809,6,0.7212,0.6183,0.0005,0.6084,0.7552,0.01,0.4498
iran_dang7_nodiss7,Iranian-17,dft,input_shuffled,4,1831929152,False,0.9677,2,12,0.7655,-0.0,12,0.7655,0.3769,0.01699,0.6027,0.7319,0.2575,0.5016
iran_dang7_nodiss7,Iranian-17,dft,input_shuffled,4,1831929152,False,0.9677,3,12,0.9624,3.1416,12,0.9624,0.5804,0.0005,0.6081,0.739,0.2273,0.4941
iran_dang7_nodiss7,Iranian-17,dft,label_shuffled,4,1831929152,False,0.9677,0,4,0.6787,0.6571,4,0.5245,0.3245,0.1909,0.6133,0.7661,0.1528,0.4807
iran_dang7_nodiss7,Iranian-17,dft,label_shuffled,4,1831929152,False,0.9677,1,10,0.5993,-1.7639,1,0.3325,0.2548,0.49225,0.6069,0.7438,0.2123,0.4628
iran_dang7_nodiss7,Iranian-17,dft,label_shuffled,4,1831929152,False,0.9677,2,11,0.7547,-0.8641,11,0.5092,0.3884,0.02249,0.5961,0.7209,0.2145,0.5133
iran_dang7_nodiss7,Iranian-17,dft,label_shuffled,4,1831929152,False,0.9677,3,3,0.5771,-1.5484,10,0.4223,0.2362,0.6062,0.6052,0.7344,0.4509,0.5228
iran_dang7_nodiss7,Iranian-17,dft,none,4,1071086697,False,0.9677,0,3,0.8911,-1.8135,10,0.2295,0.554,0.0005,0.6047,0.7394,0.0997,0.5222
iran_dang7_nodiss7,Iranian-17,dft,none,4,1071086697,False,0.9677,1,5,0.7475,1.6456,12,0.7361,0.3612,0.03298,0.6022,0.7329,0.1954,0.4653
iran_dang7_nodiss7,Iranian-17,dft,none,4,1071086697,False,0.9677,2,12,0.8009,-0.0,12,0.8009,0.4236,0.01799,0.6057,0.7524,0.0465,0.4349
iran_dang7_nodiss7,Iranian-17,dft,none,4,1071086697,False,0.9677,3,7,0.7813,-0.7806,7,0.5582,0.4105,0.02749,0.6069,0.7519,0.0197,0.5142
iran_dang7_nodiss7,Iranian-17,dft,input_shuffled,4,1071086697,True,1.0,0,3,0.8864,3.1275,3,0.8863,0.5609,0.0005,0.605,0.7388,0.0211,0.4779
iran_dang7_nodiss7,Iranian-17,dft,input_shuffled,4,1071086697,True,1.0,1,5,0.7499,1.0722,12,0.6915,0.3639,0.06097,0.6118,0.7563,0.3734,0.4685
iran_dang7_nodiss7,Iranian-17,dft,input_shuffled,4,1071086697,True,1.0,2,12,0.9471,-0.0,12,0.9471,0.5639,0.0005,0.6043,0.7491,0.0955,0.4864
iran_dang7_nodiss7,Iranian-17,dft,input_shuffled,4,1071086697,True,1.0,3,2,0.5747,-3.1354,2,0.5747,0.2478,0.62769,0.6068,0.7463,0.1987,0.4481
iran_dang7_nodiss7,Iranian-17,dft,label_shuffled,4,1071086697,False,0.8548,0,12,0.6091,-0.0,12,0.6091,0.2391,0.41929,0.6007,0.7397,0.0894,0.4428
iran_dang7_nodiss7,Iranian-17,dft,label_shuffled,4,1071086697,False,0.8548,1,3,0.6069,-0.883,3,0.4006,0.2647,0.43928,0.6048,0.7405,0.2089,0.4787
iran_dang7_nodiss7,Iranian-17,dft,label_shuffled,4,1071086697,False,0.8548,2,2,0.5455,0.965,9,0.4384,0.2066,0.7906,0.6084,0.7478,0.0378,0.5244
iran_dang7_nodiss7,Iranian-17,dft,label_shuffled,4,1071086697,False,0.8548,3,3,0.6582,2.0375,12,0.4212,0.2956,0.22789,0.6036,0.7463,0.0741,0.4919
iran_dang7_nodiss7,Iranian-17,dft,none,4,1643819241,False,0.9839,0,5,0.8348,1.3121,12,0.6679,0.4561,0.0025,0.6038,0.7373,0.2086,0.4764
iran_dang7_nodiss7,Iranian-17,dft,none,4,1643819241,False,0.9839,1,6,0.713,-0.0127,6,0.713,0.4198,0.09545,0.6063,0.7402,0.1041,0.4951
iran_dang7_nodiss7,Iranian-17,dft,none,4,1643819241,False,0.9839,2,9,0.5449,-1.6639,2,0.2866,0.2077,0.76312,0.6001,0.7288,0.1522,0.5203
iran_dang7_nodiss7,Iranian-17,dft,none,4,1643819241,False,0.9839,3,12,0.9764,-0.0,12,0.9764,0.5951,0.0005,0.6084,0.746,0.0815,0.4384
iran_dang7_nodiss7,Iranian-17,dft,input_shuffled,4,1643819241,False,0.9516,0,6,0.8129,0.9382,6,0.6117,0.4792,0.007,0.5966,0.7377,0.0397,0.4282
iran_dang7_nodiss7,Iranian-17,dft,input_shuffled,4,1643819241,False,0.9516,1,12,0.6329,3.1416,12,0.6329,0.2623,0.29385,0.598,0.7306,0.3693,0.4482
iran_dang7_nodiss7,Iranian-17,dft,input_shuffled,4,1643819241,False,0.9516,2,9,0.7502,-0.6269,9,0.5991,0.3866,0.03598,0.6018,0.7356,0.1272,0.4947
iran_dang7_nodiss7,Iranian-17,dft,input_shuffled,4,1643819241,False,0.9516,3,12,0.968,-0.0,12,0.968,0.5819,0.0005,0.6081,0.753,0.0882,0.4354
iran_dang7_nodiss7,Iranian-17,dft,label_shuffled,4,1643819241,False,0.871,0,3,0.7902,-1.0466,3,0.4234,0.4475,0.01999,0.6055,0.743,0.2112,0.4935
iran_dang7_nodiss7,Iranian-17,dft,label_shuffled,4,1643819241,False,0.871,1,2,0.5759,-2.8017,2,0.5465,0.2324,0.58471,0.5971,0.725,0.0196,0.5342
iran_dang7_nodiss7,Iranian-17,dft,label_shuffled,4,1643819241,False,0.871,2,2,0.5269,0.2597,2,0.5112,0.1943,0.85107,0.6039,0.7371,0.1371,0.4793
iran_dang7_nodiss7,Iranian-17,dft,label_shuffled,4,1643819241,False,0.871,3,2,0.5639,2.5747,2,0.4839,0.227,0.66967,0.6021,0.7409,0.0749,0.4726
iran_dang7_nodiss7,Iranian-17,dft,none,4,2143457607,False,0.9677,0,9,0.6053,-0.9049,3,0.4609,0.2485,0.45927,0.6057,0.7421,0.18,0.4585
iran_dang7_nodiss7,Iranian-17,dft,none,4,2143457607,False,0.9677,1,12,0.967,-0.0,12,0.967,0.5829,0.001,0.6059,0.7401,0.1213,0.4692
iran_dang7_nodiss7,Iranian-17,dft,none,4,2143457607,False,0.9677,2,6,0.7946,2.2019,6,0.5971,0.457,0.01599,0.6086,0.7501,0.0375,0.4987
iran_dang7_nodiss7,Iranian-17,dft,none,4,2143457607,False,0.9677,3,12,0.8982,3.1416,12,0.8982,0.5085,0.0005,0.6032,0.7369,0.0377,0.4589
iran_dang7_nodiss7,Iranian-17,dft,input_shuffled,4,2143457607,True,1.0,0,3,0.9545,1.6583,4,0.2464,0.6338,0.0005,0.6066,0.7473,0.196,0.5021
iran_dang7_nodiss7,Iranian-17,dft,input_shuffled,4,2143457607,True,1.0,1,2,0.778,-0.9545,2,0.4684,0.4253,0.01899,0.6057,0.743,0.125,0.463
iran_dang7_nodiss7,Iranian-17,dft,input_shuffled,4,2143457607,True,1.0,2,12,0.7015,3.1416,12,0.7015,0.3221,0.10145,0.6008,0.734,0.299,0.5038
iran_dang7_nodiss7,Iranian-17,dft,input_shuffled,4,2143457607,True,1.0,3,12,0.9578,-0.0,12,0.9578,0.5755,0.0015,0.6085,0.75,0.0212,0.484
iran_dang7_nodiss7,Iranian-17,dft,label_shuffled,4,2143457607,False,0.871,0,4,0.6551,-2.4648,4,0.4979,0.2925,0.1909,0.5952,0.7221,0.0874,0.4471
iran_dang7_nodiss7,Iranian-17,dft,label_shuffled,4,2143457607,False,0.871,1,4,0.5316,0.3015,4,0.5047,0.1991,0.81609,0.5951,0.723,0.2419,0.4734
iran_dang7_nodiss7,Iranian-17,dft,label_shuffled,4,2143457607,False,0.871,2,3,0.5847,2.1961,3,0.3592,0.2423,0.57671,0.6074,0.7457,0.0665,0.5266
iran_dang7_nodiss7,Iranian-17,dft,label_shuffled,4,2143457607,False,0.871,3,3,0.6022,-2.1608,6,0.4569,0.2618,0.41479,0.5923,0.7174,0.1387,0.5103
iran_dang7_nodiss7,Iranian-17,dft,none,4,895964629,False,0.9516,0,9,0.5058,0.9599,6,0.3618,0.1871,0.92604,0.5954,0.7107,0.298,0.4455
iran_dang7_nodiss7,Iranian-17,dft,none,4,895964629,False,0.9516,1,5,0.6011,-1.4512,12,0.4396,0.2505,0.46877,0.6027,0.7422,0.0718,0.4986
iran_dang7_nodiss7,Iranian-17,dft,none,4,895964629,False,0.9516,2,5,0.758,1.0409,12,0.7475,0.3748,0.03348,0.6023,0.7373,0.0846,0.5027
iran_dang7_nodiss7,Iranian-17,dft,none,4,895964629,False,0.9516,3,12,0.9514,3.1416,12,0.9514,0.5696,0.001,0.6078,0.7444,0.0142,0.4671
iran_dang7_nodiss7,Iranian-17,dft,input_shuffled,4,895964629,False,0.8548,0,12,0.8959,3.1416,12,0.8959,0.5102,0.001,0.5973,0.7275,0.0165,0.4631
iran_dang7_nodiss7,Iranian-17,dft,input_shuffled,4,895964629,False,0.8548,1,3,0.5407,-1.3574,12,0.5194,0.1937,0.8096,0.6088,0.7504,0.1197,0.5103
iran_dang7_nodiss7,Iranian-17,dft,input_shuffled,4,895964629,False,0.8548,2,12,0.7286,-0.0,12,0.7286,0.3484,0.06747,0.6057,0.7412,0.1168,0.4512
iran_dang7_nodiss7,Iranian-17,dft,input_shuffled,4,895964629,False,0.8548,3,9,0.5753,1.0041,3,0.4249,0.2451,0.6067,0.6036,0.7358,0.1017,0.4457
iran_dang7_nodiss7,Iranian-17,dft,label_shuffled,4,895964629,False,0.9194,0,4,0.5962,0.4692,4,0.5247,0.2447,0.3903,0.5831,0.6999,0.0094,0.4782
iran_dang7_nodiss7,Iranian-17,dft,label_shuffled,4,895964629,False,0.9194,1,1,0.5957,-1.0437,9,0.3622,0.2375,0.45227,0.5955,0.7348,0.0962,0.4779
iran_dang7_nodiss7,Iranian-17,dft,label_shuffled,4,895964629,False,0.9194,2,4,0.8224,2.1902,4,0.4577,0.4781,0.007,0.6029,0.7383,0.2716,0.423
iran_dang7_nodiss7,Iranian-17,dft,label_shuffled,4,895964629,False,0.9194,3,6,0.5655,1.1591,1,0.4817,0.2156,0.68116,0.6091,0.7451,0.0889,0.4429
iran_dang7_nodiss7,Iranian-17,dft,none,4,1854501628,True,1.0,0,3,0.8942,0.2461,3,0.8666,0.5604,0.0005,0.603,0.7392,0.1184,0.4398
iran_dang7_nodiss7,Iranian-17,dft,none,4,1854501628,True,1.0,1,12,0.9418,-0.0,12,0.9418,0.5604,0.0015,0.607,0.7487,0.1887,0.4747
iran_dang7_nodiss7,Iranian-17,dft,none,4,1854501628,True,1.0,2,12,0.7621,3.1416,12,0.7621,0.3777,0.03498,0.605,0.7457,0.2173,0.4642
iran_dang7_nodiss7,Iranian-17,dft,none,4,1854501628,True,1.0,3,10,0.528,-2.2467,3,0.3488,0.1926,0.84608,0.6034,0.7438,0.1231,0.4959
iran_dang7_nodiss7,Iranian-17,dft,input_shuffled,4,1854501628,False,0.9355,0,2,0.6264,2.1006,5,0.5603,0.2679,0.33883,0.6028,0.7412,0.1858,0.4674
iran_dang7_nodiss7,Iranian-17,dft,input_shuffled,4,1854501628,False,0.9355,1,12,0.9278,-0.0,12,0.9278,0.5459,0.001,0.6086,0.7467,0.2201,0.4621
iran_dang7_nodiss7,Iranian-17,dft,input_shuffled,4,1854501628,False,0.9355,2,12,0.7553,3.1416,12,0.7553,0.3708,0.03998,0.6063,0.7468,0.0676,0.4389
iran_dang7_nodiss7,Iranian-17,dft,input_shuffled,4,1854501628,False,0.9355,3,3,0.801,1.2925,11,0.1816,0.4353,0.007,0.6035,0.7368,0.2136,0.4723
iran_dang7_nodiss7,Iranian-17,dft,label_shuffled,4,1854501628,False,0.9032,0,9,0.6641,-1.7343,6,0.2573,0.3046,0.18991,0.6017,0.7381,0.12,0.4628
iran_dang7_nodiss7,Iranian-17,dft,label_shuffled,4,1854501628,False,0.9032,1,11,0.4861,1.3737,12,0.4589,0.1651,0.96852,0.6115,0.7596,0.0609,0.5424
iran_dang7_nodiss7,Iranian-17,dft,label_shuffled,4,1854501628,False,0.9032,2,3,0.5989,0.1874,3,0.5882,0.2344,0.48326,0.6049,0.7416,0.0931,0.4528
iran_dang7_nodiss7,Iranian-17,dft,label_shuffled,4,1854501628,False,0.9032,3,10,0.5936,-2.8592,10,0.5727,0.2495,0.50925,0.6028,0.7385,0.0717,0.4182
iran_dang7_nodiss7,Iranian-17,dft,none,4,1366696420,False,0.9355,0,4,0.7416,1.7379,1,0.397,0.3722,0.02949,0.5919,0.723,0.3036,0.4881
iran_dang7_nodiss7,Iranian-17,dft,none,4,1366696420,False,0.9355,1,12,0.7614,-0.0,12,0.7614,0.3765,0.02749,0.6049,0.7408,0.2272,0.4742
iran_dang7_nodiss7,Iranian-17,dft,none,4,1366696420,False,0.9355,2,12,0.795,-0.0,12,0.795,0.4037,0.006,0.5975,0.7303,0.1589,0.451
iran_dang7_nodiss7,Iranian-17,dft,none,4,1366696420,False,0.9355,3,7,0.7607,2.4173,7,0.5722,0.3856,0.02849,0.6017,0.7383,0.2203,0.5341
iran_dang7_nodiss7,Iranian-17,dft,input_shuffled,4,1366696420,False,0.9194,0,6,0.6381,0.2432,6,0.6302,0.3239,0.31234,0.6045,0.7417,0.1121,0.5009
iran_dang7_nodiss7,Iranian-17,dft,input_shuffled,4,1366696420,False,0.9194,1,12,0.9364,3.1416,12,0.9364,0.5492,0.001,0.5996,0.7273,0.1409,0.468
iran_dang7_nodiss7,Iranian-17,dft,input_shuffled,4,1366696420,False,0.9194,2,12,0.7447,3.1416,12,0.7447,0.3601,0.04648,0.6021,0.7391,0.3034,0.4862
iran_dang7_nodiss7,Iranian-17,dft,input_shuffled,4,1366696420,False,0.9194,3,3,0.6944,-2.3551,3,0.4766,0.3291,0.12394,0.6044,0.7474,0.3133,0.5092
iran_dang7_nodiss7,Iranian-17,dft,label_shuffled,4,1366696420,False,0.8548,0,3,0.5487,-2.1389,12,0.3487,0.2043,0.75362,0.604,0.7367,0.0078,0.448
iran_dang7_nodiss7,Iranian-17,dft,label_shuffled,4,1366696420,False,0.8548,1,9,0.5796,2.3,9,0.3726,0.2226,0.58871,0.6042,0.7449,0.0734,0.4657
iran_dang7_nodiss7,Iranian-17,dft,label_shuffled,4,1366696420,False,0.8548,2,4,0.5866,-1.62,10,0.4596,0.2499,0.49675,0.5903,0.7,0.048,0.5231
iran_dang7_nodiss7,Iranian-17,dft,label_shuffled,4,1366696420,False,0.8548,3,6,0.7427,-1.6304,1,0.5606,0.3393,0.01999,0.5871,0.7053,0.2335,0.4953
iran_dang7_nodiss7,Iranian-17,dft,none,4,1019361321,False,0.9677,0,3,0.9858,-1.5063,8,0.1838,0.6856,0.0005,0.606,0.7453,0.1918,0.489
iran_dang7_nodiss7,Iranian-17,dft,none,4,1019361321,False,0.9677,1,12,0.7781,-0.0,12,0.7781,0.3968,0.02599,0.6075,0.7526,0.2987,0.4386
iran_dang7_nodiss7,Iranian-17,dft,none,4,1019361321,False,0.9677,2,3,0.793,0.6454,3,0.6239,0.4345,0.0095,0.597,0.7277,0.0086,0.4715
iran_dang7_nodiss7,Iranian-17,dft,none,4,1019361321,False,0.9677,3,12,0.9622,3.1416,12,0.9622,0.5788,0.002,0.6068,0.7501,0.2306,0.4349
iran_dang7_nodiss7,Iranian-17,dft,input_shuffled,4,1019361321,False,0.9516,0,6,0.8505,-0.6962,6,0.7495,0.5802,0.007,0.6104,0.7561,0.1065,0.4717
iran_dang7_nodiss7,Iranian-17,dft,input_shuffled,4,1019361321,False,0.9516,1,8,0.889,-0.2016,8,0.8687,0.5379,0.0005,0.6048,0.7451,0.2079,0.4909
iran_dang7_nodiss7,Iranian-17,dft,input_shuffled,4,1019361321,False,0.9516,2,12,0.7242,-0.0,12,0.7242,0.3392,0.10095,0.613,0.7596,0.3748,0.4814
iran_dang7_nodiss7,Iranian-17,dft,input_shuffled,4,1019361321,False,0.9516,3,12,0.8635,3.1416,12,0.8635,0.4775,0.001,0.5734,0.6897,0.0041,0.5321
iran_dang7_nodiss7,Iranian-17,dft,label_shuffled,4,1019361321,False,0.9355,0,9,0.5595,2.1419,2,0.3352,0.2174,0.65717,0.5955,0.7207,0.1666,0.4285
iran_dang7_nodiss7,Iranian-17,dft,label_shuffled,4,1019361321,False,0.9355,1,2,0.5267,1.627,6,0.3859,0.1977,0.82109,0.5939,0.7252,0.0317,0.4601
iran_dang7_nodiss7,Iranian-17,dft,label_shuffled,4,1019361321,False,0.9355,2,2,0.6434,-3.0343,2,0.6401,0.2994,0.29335,0.607,0.7536,0.0331,0.4824
iran_dang7_nodiss7,Iranian-17,dft,label_shuffled,4,1019361321,False,0.9355,3,3,0.6164,1.0524,7,0.3413,0.2712,0.34683,0.5933,0.7176,0.6562,0.4658
iran_dang7_nodiss7,Iranian-17,dft,none,4,31723837,False,0.9839,0,12,0.987,-0.0,12,0.987,0.6043,0.0005,0.608,0.7457,0.1385,0.525
iran_dang7_nodiss7,Iranian-17,dft,none,4,31723837,False,0.9839,1,12,0.6232,3.1416,12,0.6232,0.256,0.35082,0.6015,0.74,0.3484,0.4691
iran_dang7_nodiss7,Iranian-17,dft,none,4,31723837,False,0.9839,2,6,0.5644,0.0919,6,0.5634,0.2477,0.68166,0.6021,0.7259,0.0286,0.4307
iran_dang7_nodiss7,Iranian-17,dft,none,4,31723837,False,0.9839,3,4,0.6571,-2.9995,4,0.6496,0.2927,0.22489,0.6022,0.7285,0.1119,0.4439
iran_dang7_nodiss7,Iranian-17,dft,input_shuffled,4,31723837,False,0.9355,0,4,0.7429,0.8686,4,0.4622,0.3916,0.03948,0.6035,0.7318,0.0079,0.5127
iran_dang7_nodiss7,Iranian-17,dft,input_shuffled,4,31723837,False,0.9355,1,2,0.726,-0.8237,2,0.5098,0.3675,0.09295,0.6097,0.7611,0.0615,0.474
iran_dang7_nodiss7,Iranian-17,dft,input_shuffled,4,31723837,False,0.9355,2,12,0.9365,3.1416,12,0.9365,0.5505,0.001,0.6087,0.7446,0.1353,0.4867
iran_dang7_nodiss7,Iranian-17,dft,input_shuffled,4,31723837,False,0.9355,3,12,0.9546,3.1416,12,0.9546,0.5733,0.001,0.6058,0.7462,0.1655,0.4841
iran_dang7_nodiss7,Iranian-17,dft,label_shuffled,4,31723837,False,0.9194,0,2,0.7071,0.8586,2,0.4785,0.3394,0.09045,0.5999,0.7347,0.0226,0.4482
iran_dang7_nodiss7,Iranian-17,dft,label_shuffled,4,31723837,False,0.9194,1,4,0.7178,-2.3342,4,0.4799,0.3499,0.01199,0.5734,0.6832,0.1066,0.5056
iran_dang7_nodiss7,Iranian-17,dft,label_shuffled,4,31723837,False,0.9194,2,2,0.5704,1.0184,2,0.3129,0.2257,0.61269,0.5951,0.7217,0.1314,0.4482
iran_dang7_nodiss7,Iranian-17,dft,label_shuffled,4,31723837,False,0.9194,3,5,0.5643,2.8665,5,0.543,0.2171,0.67366,0.6026,0.7342,0.0758,0.4502
iran_dang7_nodiss7,Iranian-17,dft,none,4,1151469311,False,0.9516,0,6,0.6281,-0.1117,6,0.6264,0.3127,0.34333,0.6029,0.7401,0.1332,0.4584
iran_dang7_nodiss7,Iranian-17,dft,none,4,1151469311,False,0.9516,1,12,0.7524,-0.0,12,0.7524,0.3677,0.05447,0.6098,0.7579,0.2377,0.4371
iran_dang7_nodiss7,Iranian-17,dft,none,4,1151469311,False,0.9516,2,12,0.9517,3.1416,12,0.9517,0.571,0.0005,0.6034,0.7306,0.2154,0.4981
iran_dang7_nodiss7,Iranian-17,dft,none,4,1151469311,False,0.9516,3,3,0.5205,1.7328,5,0.2586,0.1907,0.86157,0.598,0.7283,0.0176,0.499
iran_dang7_nodiss7,Iranian-17,dft,input_shuffled,4,1151469311,False,0.9839,0,6,0.8737,2.3413,6,0.7288,0.5934,0.003,0.6141,0.7599,0.3257,0.4921
iran_dang7_nodiss7,Iranian-17,dft,input_shuffled,4,1151469311,False,0.9839,1,9,0.6162,-2.6521,2,0.6063,0.274,0.38381,0.6012,0.7303,0.0676,0.4842
iran_dang7_nodiss7,Iranian-17,dft,input_shuffled,4,1151469311,False,0.9839,2,12,0.9525,3.1416,12,0.9525,0.5692,0.001,0.6073,0.7543,0.0642,0.4231
iran_dang7_nodiss7,Iranian-17,dft,input_shuffled,4,1151469311,False,0.9839,3,12,0.7382,-0.0,12,0.7382,0.3536,0.06347,0.6051,0.7481,0.216,0.4931
iran_dang7_nodiss7,Iranian-17,dft,label_shuffled,4,1151469311,False,0.9032,0,9,0.5919,0.9986,9,0.3397,0.2491,0.52774,0.6041,0.7419,0.2261,0.4898
iran_dang7_nodiss7,Iranian-17,dft,label_shuffled,4,1151469311,False,0.9032,1,2,0.7542,1.2813,1,0.317,0.3826,0.04098,0.6051,0.7418,0.1036,0.4804
iran_dang7_nodiss7,Iranian-17,dft,label_shuffled,4,1151469311,False,0.9032,2,5,0.559,-1.1935,2,0.2332,0.2116,0.71114,0.6103,0.7616,0.151,0.4479
iran_dang7_nodiss7,Iranian-17,dft,label_shuffled,4,1151469311,False,0.9032,3,1,0.4725,1.6382,5,0.3116,0.1532,0.98151,0.5969,0.7235,0.4213,0.4729
iran_dang7_nodiss7,Iranian-17,dft,none,4,1136771956,False,0.9355,0,7,0.7734,-0.8686,12,0.7367,0.3893,0.03298,0.6065,0.7469,0.1338,0.4651
iran_dang7_nodiss7,Iranian-17,dft,none,4,1136771956,False,0.9355,1,6,0.8504,-2.6306,6,0.8002,0.6095,0.0095,0.6138,0.7598,0.1927,0.4469
iran_dang7_nodiss7,Iranian-17,dft,none,4,1136771956,False,0.9355,2,4,0.522,2.3456,2,0.4801,0.1932,0.86607,0.5973,0.7331,0.434,0.5096
iran_dang7_nodiss7,Iranian-17,dft,none,4,1136771956,False,0.9355,3,12,0.7838,-0.0,12,0.7838,0.395,0.01349,0.6012,0.733,0.2965,0.4313
iran_dang7_nodiss7,Iranian-17,dft,input_shuffled,4,1136771956,False,0.8548,0,6,0.7458,2.8652,6,0.7338,0.4628,0.06097,0.6095,0.7563,0.076,0.4375
iran_dang7_nodiss7,Iranian-17,dft,input_shuffled,4,1136771956,False,0.8548,1,6,0.924,-2.4319,6,0.8092,0.6967,0.002,0.6138,0.7609,0.0449,0.4368
iran_dang7_nodiss7,Iranian-17,dft,input_shuffled,4,1136771956,False,0.8548,2,9,0.517,-2.3503,10,0.4262,0.1882,0.86207,0.5889,0.7092,0.2131,0.5059
iran_dang7_nodiss7,Iranian-17,dft,input_shuffled,4,1136771956,False,0.8548,3,7,0.5845,3.1232,7,0.5844,0.2309,0.54873,0.6014,0.7352,0.3139,0.4601
iran_dang7_nodiss7,Iranian-17,dft,label_shuffled,4,1136771956,False,0.8871,0,5,0.5924,-2.7352,5,0.5445,0.2419,0.53723,0.6062,0.737,0.0156,0.4901
iran_dang7_nodiss7,Iranian-17,dft,label_shuffled,4,1136771956,False,0.8871,1,4,0.6644,0.9139,4,0.3897,0.314,0.1969,0.6023,0.7401,0.0988,0.5101
iran_dang7_nodiss7,Iranian-17,dft,label_shuffled,4,1136771956,False,0.8871,2,2,0.4863,-0.8499,1,0.3924,0.169,0.97701,0.6123,0.7607,0.0188,0.4681
iran_dang7_nodiss7,Iranian-17,dft,label_shuffled,4,1136771956,False,0.8871,3,3,0.6396,-2.0605,1,0.3172,0.2905,0.23038,0.5903,0.7136,0.4344,0.4604
iran_dang7_nodiss7,Iranian-17,dft,none,4,1440730673,False,0.9677,0,12,0.8033,3.1416,12,0.8033,0.428,0.0095,0.604,0.7385,0.0332,0.4862
iran_dang7_nodiss7,Iranian-17,dft,none,4,1440730673,False,0.9677,1,3,0.9667,-1.6003,9,0.1919,0.6464,0.0005,0.6039,0.7471,0.1892,0.4613
iran_dang7_nodiss7,Iranian-17,dft,none,4,1440730673,False,0.9677,2,2,0.7381,-0.0904,2,0.7354,0.3738,0.02649,0.5942,0.7157,0.0477,0.497
iran_dang7_nodiss7,Iranian-17,dft,none,4,1440730673,False,0.9677,3,12,0.7478,3.1416,12,0.7478,0.3744,0.04248,0.6013,0.739,0.0791,0.4737
iran_dang7_nodiss7,Iranian-17,dft,input_shuffled,4,1440730673,False,1.0,0,12,0.9511,-0.0,12,0.9511,0.5653,0.0005,0.6047,0.7431,0.1319,0.4846
iran_dang7_nodiss7,Iranian-17,dft,input_shuffled,4,1440730673,False,1.0,1,3,0.7444,1.3088,9,0.5095,0.3721,0.04748,0.6025,0.74,0.127,0.4764
iran_dang7_nodiss7,Iranian-17,dft,input_shuffled,4,1440730673,False,1.0,2,12,0.8766,3.1416,12,0.8766,0.4891,0.0005,0.6072,0.7482,0.1138,0.4833
iran_dang7_nodiss7,Iranian-17,dft,input_shuffled,4,1440730673,False,1.0,3,4,0.6736,1.7154,8,0.4271,0.3236,0.17591,0.6037,0.7387,0.0703,0.4873
iran_dang7_nodiss7,Iranian-17,dft,label_shuffled,4,1440730673,False,0.9355,0,4,0.6156,1.5777,10,0.3696,0.2695,0.3918,0.6012,0.7271,0.016,0.4848
iran_dang7_nodiss7,Iranian-17,dft,label_shuffled,4,1440730673,False,0.9355,1,4,0.5409,-0.776,9,0.3833,0.2047,0.76812,0.5942,0.7163,0.673,0.4525
iran_dang7_nodiss7,Iranian-17,dft,label_shuffled,4,1440730673,False,0.9355,2,3,0.6338,-2.4138,3,0.4627,0.2753,0.33333,0.6089,0.7552,0.2758,0.4767
iran_dang7_nodiss7,Iranian-17,dft,label_shuffled,4,1440730673,False,0.9355,3,5,0.6122,-1.742,4,0.4154,0.2608,0.3978,0.5992,0.7291,0.1157,0.4832
iran_dang7_nodiss7,Iranian-17,dft,none,4,2090367430,False,0.9677,0,11,0.5435,-1.9784,6,0.2151,0.2065,0.76862,0.5985,0.7298,0.1329,0.4788
iran_dang7_nodiss7,Iranian-17,dft,none,4,2090367430,False,0.9677,1,5,0.6882,-2.1934,12,0.6343,0.3116,0.12544,0.6011,0.736,0.2715,0.4726
iran_dang7_nodiss7,Iranian-17,dft,none,4,2090367430,False,0.9677,2,12,0.8987,3.1416,12,0.8987,0.5065,0.0005,0.602,0.7341,0.1776,0.4837
iran_dang7_nodiss7,Iranian-17,dft,none,4,2090367430,False,0.9677,3,7,0.5195,2.2706,9,0.4159,0.176,0.88856,0.6042,0.7402,0.3673,0.4484
iran_dang7_nodiss7,Iranian-17,dft,input_shuffled,4,2090367430,True,1.0,0,12,0.8481,-0.0,12,0.8481,0.4603,0.0065,0.6116,0.7561,0.2285,0.475
iran_dang7_nodiss7,Iranian-17,dft,input_shuffled,4,2090367430,True,1.0,1,3,0.9461,1.4042,2,0.2118,0.623,0.0005,0.6058,0.7398,0.1764,0.4562
iran_dang7_nodiss7,Iranian-17,dft,input_shuffled,4,2090367430,True,1.0,2,12,0.9578,3.1416,12,0.9578,0.5733,0.0015,0.6095,0.7501,0.2015,0.4953
iran_dang7_nodiss7,Iranian-17,dft,input_shuffled,4,2090367430,True,1.0,3,2,0.6747,-0.9786,2,0.3928,0.3173,0.18241,0.6042,0.7381,0.1526,0.4894
iran_dang7_nodiss7,Iranian-17,dft,label_shuffled,4,2090367430,False,0.8871,0,2,0.5819,-2.9499,2,0.5725,0.2378,0.57571,0.5994,0.7252,0.2607,0.4328
iran_dang7_nodiss7,Iranian-17,dft,label_shuffled,4,2090367430,False,0.8871,1,8,0.5509,2.4306,2,0.4464,0.2113,0.73563,0.6003,0.7311,0.3417,0.4929
iran_dang7_nodiss7,Iranian-17,dft,label_shuffled,4,2090367430,False,0.8871,2,2,0.5121,0.9822,4,0.408,0.1823,0.89455,0.5958,0.7269,0.2359,0.469
iran_dang7_nodiss7,Iranian-17,dft,label_shuffled,4,2090367430,False,0.8871,3,9,0.5341,1.6494,11,0.4181,0.2004,0.82909,0.6076,0.7533,0.1873,0.4518
iran_dang7_nodiss7,Iranian-17,dft,none,4,1343599770,False,0.9516,0,12,0.8047,3.1416,12,0.8047,0.4176,0.01149,0.6027,0.7403,0.2948,0.4996
iran_dang7_nodiss7,Iranian-17,dft,none,4,1343599770,False,0.9516,1,7,0.6581,-0.6579,2,0.605,0.2955,0.21089,0.5997,0.7406,0.0744,0.4903
iran_dang7_nodiss7,Iranian-17,dft,none,4,1343599770,False,0.9516,2,2,0.7132,-1.8657,9,0.4167,0.3436,0.09645,0.606,0.7444,0.2725,0.4674
iran_dang7_nodiss7,Iranian-17,dft,none,4,1343599770,False,0.9516,3,12,0.8832,-0.0,12,0.8832,0.5138,0.0015,0.6049,0.7381,0.1878,0.5299
iran_dang7_nodiss7,Iranian-17,dft,input_shuffled,4,1343599770,False,0.9516,0,12,0.7992,3.1416,12,0.7992,0.4119,0.005,0.6001,0.7314,0.2779,0.4785
iran_dang7_nodiss7,Iranian-17,dft,input_shuffled,4,1343599770,False,0.9516,1,3,0.6554,0.9937,2,0.4016,0.2952,0.25137,0.6078,0.7539,0.254,0.4886
iran_dang7_nodiss7,Iranian-17,dft,input_shuffled,4,1343599770,False,0.9516,2,6,0.8444,-0.8457,6,0.6839,0.5301,0.0055,0.6116,0.7598,0.0753,0.4912
iran_dang7_nodiss7,Iranian-17,dft,input_shuffled,4,1343599770,False,0.9516,3,12,0.9821,-0.0,12,0.9821,0.5942,0.001,0.609,0.7426,0.046,0.4584
iran_dang7_nodiss7,Iranian-17,dft,label_shuffled,4,1343599770,False,0.9032,0,3,0.6326,0.7773,3,0.4386,0.2771,0.35732,0.611,0.7537,0.1332,0.5443
iran_dang7_nodiss7,Iranian-17,dft,label_shuffled,4,1343599770,False,0.9032,1,1,0.5389,-2.9797,1,0.532,0.1893,0.70865,0.5776,0.6957,0.0119,0.4943
iran_dang7_nodiss7,Iranian-17,dft,label_shuffled,4,1343599770,False,0.9032,2,11,0.6595,-1.6518,2,0.3452,0.303,0.17591,0.597,0.7169,0.3381,0.4839
iran_dang7_nodiss7,Iranian-17,dft,label_shuffled,4,1343599770,False,0.9032,3,4,0.5679,-2.6137,4,0.4825,0.2175,0.64868,0.6049,0.7494,0.0081,0.4895
iran_dang7_nodiss7,Iranian-17,dft,none,4,112784300,False,0.9677,0,8,0.6493,-2.3531,3,0.4613,0.2957,0.24238,0.6033,0.7335,0.1665,0.5305
iran_dang7_nodiss7,Iranian-17,dft,none,4,112784300,False,0.9677,1,12,0.9608,3.1416,12,0.9608,0.5778,0.0005,0.6068,0.7499,0.1016,0.4838
iran_dang7_nodiss7,Iranian-17,dft,none,4,112784300,False,0.9677,2,12,0.8173,3.1416,12,0.8173,0.4261,0.006,0.6041,0.7411,0.2488,0.4959
iran_dang7_nodiss7,Iranian-17,dft,none,4,112784300,False,0.9677,3,3,0.8957,-2.8124,3,0.846,0.5598,0.0005,0.6032,0.733,0.0666,0.5144
iran_dang7_nodiss7,Iranian-17,dft,input_shuffled,4,112784300,False,0.9355,0,3,0.6231,2.453,3,0.4899,0.2872,0.38581,0.6089,0.7566,0.2934,0.434
iran_dang7_nodiss7,Iranian-17,dft,input_shuffled,4,112784300,False,0.9355,1,6,0.9094,-0.8022,6,0.7577,0.6518,0.001,0.6137,0.7646,0.1005,0.4243
iran_dang7_nodiss7,Iranian-17,dft,input_shuffled,4,112784300,False,0.9355,2,12,0.8504,-0.0,12,0.8504,0.4618,0.005,0.6164,0.7657,0.1789,0.4767
iran_dang7_nodiss7,Iranian-17,dft,input_shuffled,4,112784300,False,0.9355,3,12,0.9831,-0.0,12,0.9831,0.6026,0.0005,0.6057,0.7432,0.1173,0.5199
iran_dang7_nodiss7,Iranian-17,dft,label_shuffled,4,112784300,False,0.8065,0,8,0.611,0.0415,8,0.6104,0.2585,0.44378,0.6101,0.7546,0.3047,0.4884
iran_dang7_nodiss7,Iranian-17,dft,label_shuffled,4,112784300,False,0.8065,1,4,0.6543,1.5691,11,0.4513,0.3024,0.24688,0.6045,0.7416,0.4952,0.445
iran_dang7_nodiss7,Iranian-17,dft,label_shuffled,4,112784300,False,0.8065,2,2,0.6109,0.112,2,0.6075,0.2614,0.4068,0.6036,0.7456,0.0377,0.451
iran_dang7_nodiss7,Iranian-17,dft,label_shuffled,4,112784300,False,0.8065,3,9,0.4902,1.015,3,0.3698,0.1744,0.96252,0.6016,0.7379,0.1428,0.4309
iran_dang7_nodiss7,Iranian-17,dft,none,4,1847138847,False,1.0,0,4,0.6673,1.529,9,0.3505,0.3103,0.17491,0.5992,0.7342,0.0576,0.5044
iran_dang7_nodiss7,Iranian-17,dft,none,4,1847138847,False,1.0,1,12,0.9208,-0.0,12,0.9208,0.5315,0.001,0.6051,0.7463,0.2188,0.49
iran_dang7_nodiss7,Iranian-17,dft,none,4,1847138847,False,1.0,2,12,0.917,3.1416,12,0.917,0.5346,0.0005,0.6022,0.7343,0.182,0.4587
iran_dang7_nodiss7,Iranian-17,dft,none,4,1847138847,False,1.0,3,3,0.9636,1.6784,8,0.2078,0.6515,0.0005,0.6048,0.7391,0.2383,0.4425
iran_dang7_nodiss7,Iranian-17,dft,input_shuffled,4,1847138847,False,0.9677,0,2,0.6378,2.76,2,0.5968,0.2971,0.28386,0.601,0.7388,0.1001,0.4653
iran_dang7_nodiss7,Iranian-17,dft,input_shuffled,4,1847138847,False,0.9677,1,8,0.6062,2.6889,8,0.5383,0.2558,0.43578,0.6035,0.7468,0.2672,0.5813
iran_dang7_nodiss7,Iranian-17,dft,input_shuffled,4,1847138847,False,0.9677,2,12,0.9193,-0.0,12,0.9193,0.5286,0.0005,0.605,0.7403,0.1116,0.4885
iran_dang7_nodiss7,Iranian-17,dft,input_shuffled,4,1847138847,False,0.9677,3,12,0.9481,-0.0,12,0.9481,0.567,0.0015,0.6051,0.7358,0.1322,0.5263
iran_dang7_nodiss7,Iranian-17,dft,label_shuffled,4,1847138847,False,0.8871,0,8,0.5964,-0.8266,5,0.4036,0.2613,0.50875,0.6063,0.7444,0.3372,0.4511
iran_dang7_nodiss7,Iranian-17,dft,label_shuffled,4,1847138847,False,0.8871,1,3,0.592,2.6984,3,0.5375,0.2477,0.48426,0.5975,0.7315,0.5872,0.4707
iran_dang7_nodiss7,Iranian-17,dft,label_shuffled,4,1847138847,False,0.8871,2,10,0.5425,1.1336,2,0.3633,0.204,0.78011,0.6043,0.744,0.0226,0.4715
iran_dang7_nodiss7,Iranian-17,dft,label_shuffled,4,1847138847,False,0.8871,3,1,0.578,-0.5988,11,0.4777,0.2342,0.6087,0.6054,0.7423,0.1009,0.4736
iran_dang7_nodiss7,Iranian-17,dft,none,4,2026718518,False,0.9516,0,12,0.8043,3.1416,12,0.8043,0.4122,0.0065,0.6001,0.7334,0.2724,0.4627
iran_dang7_nodiss7,Iranian-17,dft,none,4,2026718518,False,0.9516,1,12,0.9402,3.1416,12,0.9402,0.5496,0.0005,0.6014,0.739,0.18,0.4836
iran_dang7_nodiss7,Iranian-17,dft,none,4,2026718518,False,0.9516,2,6,0.846,2.2846,6,0.6798,0.54,0.002,0.6037,0.7474,0.1311,0.4521
iran_dang7_nodiss7,Iranian-17,dft,none,4,2026718518,False,0.9516,3,8,0.7861,-2.1021,8,0.3799,0.4337,0.01549,0.6,0.7395,0.0208,0.4954
iran_dang7_nodiss7,Iranian-17,dft,input_shuffled,4,2026718518,False,0.9839,0,3,0.9556,-0.009,3,0.9556,0.644,0.0005,0.6056,0.7368,0.0143,0.4569
iran_dang7_nodiss7,Iranian-17,dft,input_shuffled,4,2026718518,False,0.9839,1,12,0.9512,3.1416,12,0.9512,0.5745,0.001,0.6083,0.7523,0.182,0.4814
iran_dang7_nodiss7,Iranian-17,dft,input_shuffled,4,2026718518,False,0.9839,2,12,0.813,-0.0,12,0.813,0.4253,0.007,0.6006,0.7378,0.2898,0.4747
iran_dang7_nodiss7,Iranian-17,dft,input_shuffled,4,2026718518,False,0.9839,3,8,0.7375,-2.6706,8,0.6483,0.3693,0.06297,0.6081,0.7511,0.3401,0.4857
iran_dang7_nodiss7,Iranian-17,dft,label_shuffled,4,2026718518,False,0.8387,0,2,0.552,0.7301,2,0.4225,0.2151,0.68516,0.5894,0.7085,0.0015,0.5412
iran_dang7_nodiss7,Iranian-17,dft,label_shuffled,4,2026718518,False,0.8387,1,3,0.7612,0.2372,3,0.7394,0.3905,0.04698,0.6102,0.7569,0.0683,0.4545
iran_dang7_nodiss7,Iranian-17,dft,label_shuffled,4,2026718518,False,0.8387,2,6,0.638,1.0303,6,0.4358,0.2828,0.33533,0.6124,0.7626,0.0813,0.4773
iran_dang7_nodiss7,Iranian-17,dft,label_shuffled,4,2026718518,False,0.8387,3,2,0.5783,-1.2696,3,0.4681,0.2355,0.55622,0.5966,0.7274,0.3077,0.459
iran_dang7_nodiss7,Iranian-17,dft,none,4,1870499598,False,0.9839,0,2,0.777,3.022,2,0.7721,0.4226,0.01099,0.5926,0.7162,0.0134,0.4585
iran_dang7_nodiss7,Iranian-17,dft,none,4,1870499598,False,0.9839,1,3,0.9752,1.5973,4,0.1941,0.663,0.0005,0.61,0.7531,0.2019,0.4713
iran_dang7_nodiss7,Iranian-17,dft,none,4,1870499598,False,0.9839,2,12,0.6986,-0.0,12,0.6986,0.32,0.11594,0.6023,0.7402,0.0673,0.5141
iran_dang7_nodiss7,Iranian-17,dft,none,4,1870499598,False,0.9839,3,12,0.821,3.1416,12,0.821,0.4329,0.01199,0.6105,0.7605,0.2177,0.5219
iran_dang7_nodiss7,Iranian-17,dft,input_shuffled,4,1870499598,False,0.9194,0,3,0.965,-1.4967,9,0.204,0.6487,0.0005,0.6073,0.7501,0.2538,0.4673
iran_dang7_nodiss7,Iranian-17,dft,input_shuffled,4,1870499598,False,0.9194,1,3,0.5116,2.0271,9,0.4504,0.1772,0.91804,0.6084,0.7462,0.3556,0.4318
iran_dang7_nodiss7,Iranian-17,dft,input_shuffled,4,1870499598,False,0.9194,2,8,0.7781,2.0028,11,0.3909,0.4197,0.004,0.5835,0.7037,0.0833,0.5112
iran_dang7_nodiss7,Iranian-17,dft,input_shuffled,4,1870499598,False,0.9194,3,12,0.9779,3.1416,12,0.9779,0.5951,0.0005,0.6071,0.7442,0.0556,0.4854
iran_dang7_nodiss7,Iranian-17,dft,label_shuffled,4,1870499598,False,0.871,0,10,0.7325,0.9185,2,0.4677,0.3799,0.08146,0.6101,0.758,0.1067,0.4776
iran_dang7_nodiss7,Iranian-17,dft,label_shuffled,4,1870499598,False,0.871,1,4,0.5993,-2.2234,2,0.417,0.2502,0.47976,0.6022,0.7384,0.1319,0.4338
iran_dang7_nodiss7,Iranian-17,dft,label_shuffled,4,1870499598,False,0.871,2,4,0.4812,-0.8232,8,0.4167,0.1584,0.97651,0.6101,0.7512,0.2822,0.4388
iran_dang7_nodiss7,Iranian-17,dft,label_shuffled,4,1870499598,False,0.871,3,10,0.6806,1.553,4,0.3686,0.3247,0.13693,0.6007,0.7294,0.119,0.4651
iran_dang7_nodiss7,Iranian-17,dft,none,4,1439991574,False,0.8065,0,12,0.8537,3.1416,12,0.8537,0.4614,0.0065,0.6111,0.755,0.2702,0.5038
iran_dang7_nodiss7,Iranian-17,dft,none,4,1439991574,False,0.8065,1,3,0.5828,2.0728,2,0.3635,0.2402,0.53023,0.5952,0.7215,0.0034,0.4702
iran_dang7_nodiss7,Iranian-17,dft,none,4,1439991574,False,0.8065,2,4,0.5677,2.2389,2,0.4266,0.2245,0.65017,0.6033,0.7356,0.3141,0.4525
iran_dang7_nodiss7,Iranian-17,dft,none,4,1439991574,False,0.8065,3,3,0.5991,-1.8533,12,0.4743,0.2443,0.46177,0.6,0.7369,0.2761,0.5573
iran_dang7_nodiss7,Iranian-17,dft,input_shuffled,4,1439991574,False,0.9032,0,12,0.9706,3.1416,12,0.9706,0.5879,0.0005,0.606,0.7469,0.0955,0.5001
iran_dang7_nodiss7,Iranian-17,dft,input_shuffled,4,1439991574,False,0.9032,1,12,0.5399,-0.0,12,0.5399,0.192,0.7996,0.6057,0.7476,0.3799,0.4515
iran_dang7_nodiss7,Iranian-17,dft,input_shuffled,4,1439991574,False,0.9032,2,2,0.6208,-0.042,2,0.6204,0.2651,0.36132,0.6007,0.7436,0.135,0.5073
iran_dang7_nodiss7,Iranian-17,dft,input_shuffled,4,1439991574,False,0.9032,3,5,0.8002,-1.9063,12,0.7839,0.4099,0.01399,0.6065,0.7456,0.2938,0.4581
iran_dang7_nodiss7,Iranian-17,dft,label_shuffled,4,1439991574,False,0.8226,0,3,0.5422,-2.339,11,0.5188,0.211,0.74563,0.5896,0.7069,0.0408,0.532
iran_dang7_nodiss7,Iranian-17,dft,label_shuffled,4,1439991574,False,0.8226,1,6,0.5651,2.6761,6,0.5379,0.2412,0.62269,0.5945,0.7239,0.468,0.4524
iran_dang7_nodiss7,Iranian-17,dft,label_shuffled,4,1439991574,False,0.8226,2,3,0.5322,-2.5696,3,0.4428,0.1954,0.82309,0.599,0.7281,0.1032,0.4945
iran_dang7_nodiss7,Iranian-17,dft,label_shuffled,4,1439991574,False,0.8226,3,3,0.5389,-0.823,5,0.4259,0.2032,0.78311,0.6003,0.7401,0.027,0.454
iran_dang7_nodiss7,Iranian-17,dft,none,4,399637887,False,0.9677,0,9,0.7199,2.2113,9,0.4092,0.3611,0.06847,0.6006,0.7338,0.1066,0.4646
iran_dang7_nodiss7,Iranian-17,dft,none,4,399637887,False,0.9677,1,6,0.7051,2.9196,6,0.6978,0.4077,0.11744,0.606,0.7488,0.1657,0.486
iran_dang7_nodiss7,Iranian-17,dft,none,4,399637887,False,0.9677,2,5,0.698,-1.9941,12,0.5986,0.3185,0.12644,0.6071,0.742,0.4144,0.4801
iran_dang7_nodiss7,Iranian-17,dft,none,4,399637887,False,0.9677,3,12,0.9779,3.1416,12,0.9779,0.5932,0.0005,0.6065,0.7406,0.1043,0.4597
iran_dang7_nodiss7,Iranian-17,dft,input_shuffled,4,399637887,False,0.9839,0,12,0.9286,3.1416,12,0.9286,0.5411,0.001,0.6054,0.7436,0.2336,0.4739
iran_dang7_nodiss7,Iranian-17,dft,input_shuffled,4,399637887,False,0.9839,1,4,0.6646,-1.5918,3,0.361,0.3058,0.1914,0.6028,0.7343,0.3506,0.5239
iran_dang7_nodiss7,Iranian-17,dft,input_shuffled,4,399637887,False,0.9839,2,6,0.9644,2.9588,6,0.9577,0.8944,0.0005,0.6102,0.7503,0.066,0.5075
iran_dang7_nodiss7,Iranian-17,dft,input_shuffled,4,399637887,False,0.9839,3,12,0.9778,3.1416,12,0.9778,0.597,0.0005,0.6092,0.7513,0.0909,0.4523
iran_dang7_nodiss7,Iranian-17,dft,label_shuffled,4,399637887,False,0.8548,0,2,0.7117,-0.3142,2,0.6807,0.3461,0.07196,0.5936,0.7245,0.2092,0.4836
iran_dang7_nodiss7,Iranian-17,dft,label_shuffled,4,399637887,False,0.8548,1,10,0.5319,2.7315,6,0.5151,0.2141,0.83708,0.6056,0.7425,0.3599,0.466
iran_dang7_nodiss7,Iranian-17,dft,label_shuffled,4,399637887,False,0.8548,2,2,0.6607,1.0624,9,0.4535,0.3047,0.18091,0.5962,0.7217,0.2825,0.4738
iran_dang7_nodiss7,Iranian-17,dft,label_shuffled,4,399637887,False,0.8548,3,7,0.5374,0.0048,7,0.5374,0.2026,0.82909,0.6154,0.7621,0.0247,0.4916
iran_dang7_nodiss7,Iranian-17,dft,none,4,1059083859,False,0.9677,0,12,0.7281,-0.0,12,0.7281,0.3447,0.05947,0.5989,0.7346,0.2653,0.4112
iran_dang7_nodiss7,Iranian-17,dft,none,4,1059083859,False,0.9677,1,2,0.7173,2.6074,2,0.627,0.367,0.08196,0.6049,0.7469,0.1764,0.4709
iran_dang7_nodiss7,Iranian-17,dft,none,4,1059083859,False,0.9677,2,6,0.8454,2.6691,6,0.8033,0.603,0.007,0.6117,0.761,0.0035,0.4694
iran_dang7_nodiss7,Iranian-17,dft,none,4,1059083859,False,0.9677,3,12,0.961,3.1416,12,0.961,0.5748,0.001,0.609,0.7488,0.0034,0.4326
iran_dang7_nodiss7,Iranian-17,dft,input_shuffled,4,1059083859,False,0.9355,0,8,0.7509,2.7209,8,0.6779,0.3852,0.05347,0.6073,0.7525,0.2466,0.4721
iran_dang7_nodiss7,Iranian-17,dft,input_shuffled,4,1059083859,False,0.9355,1,12,0.792,3.1416,12,0.792,0.4042,0.02249,0.6061,0.7531,0.1476,0.4779
iran_dang7_nodiss7,Iranian-17,dft,input_shuffled,4,1059083859,False,0.9355,2,12,0.8547,3.1416,12,0.8547,0.4696,0.0005,0.5979,0.7224,0.0588,0.4355
iran_dang7_nodiss7,Iranian-17,dft,input_shuffled,4,1059083859,False,0.9355,3,7,0.8693,2.2717,12,0.5734,0.4997,0.0005,0.5984,0.728,0.1202,0.4951
iran_dang7_nodiss7,Iranian-17,dft,label_shuffled,4,1059083859,False,0.871,0,9,0.5692,-0.8985,8,0.4315,0.2297,0.66317,0.6103,0.759,0.0354,0.4888
iran_dang7_nodiss7,Iranian-17,dft,label_shuffled,4,1059083859,False,0.871,1,5,0.5699,2.8975,5,0.5529,0.2194,0.62519,0.5974,0.7207,0.1791,0.4824
iran_dang7_nodiss7,Iranian-17,dft,label_shuffled,4,1059083859,False,0.871,2,11,0.53,-2.3175,6,0.4544,0.2064,0.84908,0.6115,0.7598,0.0669,0.5344
iran_dang7_nodiss7,Iranian-17,dft,label_shuffled,4,1059083859,False,0.871,3,6,0.7175,-1.1155,6,0.4352,0.3482,0.06497,0.5996,0.7258,0.353,0.4313
iran_dang7_nodiss7,Iranian-17,dft,none,4,2018175274,False,0.9839,0,12,0.9813,3.1416,12,0.9813,0.5969,0.001,0.6077,0.7461,0.0674,0.475
iran_dang7_nodiss7,Iranian-17,dft,none,4,2018175274,False,0.9839,1,12,0.8461,3.1416,12,0.8461,0.4549,0.004,0.6059,0.737,0.3031,0.4994
iran_dang7_nodiss7,Iranian-17,dft,none,4,2018175274,False,0.9839,2,3,0.9416,1.6459,9,0.2139,0.6082,0.0005,0.6055,0.744,0.2048,0.4883
iran_dang7_nodiss7,Iranian-17,dft,none,4,2018175274,False,0.9839,3,4,0.6196,1.3813,3,0.3073,0.268,0.36082,0.6017,0.741,0.2559,0.5155
iran_dang7_nodiss7,Iranian-17,dft,input_shuffled,4,2018175274,False,0.9355,0,12,0.9698,3.1416,12,0.9698,0.5902,0.0005,0.6086,0.7503,0.0909,0.4664
iran_dang7_nodiss7,Iranian-17,dft,input_shuffled,4,2018175274,False,0.9355,1,12,0.6083,3.1416,12,0.6083,0.2428,0.41279,0.6,0.7392,0.3556,0.4819
iran_dang7_nodiss7,Iranian-17,dft,input_shuffled,4,2018175274,False,0.9355,2,6,0.926,0.5027,6,0.8733,0.7564,0.0005,0.6156,0.7592,0.0811,0.4936
iran_dang7_nodiss7,Iranian-17,dft,input_shuffled,4,2018175274,False,0.9355,3,2,0.7181,3.005,2,0.7122,0.376,0.06947,0.6002,0.7337,0.009,0.446
iran_dang7_nodiss7,Iranian-17,dft,label_shuffled,4,2018175274,False,0.9355,0,6,0.6911,-1.9428,6,0.3591,0.318,0.15342,0.6079,0.7559,0.2965,0.4913
iran_dang7_nodiss7,Iranian-17,dft,label_shuffled,4,2018175274,False,0.9355,1,4,0.5058,0.2336,4,0.4903,0.182,0.91554,0.5985,0.7266,0.2291,0.4865
iran_dang7_nodiss7,Iranian-17,dft,label_shuffled,4,2018175274,False,0.9355,2,10,0.5653,0.1207,10,0.5616,0.2259,0.65517,0.6037,0.7402,0.3463,0.471
iran_dang7_nodiss7,Iranian-17,dft,label_shuffled,4,2018175274,False,0.9355,3,3,0.6973,0.566,3,0.5826,0.3417,0.09945,0.5964,0.727,0.1162,0.4892
iran_dang7_nodiss7,Iranian-17,dft,none,4,270003155,False,0.9677,0,12,0.8666,-0.0,12,0.8666,0.4781,0.004,0.6147,0.765,0.2093,0.4533
iran_dang7_nodiss7,Iranian-17,dft,none,4,270003155,False,0.9677,1,12,0.9454,3.1416,12,0.9454,0.5635,0.001,0.6062,0.7423,0.0555,0.4503
iran_dang7_nodiss7,Iranian-17,dft,none,4,270003155,False,0.9677,2,3,0.9584,1.7643,3,0.2341,0.65,0.0005,0.6062,0.749,0.1786,0.4844
iran_dang7_nodiss7,Iranian-17,dft,none,4,270003155,False,0.9677,3,10,0.499,1.5632,6,0.2919,0.1691,0.93953,0.5996,0.728,0.4077,0.5337
iran_dang7_nodiss7,Iranian-17,dft,input_shuffled,4,270003155,False,0.9677,0,12,0.8525,-0.0,12,0.8525,0.4655,0.0025,0.6039,0.7343,0.0736,0.4897
iran_dang7_nodiss7,Iranian-17,dft,input_shuffled,4,270003155,False,0.9677,1,12,0.9783,-0.0,12,0.9783,0.595,0.0005,0.6079,0.7497,0.131,0.4602
iran_dang7_nodiss7,Iranian-17,dft,input_shuffled,4,270003155,False,0.9677,2,3,0.6408,-2.4953,3,0.5038,0.2796,0.28536,0.6021,0.7401,0.1818,0.4851
iran_dang7_nodiss7,Iranian-17,dft,input_shuffled,4,270003155,False,0.9677,3,6,0.7561,2.217,6,0.5759,0.4136,0.04048,0.6072,0.7475,0.0223,0.5055
iran_dang7_nodiss7,Iranian-17,dft,label_shuffled,4,270003155,False,0.9355,0,2,0.6246,0.5486,2,0.5417,0.2878,0.30235,0.5923,0.7205,0.0511,0.4751
iran_dang7_nodiss7,Iranian-17,dft,label_shuffled,4,270003155,False,0.9355,1,6,0.6412,2.4908,6,0.5761,0.3119,0.27686,0.6026,0.7384,0.1631,0.4038
iran_dang7_nodiss7,Iranian-17,dft,label_shuffled,4,270003155,False,0.9355,2,2,0.7048,0.6797,2,0.5613,0.3476,0.12594,0.6091,0.7578,0.09,0.5118
iran_dang7_nodiss7,Iranian-17,dft,label_shuffled,4,270003155,False,0.9355,3,9,0.5234,-1.8348,6,0.4761,0.2052,0.87506,0.6093,0.7484,0.3552,0.4868
iran_dang7_nodiss7,Iranian-17,dft,none,4,1966308872,False,0.9677,0,6,0.8992,-2.3702,6,0.7628,0.6352,0.001,0.6124,0.7605,0.018,0.4909
iran_dang7_nodiss7,Iranian-17,dft,none,4,1966308872,False,0.9677,1,12,0.9673,-0.0,12,0.9673,0.5809,0.0015,0.6053,0.7444,0.0293,0.4292
iran_dang7_nodiss7,Iranian-17,dft,none,4,1966308872,False,0.9677,2,12,0.7894,-0.0,12,0.7894,0.4021,0.03498,0.6147,0.7653,0.3236,0.5044
iran_dang7_nodiss7,Iranian-17,dft,none,4,1966308872,False,0.9677,3,4,0.5719,-1.0875,2,0.358,0.2231,0.6072,0.6006,0.7437,0.1668,0.4451
iran_dang7_nodiss7,Iranian-17,dft,input_shuffled,4,1966308872,False,0.8871,0,7,0.8535,-0.7914,12,0.7194,0.474,0.0025,0.6094,0.7547,0.1129,0.4475
iran_dang7_nodiss7,Iranian-17,dft,input_shuffled,4,1966308872,False,0.8871,1,12,0.933,-0.0,12,0.933,0.5493,0.0005,0.6101,0.7519,0.1106,0.4561
iran_dang7_nodiss7,Iranian-17,dft,input_shuffled,4,1966308872,False,0.8871,2,5,0.7349,1.2573,12,0.6547,0.3514,0.05947,0.6048,0.7445,0.4022,0.4756
iran_dang7_nodiss7,Iranian-17,dft,input_shuffled,4,1966308872,False,0.8871,3,6,0.7115,-0.3408,6,0.6938,0.4102,0.09545,0.6048,0.7418,0.1605,0.5016
iran_dang7_nodiss7,Iranian-17,dft,label_shuffled,4,1966308872,False,0.9032,0,3,0.6145,0.7642,7,0.4663,0.2589,0.31834,0.5883,0.708,0.2865,0.4137
iran_dang7_nodiss7,Iranian-17,dft,label_shuffled,4,1966308872,False,0.9032,1,3,0.491,-0.5656,3,0.4187,0.1732,0.95552,0.5977,0.7271,0.0299,0.4879
iran_dang7_nodiss7,Iranian-17,dft,label_shuffled,4,1966308872,False,0.9032,2,8,0.6103,-1.5172,3,0.4984,0.2676,0.37231,0.5923,0.721,0.2609,0.5012
iran_dang7_nodiss7,Iranian-17,dft,label_shuffled,4,1966308872,False,0.9032,3,2,0.5804,0.5748,2,0.4959,0.2254,0.57921,0.6036,0.7404,0.0674,0.5046
west_interval_separate,Western-12,dft,none,7,981311773,False,0.9744,0,4,0.8222,-0.0752,4,0.8199,0.676,0.05397,0.6567,0.8252,0.162,0.6081
west_interval_separate,Western-12,dft,none,7,981311773,False,0.9744,1,3,0.9146,-2.1966,3,0.5357,0.8365,0.0055,0.6589,0.8508,0.1759,0.5327
west_interval_separate,Western-12,dft,none,7,981311773,False,0.9744,2,1,0.9721,1.1203,1,0.4233,0.945,0.0005,0.6615,0.8375,0.7906,0.6163
west_interval_separate,Western-12,dft,none,7,981311773,False,0.9744,3,6,0.9819,-0.0,6,0.9819,0.9642,0.008,0.6748,0.8455,0.2202,0.5704
west_interval_separate,Western-12,dft,none,7,981311773,False,0.9744,4,2,0.8602,-2.1989,2,0.5054,0.7399,0.02549,0.6601,0.8231,0.377,0.5583
west_interval_separate,Western-12,dft,none,7,981311773,False,0.9744,5,1,0.9296,-0.2203,1,0.9071,0.8641,0.0015,0.6555,0.8216,0.0486,0.5428
west_interval_separate,Western-12,dft,none,7,981311773,False,0.9744,6,1,0.9262,3.1107,1,0.9258,0.8579,0.002,0.658,0.8272,0.1388,0.5592
west_interval_separate,Western-12,dft,input_shuffled,7,981311773,False,0.9487,0,4,0.7889,3.0718,4,0.787,0.6224,0.09095,0.6571,0.824,0.0419,0.5723
west_interval_separate,Western-12,dft,input_shuffled,7,981311773,False,0.9487,1,2,0.924,-1.4087,1,0.1578,0.8538,0.0025,0.6637,0.8311,0.2977,0.5368
west_interval_separate,Western-12,dft,input_shuffled,7,981311773,False,0.9487,2,4,0.7336,-2.3758,4,0.5288,0.5382,0.1949,0.6557,0.8287,0.2111,0.5365
west_interval_separate,Western-12,dft,input_shuffled,7,981311773,False,0.9487,3,3,0.9824,0.865,3,0.6372,0.9652,0.0015,0.6743,0.8447,0.3119,0.5917
west_interval_separate,Western-12,dft,input_shuffled,7,981311773,False,0.9487,4,1,0.9672,-1.4688,5,0.1388,0.9355,0.0015,0.6596,0.8349,0.7831,0.6116
west_interval_separate,Western-12,dft,input_shuffled,7,981311773,False,0.9487,5,6,0.9869,-0.0,6,0.9869,0.9739,0.004,0.6814,0.8593,0.1335,0.5847
west_interval_separate,Western-12,dft,input_shuffled,7,981311773,False,0.9487,6,1,0.8573,2.9923,1,0.8477,0.7349,0.03048,0.6546,0.8245,0.0083,0.5617
west_interval_separate,Western-12,dft,label_shuffled,7,981311773,False,0.8462,0,3,0.6612,-1.9343,5,0.5089,0.4372,0.3933,0.6484,0.8099,0.2622,0.5533
west_interval_separate,Western-12,dft,label_shuffled,7,981311773,False,0.8462,1,3,0.6582,-2.4752,3,0.5174,0.4333,0.3928,0.645,0.7944,0.2824,0.5362
west_interval_separate,Western-12,dft,label_shuffled,7,981311773,False,0.8462,2,5,0.6069,0.8212,1,0.4965,0.3683,0.64468,0.6388,0.7673,0.0806,0.5424
west_interval_separate,Western-12,dft,label_shuffled,7,981311773,False,0.8462,3,3,0.675,-3.036,3,0.6713,0.4557,0.36382,0.6512,0.8082,0.139,0.5244
west_interval_separate,Western-12,dft,label_shuffled,7,981311773,False,0.8462,4,3,0.6991,-0.5366,3,0.6008,0.4887,0.26487,0.6489,0.8024,0.4692,0.5769
west_interval_separate,Western-12,dft,label_shuffled,7,981311773,False,0.8462,5,6,0.6753,3.1416,6,0.6753,0.456,0.35582,0.654,0.8311,0.2222,0.5651
west_interval_separate,Western-12,dft,label_shuffled,7,981311773,False,0.8462,6,2,0.7261,-2.6055,2,0.6243,0.5273,0.22489,0.6596,0.8379,0.3189,0.5569
west_interval_separate,Western-12,dft,none,7,1009712503,False,0.7821,0,2,0.6985,2.3376,1,0.5577,0.488,0.32584,0.6583,0.8199,0.2328,0.5972
west_interval_separate,Western-12,dft,none,7,1009712503,False,0.7821,1,3,0.8608,-0.4246,3,0.7843,0.7409,0.04148,0.6685,0.8486,0.0299,0.5747
west_interval_separate,Western-12,dft,none,7,1009712503,False,0.7821,2,1,0.922,-2.249,1,0.5784,0.85,0.0095,0.6649,0.8411,0.8014,0.6118
west_interval_separate,Western-12,dft,none,7,1009712503,False,0.7821,3,1,0.7069,-0.3799,1,0.6565,0.4997,0.28486,0.6602,0.805,0.2573,0.5639
west_interval_separate,Western-12,dft,none,7,1009712503,False,0.7821,4,1,0.7579,-3.1357,1,0.7579,0.5744,0.12194,0.6512,0.8046,0.39,0.5744
west_interval_separate,Western-12,dft,none,7,1009712503,False,0.7821,5,4,0.6593,-2.0641,6,0.3991,0.4347,0.46977,0.6625,0.8323,0.2547,0.6376
west_interval_separate,Western-12,dft,none,7,1009712503,False,0.7821,6,2,0.7448,-0.3634,2,0.6962,0.5547,0.16042,0.6533,0.8016,0.044,0.5919
west_interval_separate,Western-12,dft,input_shuffled,7,1009712503,False,0.9231,0,1,0.9253,2.8235,1,0.8789,0.8562,0.0005,0.6395,0.7766,0.0331,0.5677
west_interval_separate,Western-12,dft,input_shuffled,7,1009712503,False,0.9231,1,1,0.9455,-1.9533,1,0.353,0.8941,0.004,0.6651,0.8438,0.8618,0.6166
west_interval_separate,Western-12,dft,input_shuffled,7,1009712503,False,0.9231,2,5,0.9402,-1.2971,5,0.2541,0.8839,0.002,0.6594,0.831,0.0378,0.5972
west_interval_separate,Western-12,dft,input_shuffled,7,1009712503,False,0.9231,3,1,0.9402,2.6367,1,0.8229,0.8841,0.0015,0.6514,0.8125,0.2919,0.5632
west_interval_separate,Western-12,dft,input_shuffled,7,1009712503,False,0.9231,4,3,0.7386,2.0347,3,0.3305,0.5455,0.1994,0.6565,0.8213,0.0667,0.5857
west_interval_separate,Western-12,dft,input_shuffled,7,1009712503,False,0.9231,5,2,0.6934,1.403,4,0.3175,0.4808,0.36082,0.6665,0.8418,0.0781,0.5651
west_interval_separate,Western-12,dft,input_shuffled,7,1009712503,False,0.9231,6,2,0.7523,-0.8052,2,0.5213,0.566,0.17841,0.6604,0.8422,0.153,0.5705
west_interval_separate,Western-12,dft,label_shuffled,7,1009712503,False,0.8333,0,2,0.57,3.0624,2,0.5682,0.3249,0.70715,0.6072,0.7144,0.2202,0.5911
west_interval_separate,Western-12,dft,label_shuffled,7,1009712503,False,0.8333,1,1,0.7153,-1.4065,5,0.2056,0.5116,0.22089,0.6487,0.8093,0.5629,0.5617
west_interval_separate,Western-12,dft,label_shuffled,7,1009712503,False,0.8333,2,1,0.8391,-2.7503,1,0.7757,0.704,0.02999,0.6516,0.821,0.4451,0.5345
west_interval_separate,Western-12,dft,label_shuffled,7,1009712503,False,0.8333,3,2,0.6447,2.9197,2,0.6289,0.4157,0.17091,0.59,0.6892,0.5222,0.5805
west_interval_separate,Western-12,dft,label_shuffled,7,1009712503,False,0.8333,4,1,0.5761,-1.1474,4,0.3281,0.3319,0.77811,0.6476,0.8104,0.0917,0.5364
west_interval_separate,Western-12,dft,label_shuffled,7,1009712503,False,0.8333,5,3,0.7143,1.3397,2,0.3162,0.5103,0.26387,0.6583,0.8272,0.2731,0.5651
west_interval_separate,Western-12,dft,label_shuffled,7,1009712503,False,0.8333,6,3,0.534,-0.2579,3,0.5164,0.2852,0.92004,0.6495,0.8169,0.3955,0.527
west_interval_separate,Western-12,dft,none,7,219117269,False,0.9615,0,5,0.9679,-1.5444,4,0.1604,0.9369,0.0005,0.6595,0.8441,0.0513,0.5995
west_interval_separate,Western-12,dft,none,7,219117269,False,0.9615,1,6,0.9638,-0.0,6,0.9638,0.9289,0.004,0.673,0.8375,0.0874,0.5225
west_interval_separate,Western-12,dft,none,7,219117269,False,0.9615,2,1,0.9467,1.2336,1,0.3132,0.8962,0.0005,0.6616,0.8352,0.7826,0.5432
west_interval_separate,Western-12,dft,none,7,219117269,False,0.9615,3,1,0.9056,3.1411,1,0.9056,0.8201,0.002,0.6549,0.8228,0.1747,0.582
west_interval_separate,Western-12,dft,none,7,219117269,False,0.9615,4,1,0.8651,-0.3529,1,0.8118,0.7484,0.01799,0.6622,0.8276,0.1088,0.5151
west_interval_separate,Western-12,dft,none,7,219117269,False,0.9615,5,1,0.9075,-0.0293,1,0.9071,0.8236,0.008,0.6635,0.8501,0.0118,0.5236
west_interval_separate,Western-12,dft,none,7,219117269,False,0.9615,6,2,0.8907,2.8281,2,0.8473,0.7934,0.0035,0.6565,0.8153,0.1675,0.5956
west_interval_separate,Western-12,dft,input_shuffled,7,219117269,False,0.9487,0,6,0.9795,-0.0,6,0.9795,0.9595,0.0045,0.6772,0.848,0.1904,0.5564
west_interval_separate,Western-12,dft,input_shuffled,7,219117269,False,0.9487,1,4,0.8835,-1.0285,4,0.456,0.7806,0.01399,0.6605,0.8294,0.0494,0.5812
west_interval_separate,Western-12,dft,input_shuffled,7,219117269,False,0.9487,2,1,0.7714,-0.6212,1,0.6273,0.5951,0.10595,0.656,0.8345,0.0673,0.5766
west_interval_separate,Western-12,dft,input_shuffled,7,219117269,False,0.9487,3,1,0.934,-0.218,1,0.9119,0.8724,0.005,0.6639,0.8269,0.0225,0.5809
west_interval_separate,Western-12,dft,input_shuffled,7,219117269,False,0.9487,4,1,0.8075,2.8854,1,0.7811,0.652,0.02299,0.6382,0.7737,0.1501,0.5042
west_interval_separate,Western-12,dft,input_shuffled,7,219117269,False,0.9487,5,1,0.9753,1.0256,1,0.5057,0.9511,0.0005,0.6623,0.8349,0.7799,0.5515
west_interval_separate,Western-12,dft,input_shuffled,7,219117269,False,0.9487,6,3,0.9436,-0.6868,3,0.7296,0.8903,0.003,0.6644,0.8437,0.0001,0.6009
west_interval_separate,Western-12,dft,label_shuffled,7,219117269,False,0.7949,0,5,0.6156,-1.2605,6,0.4909,0.379,0.62119,0.6604,0.8413,0.1123,0.5576
west_interval_separate,Western-12,dft,label_shuffled,7,219117269,False,0.7949,1,3,0.7039,-1.2037,3,0.2526,0.4955,0.22539,0.6436,0.7917,0.3275,0.5952
west_interval_separate,Western-12,dft,label_shuffled,7,219117269,False,0.7949,2,1,0.5724,0.5613,1,0.4846,0.3277,0.78711,0.6383,0.7837,0.1646,0.5673
west_interval_separate,Western-12,dft,label_shuffled,7,219117269,False,0.7949,3,2,0.7569,-0.9025,2,0.469,0.5728,0.14743,0.6547,0.8274,0.2529,0.5683
west_interval_separate,Western-12,dft,label_shuffled,7,219117269,False,0.7949,4,1,0.7485,3.0866,1,0.7473,0.5602,0.14893,0.6541,0.8199,0.0208,0.5687
west_interval_separate,Western-12,dft,label_shuffled,7,219117269,False,0.7949,5,1,0.6066,0.4385,1,0.5492,0.3679,0.64918,0.6487,0.8134,0.1838,0.5589
west_interval_separate,Western-12,dft,label_shuffled,7,219117269,False,0.7949,6,6,0.5938,-0.0,6,0.5938,0.3526,0.71314,0.6514,0.8126,0.0247,0.6195
west_interval_separate,Western-12,dft,none,7,1771575798,True,1.0,0,1,0.7668,-2.5319,1,0.6286,0.5879,0.05947,0.6309,0.7761,0.6454,0.5766
west_interval_separate,Western-12,dft,none,7,1771575798,True,1.0,1,6,0.9819,-0.0,6,0.9819,0.9642,0.0075,0.6782,0.8544,0.1494,0.5587
west_interval_separate,Western-12,dft,none,7,1771575798,True,1.0,2,4,0.6734,-1.8718,5,0.4149,0.4534,0.38481,0.6558,0.8193,0.1792,0.6083
west_interval_separate,Western-12,dft,none,7,1771575798,True,1.0,3,5,0.9931,1.7942,5,0.22,0.9862,0.0005,0.6616,0.8269,0.0808,0.5395
west_interval_separate,Western-12,dft,none,7,1771575798,True,1.0,4,1,0.96,0.356,1,0.8998,0.9216,0.0005,0.6545,0.8216,0.5514,0.6516
west_interval_separate,Western-12,dft,none,7,1771575798,True,1.0,5,2,0.9434,0.614,2,0.771,0.8899,0.001,0.6578,0.8281,0.3695,0.5446
west_interval_separate,Western-12,dft,none,7,1771575798,True,1.0,6,1,0.9016,-0.3679,1,0.8413,0.8129,0.0065,0.6546,0.8274,0.0401,0.5616
west_interval_separate,Western-12,dft,input_shuffled,7,1771575798,False,0.9487,0,3,0.6892,0.692,3,0.5306,0.4749,0.34633,0.66,0.8301,0.3898,0.6259
west_interval_separate,Western-12,dft,input_shuffled,7,1771575798,False,0.9487,1,6,0.9635,3.1416,6,0.9635,0.9283,0.009,0.6728,0.8547,0.1072,0.6012
west_interval_separate,Western-12,dft,input_shuffled,7,1771575798,False,0.9487,2,4,0.6627,-1.3041,2,0.3243,0.4391,0.44778,0.6616,0.8226,0.0495,0.5427
west_interval_separate,Western-12,dft,input_shuffled,7,1771575798,False,0.9487,3,2,0.9462,-2.4642,2,0.7373,0.8952,0.0015,0.6661,0.8369,0.4241,0.594
west_interval_separate,Western-12,dft,input_shuffled,7,1771575798,False,0.9487,4,1,0.9354,-0.065,1,0.9334,0.875,0.001,0.6557,0.8218,0.2785,0.5658
west_interval_separate,Western-12,dft,input_shuffled,7,1771575798,False,0.9487,5,5,0.666,0.146,5,0.6589,0.4436,0.41929,0.6583,0.8202,0.0274,0.5794
west_interval_separate,Western-12,dft,input_shuffled,7,1771575798,False,0.9487,6,1,0.9757,1.2828,1,0.2772,0.952,0.001,0.6645,0.8428,0.7925,0.5378
west_interval_separate,Western-12,dft,label_shuffled,7,1771575798,False,0.8333,0,2,0.566,-2.3252,1,0.472,0.3203,0.84058,0.6618,0.8327,0.0925,0.5378
west_interval_separate,Western-12,dft,label_shuffled,7,1771575798,False,0.8333,1,2,0.7436,0.7995,2,0.5184,0.5529,0.03998,0.6112,0.7366,0.1808,0.544
west_interval_separate,Western-12,dft,label_shuffled,7,1771575798,False,0.8333,2,4,0.8362,-1.9445,6,0.3932,0.6993,0.0095,0.6377,0.7753,0.2237,0.5845
west_interval_separate,Western-12,dft,label_shuffled,7,1771575798,False,0.8333,3,1,0.6486,0.7193,1,0.4879,0.4207,0.45777,0.6528,0.8255,0.2212,0.5563
west_interval_separate,Western-12,dft,label_shuffled,7,1771575798,False,0.8333,4,1,0.7903,2.3912,1,0.5781,0.6246,0.05247,0.6443,0.7924,0.3446,0.5375
west_interval_separate,Western-12,dft,label_shuffled,7,1771575798,False,0.8333,5,3,0.607,1.8998,6,0.5638,0.3685,0.68116,0.6603,0.8311,0.058,0.6107
west_interval_separate,Western-12,dft,label_shuffled,7,1771575798,False,0.8333,6,5,0.8716,-2.7351,5,0.8006,0.7597,0.01,0.6505,0.802,0.0608,0.5855
west_interval_separate,Western-12,dft,none,7,783551905,False,0.9615,0,6,0.9839,-0.0,6,0.9839,0.9682,0.0045,0.6768,0.8318,0.0931,0.6036
west_interval_separate,Western-12,dft,none,7,783551905,False,0.9615,1,1,0.9449,-0.1927,1,0.9274,0.8929,0.0025,0.6626,0.8339,0.084,0.5518
west_interval_separate,Western-12,dft,none,7,783551905,False,0.9615,2,1,0.9767,1.2687,1,0.2906,0.9539,0.0005,0.6575,0.8269,0.7827,0.586
west_interval_separate,Western-12,dft,none,7,783551905,False,0.9615,3,2,0.898,-2.2117,2,0.5369,0.8064,0.01749,0.6625,0.8633,0.2245,0.5647
west_interval_separate,Western-12,dft,none,7,783551905,False,0.9615,4,3,0.9001,-2.3328,3,0.6214,0.8101,0.008,0.6633,0.8481,0.1784,0.5905
west_interval_separate,Western-12,dft,none,7,783551905,False,0.9615,5,5,0.684,-2.6274,5,0.5956,0.4679,0.34683,0.6588,0.8163,0.048,0.5747
west_interval_separate,Western-12,dft,none,7,783551905,False,0.9615,6,1,0.8451,2.8384,1,0.8066,0.7142,0.04848,0.6621,0.8432,0.0262,0.5969
west_interval_separate,Western-12,dft,input_shuffled,7,783551905,False,0.9615,0,1,0.8823,2.864,1,0.8485,0.7784,0.02799,0.6642,0.8437,0.009,0.6036
west_interval_separate,Western-12,dft,input_shuffled,7,783551905,False,0.9615,1,6,0.9836,3.1416,6,0.9836,0.9674,0.007,0.6764,0.8386,0.1317,0.5792
west_interval_separate,Western-12,dft,input_shuffled,7,783551905,False,0.9615,2,4,0.8171,0.0899,4,0.8138,0.6677,0.06947,0.6588,0.8347,0.0932,0.5908
west_interval_separate,Western-12,dft,input_shuffled,7,783551905,False,0.9615,3,1,0.9473,2.8892,1,0.9172,0.8973,0.001,0.6583,0.8292,0.0057,0.5724
west_interval_separate,Western-12,dft,input_shuffled,7,783551905,False,0.9615,4,1,0.9358,-1.8366,6,0.2603,0.8756,0.0035,0.6646,0.8411,0.8589,0.5579
west_interval_separate,Western-12,dft,input_shuffled,7,783551905,False,0.9615,5,2,0.8975,1.0487,2,0.4476,0.8056,0.01099,0.6603,0.8478,0.2844,0.5671
west_interval_separate,Western-12,dft,input_shuffled,7,783551905,False,0.9615,6,3,0.5902,2.4712,1,0.5582,0.3483,0.73963,0.6597,0.841,0.0292,0.581
west_interval_separate,Western-12,dft,label_shuffled,7,783551905,False,0.8333,0,5,0.4933,-0.8687,3,0.455,0.2434,0.9905,0.6573,0.8196,0.2392,0.5396
west_interval_separate,Western-12,dft,label_shuffled,7,783551905,False,0.8333,1,3,0.5813,-0.1552,3,0.5743,0.3379,0.78511,0.6443,0.7796,0.2194,0.5679
west_interval_separate,Western-12,dft,label_shuffled,7,783551905,False,0.8333,2,1,0.7115,0.0624,1,0.7101,0.5062,0.24388,0.6528,0.8049,0.1384,0.6023
west_interval_separate,Western-12,dft,label_shuffled,7,783551905,False,0.8333,3,5,0.7349,2.96,5,0.7228,0.5401,0.23288,0.6627,0.8437,0.2829,0.5593
west_interval_separate,Western-12,dft,label_shuffled,7,783551905,False,0.8333,4,3,0.5892,-2.0048,2,0.3693,0.3472,0.76762,0.6635,0.8349,0.5849,0.607
west_interval_separate,Western-12,dft,label_shuffled,7,783551905,False,0.8333,5,4,0.6738,1.8819,2,0.3556,0.454,0.36482,0.6477,0.7858,0.006,0.5901
west_interval_separate,Western-12,dft,label_shuffled,7,783551905,False,0.8333,6,3,0.6174,2.8073,3,0.5832,0.3811,0.6042,0.6475,0.8017,0.2477,0.5475
west_interval_separate,Western-12,dft,none,7,2142779710,False,0.859,0,3,0.8169,1.1525,3,0.3318,0.6674,0.06797,0.6582,0.8376,0.1912,0.5356
west_interval_separate,Western-12,dft,none,7,2142779710,False,0.859,1,4,0.6361,0.1922,4,0.6244,0.4046,0.53223,0.6496,0.8043,0.0014,0.5364
west_interval_separate,Western-12,dft,none,7,2142779710,False,0.859,2,1,0.9481,-0.6582,1,0.7501,0.8989,0.0005,0.6594,0.8273,0.2562,0.5545
west_interval_separate,Western-12,dft,none,7,2142779710,False,0.859,3,4,0.903,-3.0828,4,0.9014,0.8154,0.01049,0.6592,0.8282,0.2213,0.5514
west_interval_separate,Western-12,dft,none,7,2142779710,False,0.859,4,2,0.7946,2.2461,2,0.4968,0.6314,0.05847,0.6508,0.8005,0.1528,0.519
west_interval_separate,Western-12,dft,none,7,2142779710,False,0.859,5,1,0.9901,-3.1385,1,0.9901,0.9804,0.0005,0.6611,0.8561,0.1815,0.5777
west_interval_separate,Western-12,dft,none,7,2142779710,False,0.859,6,1,0.8855,-3.1349,1,0.8855,0.7842,0.02549,0.6604,0.8497,0.1081,0.5628
west_interval_separate,Western-12,dft,input_shuffled,7,2142779710,False,0.9872,0,6,0.9864,-0.0,6,0.9864,0.973,0.0075,0.6765,0.8347,0.2183,0.5303
west_interval_separate,Western-12,dft,input_shuffled,7,2142779710,False,0.9872,1,4,0.8034,-2.1993,4,0.4724,0.6455,0.08946,0.6637,0.8434,0.1282,0.5732
west_interval_separate,Western-12,dft,input_shuffled,7,2142779710,False,0.9872,2,4,0.9453,2.0608,4,0.4449,0.8936,0.0085,0.6633,0.8313,0.0327,0.5969
west_interval_separate,Western-12,dft,input_shuffled,7,2142779710,False,0.9872,3,1,0.8632,2.1701,1,0.4869,0.7451,0.01499,0.6567,0.8172,0.4528,0.5624
west_interval_separate,Western-12,dft,input_shuffled,7,2142779710,False,0.9872,4,1,0.8932,-1.9035,3,0.3646,0.7978,0.01449,0.6617,0.8598,0.8222,0.5554
west_interval_separate,Western-12,dft,input_shuffled,7,2142779710,False,0.9872,5,1,0.9411,2.8853,1,0.9103,0.8856,0.0005,0.6457,0.8058,0.0151,0.5755
west_interval_separate,Western-12,dft,input_shuffled,7,2142779710,False,0.9872,6,1,0.8869,2.9533,1,0.8713,0.7867,0.01549,0.6576,0.836,0.0487,0.5952
west_interval_separate,Western-12,dft,label_shuffled,7,2142779710,False,0.7821,0,4,0.5991,2.6637,4,0.5319,0.3589,0.71364,0.6553,0.8122,0.1559,0.5932
west_interval_separate,Western-12,dft,label_shuffled,7,2142779710,False,0.7821,1,3,0.8292,-2.8566,3,0.7958,0.6876,0.01599,0.6462,0.783,0.4873,0.6197
west_interval_separate,Western-12,dft,label_shuffled,7,2142779710,False,0.7821,2,3,0.6272,2.0166,1,0.5202,0.3934,0.46927,0.6246,0.7445,0.1962,0.5617
west_interval_separate,Western-12,dft,label_shuffled,7,2142779710,False,0.7821,3,2,0.5903,-1.9163,4,0.3368,0.3485,0.70665,0.6423,0.7885,0.5165,0.5712
west_interval_separate,Western-12,dft,label_shuffled,7,2142779710,False,0.7821,4,1,0.606,-0.8705,2,0.5779,0.3672,0.68116,0.655,0.8246,0.526,0.5416
west_interval_separate,Western-12,dft,label_shuffled,7,2142779710,False,0.7821,5,3,0.6919,-3.0872,3,0.6909,0.4788,0.28536,0.6462,0.7984,0.1126,0.5281
west_interval_separate,Western-12,dft,label_shuffled,7,2142779710,False,0.7821,6,2,0.6259,0.1112,2,0.622,0.3917,0.58221,0.6516,0.8048,0.0708,0.5651
west_interval_separate,Western-12,dft,none,7,347164697,False,0.8718,0,1,0.7841,-0.3101,1,0.7467,0.6149,0.07146,0.6512,0.7971,0.0918,0.5747
west_interval_separate,Western-12,dft,none,7,347164697,False,0.8718,1,4,0.7945,-1.9237,4,0.2746,0.6313,0.06847,0.6536,0.8099,0.0119,0.5543
west_interval_separate,Western-12,dft,none,7,347164697,False,0.8718,2,5,0.9171,-0.3388,5,0.865,0.841,0.005,0.663,0.8361,0.3385,0.5421
west_interval_separate,Western-12,dft,none,7,347164697,False,0.8718,3,2,0.7194,-0.6767,2,0.5608,0.5175,0.26537,0.662,0.8345,0.0457,0.6251
west_interval_separate,Western-12,dft,none,7,347164697,False,0.8718,4,1,0.9876,0.8449,1,0.6556,0.9754,0.0005,0.6612,0.8311,0.7146,0.5743
west_interval_separate,Western-12,dft,none,7,347164697,False,0.8718,5,2,0.6846,3.0242,2,0.6799,0.4686,0.27636,0.6408,0.7854,0.0689,0.5845
west_interval_separate,Western-12,dft,none,7,347164697,False,0.8718,6,2,0.7768,-0.8826,2,0.4934,0.6035,0.01349,0.6182,0.737,0.4952,0.5169
west_interval_separate,Western-12,dft,input_shuffled,7,347164697,False,0.8846,0,2,0.7313,-0.8389,1,0.5999,0.5348,0.22539,0.6585,0.8188,0.1406,0.615
west_interval_separate,Western-12,dft,input_shuffled,7,347164697,False,0.8846,1,4,0.8926,-1.1929,4,0.3293,0.7966,0.009,0.6543,0.8207,0.1557,0.5461
west_interval_separate,Western-12,dft,input_shuffled,7,347164697,False,0.8846,2,2,0.9457,-1.7284,6,0.166,0.8944,0.0005,0.6587,0.8231,0.4769,0.5877
west_interval_separate,Western-12,dft,input_shuffled,7,347164697,False,0.8846,3,5,0.8838,0.0815,5,0.8809,0.7812,0.01299,0.6589,0.8396,0.1687,0.5463
west_interval_separate,Western-12,dft,input_shuffled,7,347164697,False,0.8846,4,1,0.9202,-1.7647,5,0.2083,0.8467,0.003,0.6588,0.8297,0.7271,0.5593
west_interval_separate,Western-12,dft,input_shuffled,7,347164697,False,0.8846,5,1,0.807,-0.4387,1,0.7306,0.6513,0.04598,0.6538,0.8008,0.3104,0.5798
west_interval_separate,Western-12,dft,input_shuffled,7,347164697,False,0.8846,6,2,0.8587,-0.2006,2,0.8415,0.7374,0.01249,0.6516,0.8011,0.0049,0.6064
west_interval_separate,Western-12,dft,label_shuffled,7,347164697,False,0.8333,0,2,0.6911,0.186,2,0.6791,0.4776,0.12144,0.6036,0.7334,0.0301,0.5766
west_interval_separate,Western-12,dft,label_shuffled,7,347164697,False,0.8333,1,4,0.7471,-0.8825,4,0.4745,0.5581,0.14043,0.6481,0.8125,0.0527,0.6005
west_interval_separate,Western-12,dft,label_shuffled,7,347164697,False,0.8333,2,4,0.6311,0.8666,4,0.4086,0.3983,0.56372,0.6547,0.8156,0.5802,0.5855
west_interval_separate,Western-12,dft,label_shuffled,7,347164697,False,0.8333,3,3,0.6917,2.5414,3,0.5708,0.4784,0.32434,0.6574,0.8381,0.1946,0.5498
west_interval_separate,Western-12,dft,label_shuffled,7,347164697,False,0.8333,4,5,0.8233,-2.164,5,0.4603,0.6778,0.02499,0.6501,0.7935,0.1269,0.5253
west_interval_separate,Western-12,dft,label_shuffled,7,347164697,False,0.8333,5,1,0.8772,-2.0287,1,0.3878,0.7695,0.004,0.6479,0.7883,0.662,0.5638
west_interval_separate,Western-12,dft,label_shuffled,7,347164697,False,0.8333,6,6,0.6773,3.1416,6,0.6773,0.4588,0.35682,0.6491,0.7978,0.0021,0.5679
west_interval_separate,Western-12,dft,none,7,1707034853,False,0.9744,0,3,0.867,0.787,3,0.6121,0.7517,0.03298,0.6631,0.8455,0.256,0.5625
west_interval_separate,Western-12,dft,none,7,1707034853,False,0.9744,1,4,0.9623,-0.0558,4,0.9608,0.926,0.0045,0.6617,0.8107,0.3306,0.5753
west_interval_separate,Western-12,dft,none,7,1707034853,False,0.9744,2,1,0.599,-3.1314,1,0.5989,0.3588,0.66567,0.6398,0.7744,0.1588,0.6023
west_interval_separate,Western-12,dft,none,7,1707034853,False,0.9744,3,5,0.9436,0.2498,5,0.9143,0.8903,0.001,0.6622,0.8514,0.2279,0.5779
west_interval_separate,Western-12,dft,none,7,1707034853,False,0.9744,4,2,0.8519,-1.4021,6,0.2202,0.7257,0.04148,0.6575,0.8436,0.1997,0.5639
west_interval_separate,Western-12,dft,none,7,1707034853,False,0.9744,5,6,0.9639,-0.0,6,0.9639,0.9291,0.0095,0.6678,0.8449,0.0214,0.5503
west_interval_separate,Western-12,dft,none,7,1707034853,False,0.9744,6,1,0.9074,1.0092,1,0.4832,0.8233,0.01599,0.6729,0.8463,0.8289,0.5558
west_interval_separate,Western-12,dft,input_shuffled,7,1707034853,False,0.8846,0,3,0.6716,-3.0573,3,0.6692,0.4511,0.4063,0.6571,0.8237,0.161,0.5754
west_interval_separate,Western-12,dft,input_shuffled,7,1707034853,False,0.8846,1,4,0.8977,-2.9602,4,0.883,0.8059,0.0085,0.6623,0.84,0.2091,0.5399
west_interval_separate,Western-12,dft,input_shuffled,7,1707034853,False,0.8846,2,5,0.5974,-1.9235,1,0.474,0.3569,0.73413,0.6582,0.8185,0.0748,0.5271
west_interval_separate,Western-12,dft,input_shuffled,7,1707034853,False,0.8846,3,5,0.9759,1.7494,5,0.1734,0.9524,0.0005,0.6612,0.8378,0.0068,0.6129
west_interval_separate,Western-12,dft,input_shuffled,7,1707034853,False,0.8846,4,1,0.943,1.3461,1,0.2101,0.8893,0.0025,0.6616,0.8528,0.8739,0.524
west_interval_separate,Western-12,dft,input_shuffled,7,1707034853,False,0.8846,5,2,0.7361,-2.1912,2,0.428,0.5419,0.21489,0.6565,0.8267,0.0152,0.5377
west_interval_separate,Western-12,dft,input_shuffled,7,1707034853,False,0.8846,6,1,0.9713,-0.1004,1,0.9665,0.9435,0.0005,0.6608,0.8344,0.1422,0.5595
west_interval_separate,Western-12,dft,label_shuffled,7,1707034853,False,0.8333,0,5,0.7229,1.9009,3,0.508,0.5226,0.08596,0.6201,0.7458,0.1057,0.5764
west_interval_separate,Western-12,dft,label_shuffled,7,1707034853,False,0.8333,1,3,0.5076,2.0519,6,0.4247,0.2577,0.96502,0.6525,0.7973,0.0018,0.5783
west_interval_separate,Western-12,dft,label_shuffled,7,1707034853,False,0.8333,2,1,0.5488,1.7847,6,0.2848,0.3011,0.89005,0.648,0.8032,0.2594,0.6489
west_interval_separate,Western-12,dft,label_shuffled,7,1707034853,False,0.8333,3,4,0.522,3.0611,4,0.5203,0.2725,0.93453,0.6315,0.7793,0.1047,0.5559
west_interval_separate,Western-12,dft,label_shuffled,7,1707034853,False,0.8333,4,3,0.6548,-2.1762,4,0.4054,0.4287,0.48026,0.6578,0.8254,0.5174,0.5628
west_interval_separate,Western-12,dft,label_shuffled,7,1707034853,False,0.8333,5,4,0.5763,-1.5896,3,0.3831,0.3321,0.78611,0.6425,0.7799,0.0745,0.5654
west_interval_separate,Western-12,dft,label_shuffled,7,1707034853,False,0.8333,6,6,0.5671,3.1416,6,0.5671,0.3216,0.81909,0.6436,0.7877,0.1976,0.5601
west_interval_separate,Western-12,dft,none,7,1166496806,False,0.9231,0,3,0.7692,2.3166,3,0.5219,0.5916,0.14793,0.6596,0.8527,0.1035,0.5222
west_interval_separate,Western-12,dft,none,7,1166496806,False,0.9231,1,4,0.5221,-1.3424,1,0.4019,0.2726,0.94103,0.6267,0.7618,0.2692,0.594
west_interval_separate,Western-12,dft,none,7,1166496806,False,0.9231,2,5,0.894,-2.798,5,0.8418,0.7993,0.01399,0.6587,0.849,0.1873,0.579
west_interval_separate,Western-12,dft,none,7,1166496806,False,0.9231,3,1,0.9526,1.2704,1,0.2819,0.9075,0.0005,0.6676,0.8496,0.856,0.6154
west_interval_separate,Western-12,dft,none,7,1166496806,False,0.9231,4,1,0.6364,2.8459,1,0.6088,0.405,0.54873,0.6617,0.8501,0.0443,0.5794
west_interval_separate,Western-12,dft,none,7,1166496806,False,0.9231,5,1,0.7338,-0.25,1,0.711,0.5384,0.21189,0.6614,0.8257,0.0305,0.5742
west_interval_separate,Western-12,dft,none,7,1166496806,False,0.9231,6,1,0.902,-0.4149,1,0.8255,0.8136,0.01199,0.6636,0.8445,0.0718,0.5788
west_interval_separate,Western-12,dft,input_shuffled,7,1166496806,False,0.9744,0,4,0.9627,-2.0999,4,0.4859,0.9268,0.0055,0.662,0.8133,0.2534,0.6017
west_interval_separate,Western-12,dft,input_shuffled,7,1166496806,False,0.9744,1,5,0.904,0.5019,5,0.7924,0.8171,0.0035,0.6528,0.8315,0.288,0.5938
west_interval_separate,Western-12,dft,input_shuffled,7,1166496806,False,0.9744,2,1,0.9269,-0.5115,1,0.8083,0.8591,0.007,0.6578,0.8585,0.1426,0.5624
west_interval_separate,Western-12,dft,input_shuffled,7,1166496806,False,0.9744,3,1,0.9413,-1.9129,1,0.3158,0.886,0.002,0.6612,0.8577,0.8504,0.6106
west_interval_separate,Western-12,dft,input_shuffled,7,1166496806,False,0.9744,4,4,0.7119,1.0452,4,0.3571,0.5067,0.30835,0.6732,0.8519,0.1697,0.5903
west_interval_separate,Western-12,dft,input_shuffled,7,1166496806,False,0.9744,5,6,0.975,3.1416,6,0.975,0.9507,0.0035,0.6749,0.8541,0.1415,0.537
west_interval_separate,Western-12,dft,input_shuffled,7,1166496806,False,0.9744,6,4,0.7361,-0.3446,4,0.6929,0.5419,0.22939,0.6632,0.8462,0.1427,0.6209
west_interval_separate,Western-12,dft,label_shuffled,7,1166496806,False,0.8718,0,5,0.7605,1.1628,4,0.3746,0.5783,0.11994,0.6494,0.8123,0.2879,0.577
west_interval_separate,Western-12,dft,label_shuffled,7,1166496806,False,0.8718,1,3,0.6395,-2.1929,3,0.3727,0.4089,0.49475,0.6475,0.809,0.5199,0.5694
west_interval_separate,Western-12,dft,label_shuffled,7,1166496806,False,0.8718,2,1,0.6589,-1.7726,4,0.3233,0.4342,0.42229,0.6501,0.8135,0.6662,0.563
west_interval_separate,Western-12,dft,label_shuffled,7,1166496806,False,0.8718,3,2,0.6939,-1.4593,6,0.3767,0.4815,0.25287,0.6399,0.7761,0.1537,0.5727
west_interval_separate,Western-12,dft,label_shuffled,7,1166496806,False,0.8718,4,3,0.638,-3.0572,3,0.6358,0.4071,0.49125,0.6382,0.7689,0.3623,0.6012
west_interval_separate,Western-12,dft,label_shuffled,7,1166496806,False,0.8718,5,2,0.5918,-2.7829,2,0.5541,0.3502,0.72514,0.6476,0.8028,0.1088,0.5068
west_interval_separate,Western-12,dft,label_shuffled,7,1166496806,False,0.8718,6,5,0.5318,-2.9658,5,0.5236,0.2828,0.91804,0.6316,0.7672,0.1526,0.6132
west_interval_separate,Western-12,dft,none,7,1361150071,False,0.9231,0,1,0.6907,-1.1316,6,0.4618,0.4771,0.32734,0.6607,0.8485,0.4365,0.5961
west_interval_separate,Western-12,dft,none,7,1361150071,False,0.9231,1,1,0.8659,2.2866,1,0.5682,0.7497,0.01499,0.6555,0.8112,0.275,0.5274
west_interval_separate,Western-12,dft,none,7,1361150071,False,0.9231,2,4,0.877,-2.0122,4,0.3747,0.7692,0.01499,0.6563,0.828,0.0272,0.5606
west_interval_separate,Western-12,dft,none,7,1361150071,False,0.9231,3,1,0.9664,2.6422,1,0.8484,0.934,0.0005,0.6559,0.8334,0.1085,0.5168
west_interval_separate,Western-12,dft,none,7,1361150071,False,0.9231,4,2,0.9582,2.6001,2,0.8212,0.9182,0.001,0.6626,0.8311,0.0243,0.5707
west_interval_separate,Western-12,dft,none,7,1361150071,False,0.9231,5,5,0.9743,2.2834,5,0.637,0.9493,0.0005,0.6603,0.8508,0.1699,0.5562
west_interval_separate,Western-12,dft,none,7,1361150071,False,0.9231,6,1,0.9145,0.9852,1,0.5054,0.8363,0.01899,0.6673,0.8571,0.8191,0.5424
west_interval_separate,Western-12,dft,input_shuffled,7,1361150071,False,0.9744,0,1,0.7476,2.8882,1,0.7237,0.5589,0.1904,0.6701,0.8451,0.0273,0.634
west_interval_separate,Western-12,dft,input_shuffled,7,1361150071,False,0.9744,1,1,0.9769,2.9227,1,0.9536,0.9543,0.0005,0.6531,0.8095,0.0268,0.587
west_interval_separate,Western-12,dft,input_shuffled,7,1361150071,False,0.9744,2,3,0.8951,-2.3551,3,0.6323,0.8012,0.01449,0.6635,0.8409,0.2308,0.5626
west_interval_separate,Western-12,dft,input_shuffled,7,1361150071,False,0.9744,3,5,0.6026,-1.4423,1,0.5496,0.3631,0.68716,0.6618,0.827,0.0358,0.5879
west_interval_separate,Western-12,dft,input_shuffled,7,1361150071,False,0.9744,4,2,0.8025,1.7201,4,0.2298,0.644,0.11144,0.6612,0.8492,0.158,0.572
west_interval_separate,Western-12,dft,input_shuffled,7,1361150071,False,0.9744,5,6,0.9866,3.1416,6,0.9866,0.9734,0.0045,0.6776,0.8429,0.1449,0.5325
west_interval_separate,Western-12,dft,input_shuffled,7,1361150071,False,0.9744,6,1,0.9761,1.3287,1,0.234,0.9528,0.0005,0.6596,0.8409,0.8071,0.5775
west_interval_separate,Western-12,dft,label_shuffled,7,1361150071,False,0.8333,0,4,0.7059,2.0837,5,0.3805,0.4983,0.2009,0.6362,0.787,0.3883,0.5978
west_interval_separate,Western-12,dft,label_shuffled,7,1361150071,False,0.8333,1,5,0.5839,-3.0225,5,0.5797,0.3409,0.76212,0.6519,0.8137,0.1768,0.5265
west_interval_separate,Western-12,dft,label_shuffled,7,1361150071,False,0.8333,2,4,0.6266,-2.1903,2,0.5443,0.3927,0.55872,0.6481,0.7981,0.3744,0.5767
west_interval_separate,Western-12,dft,label_shuffled,7,1361150071,False,0.8333,3,5,0.6696,-0.5938,6,0.5683,0.4483,0.42279,0.6591,0.8143,0.1903,0.549
west_interval_separate,Western-12,dft,label_shuffled,7,1361150071,False,0.8333,4,2,0.8029,-1.5665,4,0.2897,0.6447,0.04398,0.6443,0.7958,0.297,0.5513
west_interval_separate,Western-12,dft,label_shuffled,7,1361150071,False,0.8333,5,4,0.6781,0.9973,5,0.3925,0.4598,0.3953,0.6603,0.8358,0.0813,0.5253
west_interval_separate,Western-12,dft,label_shuffled,7,1361150071,False,0.8333,6,1,0.5566,0.1394,1,0.5512,0.3098,0.86957,0.6489,0.8244,0.0339,0.5382
west_interval_separate,Western-12,dft,none,7,315343348,False,0.9744,0,6,0.9811,-0.0,6,0.9811,0.9626,0.005,0.6763,0.8537,0.1194,0.5855
west_interval_separate,Western-12,dft,none,7,315343348,False,0.9744,1,1,0.8791,-1.9437,1,0.3203,0.7729,0.004,0.6516,0.8013,0.4639,0.5676
west_interval_separate,Western-12,dft,none,7,315343348,False,0.9744,2,2,0.9115,-2.092,2,0.4538,0.8308,0.008,0.6652,0.8568,0.2429,0.5505
west_interval_separate,Western-12,dft,none,7,315343348,False,0.9744,3,1,0.9289,-0.2201,1,0.9065,0.8628,0.0085,0.6649,0.8347,0.0444,0.5717
west_interval_separate,Western-12,dft,none,7,315343348,False,0.9744,4,2,0.7895,-0.5656,2,0.6665,0.6232,0.10345,0.6613,0.8292,0.0288,0.5944
west_interval_separate,Western-12,dft,none,7,315343348,False,0.9744,5,1,0.7782,-1.4692,2,0.4524,0.6055,0.15042,0.6607,0.8529,0.7318,0.5604
west_interval_separate,Western-12,dft,none,7,315343348,False,0.9744,6,1,0.9156,2.9254,1,0.8942,0.8382,0.007,0.6634,0.8262,0.0019,0.5519
west_interval_separate,Western-12,dft,input_shuffled,7,315343348,False,0.9872,0,6,0.9857,-0.0,6,0.9857,0.9715,0.006,0.6779,0.8294,0.1396,0.527
west_interval_separate,Western-12,dft,input_shuffled,7,315343348,False,0.9872,1,2,0.9482,-1.7048,6,0.3014,0.8991,0.0025,0.6624,0.8392,0.383,0.5216
west_interval_separate,Western-12,dft,input_shuffled,7,315343348,False,0.9872,2,1,0.9726,-0.2259,1,0.9479,0.946,0.0005,0.663,0.8347,0.0117,0.5397
west_interval_separate,Western-12,dft,input_shuffled,7,315343348,False,0.9872,3,1,0.9321,0.2046,1,0.9127,0.8689,0.0005,0.6482,0.7998,0.3961,0.5589
west_interval_separate,Western-12,dft,input_shuffled,7,315343348,False,0.9872,4,1,0.6381,-0.274,1,0.6143,0.4072,0.54473,0.6583,0.8334,0.0737,0.6035
west_interval_separate,Western-12,dft,input_shuffled,7,315343348,False,0.9872,5,3,0.9638,2.2427,3,0.5999,0.9289,0.002,0.6688,0.8407,0.0486,0.5646
west_interval_separate,Western-12,dft,input_shuffled,7,315343348,False,0.9872,6,1,0.9321,1.5278,3,0.1598,0.8689,0.009,0.6694,0.8452,0.8179,0.5603
west_interval_separate,Western-12,dft,label_shuffled,7,315343348,False,0.859,0,5,0.7382,0.1367,5,0.7313,0.545,0.1989,0.6588,0.8509,0.0747,0.6086
west_interval_separate,Western-12,dft,label_shuffled,7,315343348,False,0.859,1,6,0.6434,3.1416,6,0.6434,0.414,0.51674,0.6577,0.8194,0.0381,0.5599
west_interval_separate,Western-12,dft,label_shuffled,7,315343348,False,0.859,2,4,0.6272,-1.7556,5,0.3782,0.3934,0.53823,0.6395,0.7765,0.1697,0.5679
west_interval_separate,Western-12,dft,label_shuffled,7,315343348,False,0.859,3,2,0.6618,0.7703,2,0.475,0.4379,0.44178,0.6582,0.823,0.4974,0.6289
west_interval_separate,Western-12,dft,label_shuffled,7,315343348,False,0.859,4,4,0.7797,2.7437,4,0.7188,0.6079,0.04098,0.6338,0.7758,0.2337,0.561
west_interval_separate,Western-12,dft,label_shuffled,7,315343348,False,0.859,5,4,0.573,-0.5727,1,0.493,0.3283,0.75112,0.6206,0.7334,0.0126,0.583
west_interval_separate,Western-12,dft,label_shuffled,7,315343348,False,0.859,6,5,0.725,1.7097,2,0.3745,0.5256,0.18691,0.6522,0.8094,0.1265,0.5482
west_interval_separate,Western-12,dft,none,7,1108173237,True,1.0,0,1,0.9061,1.6734,5,0.2261,0.821,0.01099,0.6662,0.8381,0.8103,0.5703
west_interval_separate,Western-12,dft,none,7,1108173237,True,1.0,1,4,0.9299,2.0908,4,0.462,0.8647,0.008,0.6652,0.8309,0.0005,0.5513
west_interval_separate,Western-12,dft,none,7,1108173237,True,1.0,2,2,0.7803,-2.0926,2,0.3889,0.6089,0.12594,0.6586,0.8247,0.3425,0.6022
west_interval_separate,Western-12,dft,none,7,1108173237,True,1.0,3,1,0.8538,-0.271,1,0.8226,0.7289,0.02049,0.6562,0.8152,0.006,0.6053
west_interval_separate,Western-12,dft,none,7,1108173237,True,1.0,4,6,0.984,-0.0,6,0.984,0.9684,0.007,0.678,0.8384,0.1107,0.5999
west_interval_separate,Western-12,dft,none,7,1108173237,True,1.0,5,3,0.7433,-0.804,1,0.5866,0.5525,0.12744,0.6448,0.7853,0.0038,0.6065
west_interval_separate,Western-12,dft,none,7,1108173237,True,1.0,6,2,0.7057,-0.5101,2,0.6159,0.4981,0.25837,0.6561,0.8176,0.0252,0.5507
west_interval_separate,Western-12,dft,input_shuffled,7,1108173237,False,0.9359,0,1,0.9767,3.1178,1,0.9765,0.954,0.0005,0.6598,0.8295,0.2244,0.5979
west_interval_separate,Western-12,dft,input_shuffled,7,1108173237,False,0.9359,1,3,0.924,2.2911,3,0.6095,0.8538,0.0055,0.6642,0.8367,0.0017,0.5671
west_interval_separate,Western-12,dft,input_shuffled,7,1108173237,False,0.9359,2,1,0.9506,-1.4953,5,0.2015,0.9037,0.0005,0.6657,0.8376,0.799,0.5842
west_interval_separate,Western-12,dft,input_shuffled,7,1108173237,False,0.9359,3,2,0.9486,1.5023,6,0.2709,0.8999,0.0015,0.6623,0.8373,0.3724,0.5631
west_interval_separate,Western-12,dft,input_shuffled,7,1108173237,False,0.9359,4,6,0.9841,-0.0,6,0.9841,0.9685,0.009,0.6795,0.8403,0.1436,0.5684
west_interval_separate,Western-12,dft,input_shuffled,7,1108173237,False,0.9359,5,4,0.7062,-1.5166,1,0.2748,0.4987,0.31234,0.6631,0.8332,0.1528,0.5303
west_interval_separate,Western-12,dft,input_shuffled,7,1108173237,False,0.9359,6,3,0.5998,0.4509,3,0.5398,0.3597,0.57621,0.6217,0.7529,0.2215,0.5871
west_interval_separate,Western-12,dft,label_shuffled,7,1108173237,False,0.8077,0,5,0.5638,2.4942,4,0.4514,0.3179,0.83108,0.6544,0.8202,0.2146,0.5443
west_interval_separate,Western-12,dft,label_shuffled,7,1108173237,False,0.8077,1,3,0.8417,-0.6099,3,0.69,0.7085,0.04548,0.6594,0.8371,0.055,0.5831
west_interval_separate,Western-12,dft,label_shuffled,7,1108173237,False,0.8077,2,2,0.632,-1.4926,3,0.288,0.3994,0.54973,0.654,0.8333,0.3192,0.557
west_interval_separate,Western-12,dft,label_shuffled,7,1108173237,False,0.8077,3,4,0.6563,1.3788,1,0.2825,0.4307,0.46577,0.6604,0.8379,0.0031,0.5877
west_interval_separate,Western-12,dft,label_shuffled,7,1108173237,False,0.8077,4,3,0.9146,0.1074,3,0.9093,0.8364,0.0015,0.6513,0.8034,0.2831,0.5645
west_interval_separate,Western-12,dft,label_shuffled,7,1108173237,False,0.8077,5,4,0.6122,2.5256,4,0.4997,0.3748,0.58671,0.6394,0.7888,0.4709,0.5955
west_interval_separate,Western-12,dft,label_shuffled,7,1108173237,False,0.8077,6,1,0.7069,0.2492,1,0.685,0.4997,0.21389,0.6421,0.7853,0.4437,0.5622
west_interval_separate,Western-12,dft,none,7,1521140573,False,0.9615,0,1,0.8932,2.9865,1,0.8824,0.7977,0.0025,0.6515,0.8138,0.0497,0.5972
west_interval_separate,Western-12,dft,none,7,1521140573,False,0.9615,1,4,0.7926,1.2359,1,0.3097,0.6282,0.02849,0.6295,0.7652,0.4266,0.5886
west_interval_separate,Western-12,dft,none,7,1521140573,False,0.9615,2,1,0.9488,-1.7147,3,0.2531,0.9002,0.0005,0.6571,0.8249,0.7529,0.5922
west_interval_separate,Western-12,dft,none,7,1521140573,False,0.9615,3,2,0.6702,1.669,5,0.411,0.4492,0.4078,0.662,0.8366,0.2919,0.6186
west_interval_separate,Western-12,dft,none,7,1521140573,False,0.9615,4,6,0.9749,3.1416,6,0.9749,0.9505,0.0035,0.6712,0.8322,0.0951,0.5851
west_interval_separate,Western-12,dft,none,7,1521140573,False,0.9615,5,5,0.8609,-1.0251,5,0.4468,0.7412,0.02049,0.656,0.8146,0.2725,0.5779
west_interval_separate,Western-12,dft,none,7,1521140573,False,0.9615,6,3,0.8279,-2.3496,3,0.5816,0.6854,0.05647,0.6593,0.8311,0.1093,0.5448
west_interval_separate,Western-12,dft,input_shuffled,7,1521140573,False,0.9231,0,1,0.7807,-0.2531,1,0.7558,0.6095,0.08146,0.6494,0.806,0.0101,0.5754
west_interval_separate,Western-12,dft,input_shuffled,7,1521140573,False,0.9231,1,5,0.9483,2.2503,5,0.5959,0.8993,0.0025,0.6625,0.8563,0.1456,0.6237
west_interval_separate,Western-12,dft,input_shuffled,7,1521140573,False,0.9231,2,1,0.9381,1.0138,1,0.4959,0.88,0.009,0.6672,0.8302,0.8429,0.5719
west_interval_separate,Western-12,dft,input_shuffled,7,1521140573,False,0.9231,3,1,0.8512,2.9892,1,0.8413,0.7245,0.03148,0.6589,0.8283,0.0486,0.571
west_interval_separate,Western-12,dft,input_shuffled,7,1521140573,False,0.9231,4,4,0.8421,-1.9701,6,0.3784,0.7091,0.03148,0.6487,0.8102,0.3289,0.5576
west_interval_separate,Western-12,dft,input_shuffled,7,1521140573,False,0.9231,5,3,0.9734,-2.5765,3,0.822,0.9475,0.0005,0.6653,0.8372,0.3127,0.5736
west_interval_separate,Western-12,dft,input_shuffled,7,1521140573,False,0.9231,6,4,0.68,-1.6217,2,0.3566,0.4624,0.37731,0.6603,0.8247,0.0995,0.6131
west_interval_separate,Western-12,dft,label_shuffled,7,1521140573,False,0.8462,0,2,0.5844,0.8636,2,0.3797,0.3415,0.73913,0.6323,0.7666,0.1397,0.538
west_interval_separate,Western-12,dft,label_shuffled,7,1521140573,False,0.8462,1,2,0.5234,1.9773,6,0.4105,0.274,0.94753,0.6287,0.7594,0.4697,0.5595
west_interval_separate,Western-12,dft,label_shuffled,7,1521140573,False,0.8462,2,2,0.602,-2.249,2,0.3777,0.3624,0.69165,0.6618,0.8521,0.3022,0.5903
west_interval_separate,Western-12,dft,label_shuffled,7,1521140573,False,0.8462,3,1,0.6551,2.787,1,0.6143,0.4291,0.47276,0.6559,0.8295,0.2698,0.5556
west_interval_separate,Western-12,dft,label_shuffled,7,1521140573,False,0.8462,4,5,0.4968,3.1349,5,0.4968,0.2468,0.98351,0.6542,0.8121,0.3972,0.5513
west_interval_separate,Western-12,dft,label_shuffled,7,1521140573,False,0.8462,5,2,0.7238,2.0407,2,0.3277,0.5239,0.1919,0.6469,0.8032,0.0884,0.5902
west_interval_separate,Western-12,dft,label_shuffled,7,1521140573,False,0.8462,6,3,0.5975,-1.3102,1,0.5179,0.357,0.68116,0.6419,0.7797,0.0453,0.6154
west_interval_separate,Western-12,dft,none,7,623180205,False,0.8974,0,2,0.891,2.25,2,0.5596,0.7938,0.01999,0.6625,0.857,0.2148,0.5829
west_interval_separate,Western-12,dft,none,7,623180205,False,0.8974,1,4,0.6132,0.4996,4,0.5382,0.376,0.65017,0.6604,0.8194,0.0343,0.613
west_interval_separate,Western-12,dft,none,7,623180205,False,0.8974,2,4,0.8685,1.0538,4,0.4293,0.7543,0.01649,0.6565,0.815,0.0819,0.5884
west_interval_separate,Western-12,dft,none,7,623180205,False,0.8974,3,1,0.9605,-1.7803,1,0.1998,0.9226,0.001,0.6598,0.8341,0.8538,0.5617
west_interval_separate,Western-12,dft,none,7,623180205,False,0.8974,4,1,0.8972,-0.4959,1,0.7892,0.8051,0.01399,0.6584,0.8293,0.1506,0.5457
west_interval_separate,Western-12,dft,none,7,623180205,False,0.8974,5,4,0.635,-0.034,4,0.6346,0.4032,0.58071,0.6609,0.8218,0.4078,0.5641
west_interval_separate,Western-12,dft,none,7,623180205,False,0.8974,6,3,0.92,-2.2273,3,0.5615,0.8464,0.007,0.6585,0.8314,0.2499,0.5406
west_interval_separate,Western-12,dft,input_shuffled,7,623180205,False,0.9487,0,2,0.9039,-2.0678,2,0.4309,0.8171,0.01299,0.661,0.8436,0.3778,0.6149
west_interval_separate,Western-12,dft,input_shuffled,7,623180205,False,0.9487,1,3,0.9762,-2.1173,3,0.5074,0.9531,0.0005,0.6669,0.8397,0.2708,0.5237
west_interval_separate,Western-12,dft,input_shuffled,7,623180205,False,0.9487,2,4,0.9329,-1.0384,4,0.4735,0.8703,0.006,0.6621,0.8294,0.0009,0.5521
west_interval_separate,Western-12,dft,input_shuffled,7,623180205,False,0.9487,3,1,0.983,-1.8272,1,0.2493,0.9663,0.0005,0.6605,0.8344,0.7552,0.5841
west_interval_separate,Western-12,dft,input_shuffled,7,623180205,False,0.9487,4,1,0.8865,2.9041,1,0.8617,0.786,0.0085,0.6482,0.7929,0.0242,0.5383
west_interval_separate,Western-12,dft,input_shuffled,7,623180205,False,0.9487,5,1,0.9368,2.895,1,0.9084,0.8775,0.0035,0.6642,0.842,0.0359,0.5589
west_interval_separate,Western-12,dft,input_shuffled,7,623180205,False,0.9487,6,6,0.974,-0.0,6,0.974,0.9487,0.0075,0.6725,0.8486,0.0179,0.5603
west_interval_separate,Western-12,dft,label_shuffled,7,623180205,False,0.8333,0,3,0.7858,-0.0895,3,0.7826,0.6174,0.10945,0.6588,0.8429,0.0829,0.5914
west_interval_separate,Western-12,dft,label_shuffled,7,623180205,False,0.8333,1,5,0.7875,-1.6491,3,0.1041,0.6202,0.07046,0.6513,0.8042,0.1806,0.6044
west_interval_separate,Western-12,dft,label_shuffled,7,623180205,False,0.8333,2,5,0.6591,-0.7571,5,0.4791,0.4344,0.42529,0.6501,0.8164,0.177,0.6066
west_interval_separate,Western-12,dft,label_shuffled,7,623180205,False,0.8333,3,3,0.6961,-2.6301,3,0.607,0.4845,0.31434,0.6541,0.8111,0.0043,0.5568
west_interval_separate,Western-12,dft,label_shuffled,7,623180205,False,0.8333,4,6,0.5177,3.1416,6,0.5177,0.268,0.95702,0.6447,0.797,0.4168,0.5451
west_interval_separate,Western-12,dft,label_shuffled,7,623180205,False,0.8333,5,5,0.696,-2.6851,5,0.6247,0.4845,0.31934,0.6631,0.8265,0.2784,0.5574
west_interval_separate,Western-12,dft,label_shuffled,7,623180205,False,0.8333,6,2,0.8265,-2.911,2,0.8046,0.6831,0.04848,0.6598,0.8211,0.1628,0.5547
west_interval_separate,Western-12,dft,none,7,854527581,False,0.9359,0,5,0.8277,0.761,5,0.5994,0.6851,0.06097,0.6567,0.8392,0.0922,0.58
west_interval_separate,Western-12,dft,none,7,854527581,False,0.9359,1,1,0.9424,-0.1779,1,0.9275,0.8882,0.002,0.6622,0.8234,0.1181,0.5317
west_interval_separate,Western-12,dft,none,7,854527581,False,0.9359,2,5,0.606,2.6367,6,0.5884,0.3672,0.67916,0.6613,0.8427,0.101,0.5863
west_interval_separate,Western-12,dft,none,7,854527581,False,0.9359,3,2,0.8077,-1.0232,2,0.4205,0.6524,0.07446,0.6578,0.8207,0.0919,0.5982
west_interval_separate,Western-12,dft,none,7,854527581,False,0.9359,4,3,0.6084,1.8859,6,0.5192,0.3702,0.62969,0.6473,0.8,0.0535,0.6147
west_interval_separate,Western-12,dft,none,7,854527581,False,0.9359,5,1,0.8485,0.7247,1,0.6353,0.72,0.05397,0.6591,0.8512,0.7485,0.5495
west_interval_separate,Western-12,dft,none,7,854527581,False,0.9359,6,3,0.711,-0.3649,3,0.6642,0.5056,0.26387,0.6563,0.8291,0.0751,0.599
west_interval_separate,Western-12,dft,input_shuffled,7,854527581,False,0.9744,0,6,0.9777,-0.0,6,0.9777,0.9559,0.0045,0.6721,0.8368,0.0507,0.5441
west_interval_separate,Western-12,dft,input_shuffled,7,854527581,False,0.9744,1,5,0.9511,-3.0291,5,0.9451,0.9045,0.0005,0.6574,0.851,0.2218,0.5616
west_interval_separate,Western-12,dft,input_shuffled,7,854527581,False,0.9744,2,1,0.9229,-1.4948,3,0.2023,0.8517,0.01199,0.6676,0.8436,0.8331,0.5437
west_interval_separate,Western-12,dft,input_shuffled,7,854527581,False,0.9744,3,2,0.6861,0.2581,2,0.6634,0.4707,0.28986,0.6469,0.7835,0.3035,0.5783
west_interval_separate,Western-12,dft,input_shuffled,7,854527581,False,0.9744,4,2,0.6133,2.2984,2,0.4079,0.3762,0.68816,0.6643,0.8217,0.0815,0.5916
west_interval_separate,Western-12,dft,input_shuffled,7,854527581,False,0.9744,5,4,0.8725,-0.0696,4,0.8703,0.7612,0.02249,0.6611,0.8315,0.1514,0.568
west_interval_separate,Western-12,dft,input_shuffled,7,854527581,False,0.9744,6,1,0.6869,2.6865,1,0.617,0.4718,0.31634,0.6537,0.828,0.0555,0.5232
west_interval_separate,Western-12,dft,label_shuffled,7,854527581,False,0.8205,0,5,0.5873,0.8358,2,0.4053,0.345,0.76562,0.6531,0.7994,0.1999,0.5642
west_interval_separate,Western-12,dft,label_shuffled,7,854527581,False,0.8205,1,3,0.5521,1.9049,6,0.5471,0.3049,0.88806,0.6568,0.8357,0.2188,0.5889
west_interval_separate,Western-12,dft,label_shuffled,7,854527581,False,0.8205,2,1,0.6692,-2.7829,1,0.6266,0.4478,0.37731,0.6499,0.8138,0.0676,0.5285
west_interval_separate,Western-12,dft,label_shuffled,7,854527581,False,0.8205,3,2,0.7054,-2.7067,2,0.6397,0.4976,0.2034,0.6408,0.7837,0.0883,0.5764
west_interval_separate,Western-12,dft,label_shuffled,7,854527581,False,0.8205,4,1,0.6016,0.6003,1,0.4964,0.3619,0.63218,0.6328,0.7751,0.3437,0.5789
west_interval_separate,Western-12,dft,label_shuffled,7,854527581,False,0.8205,5,1,0.8505,-1.1213,1,0.3695,0.7233,0.01199,0.6474,0.8029,0.3735,0.6081
west_interval_separate,Western-12,dft,label_shuffled,7,854527581,False,0.8205,6,1,0.7645,-2.0134,3,0.3729,0.5845,0.13343,0.6555,0.8295,0.4426,0.56
west_interval_separate,Western-12,dft,none,7,339577882,False,0.9487,0,2,0.8469,3.1208,2,0.8467,0.7172,0.02799,0.6563,0.8146,0.3333,0.5538
west_interval_separate,Western-12,dft,none,7,339577882,False,0.9487,1,4,0.9106,2.1207,4,0.4758,0.8291,0.0095,0.6597,0.8116,0.0493,0.5909
west_interval_separate,Western-12,dft,none,7,339577882,False,0.9487,2,1,0.778,2.8094,1,0.7355,0.6053,0.12594,0.658,0.8307,0.1916,0.5855
west_interval_separate,Western-12,dft,none,7,339577882,False,0.9487,3,1,0.9503,-1.4864,3,0.175,0.9031,0.0005,0.657,0.8189,0.6076,0.5329
west_interval_separate,Western-12,dft,none,7,339577882,False,0.9487,4,2,0.7526,-3.0989,2,0.7519,0.5663,0.0035,0.6195,0.7064,0.3317,0.5756
west_interval_separate,Western-12,dft,none,7,339577882,False,0.9487,5,1,0.7022,3.0444,1,0.6989,0.4931,0.28686,0.6556,0.8248,0.0378,0.5062
west_interval_separate,Western-12,dft,none,7,339577882,False,0.9487,6,5,0.948,-1.6906,5,0.1134,0.8987,0.001,0.6602,0.844,0.0826,0.5875
west_interval_separate,Western-12,dft,input_shuffled,7,339577882,False,0.9744,0,2,0.7994,2.6115,2,0.6897,0.639,0.09645,0.6671,0.8483,0.0199,0.5976
west_interval_separate,Western-12,dft,input_shuffled,7,339577882,False,0.9744,1,6,0.9766,3.1416,6,0.9766,0.9538,0.006,0.6769,0.8519,0.1311,0.5803
west_interval_separate,Western-12,dft,input_shuffled,7,339577882,False,0.9744,2,1,0.903,2.8773,1,0.8716,0.8154,0.004,0.6502,0.8085,0.0014,0.556
west_interval_separate,Western-12,dft,input_shuffled,7,339577882,False,0.9744,3,1,0.9705,-1.8331,1,0.2516,0.9418,0.0015,0.6629,0.8383,0.8191,0.5833
west_interval_separate,Western-12,dft,input_shuffled,7,339577882,False,0.9744,4,2,0.7293,-0.52,2,0.6329,0.5319,0.25387,0.6664,0.8318,0.0113,0.577
west_interval_separate,Western-12,dft,input_shuffled,7,339577882,False,0.9744,5,1,0.7126,2.8172,1,0.6754,0.5077,0.17291,0.6399,0.7633,0.039,0.5395
west_interval_separate,Western-12,dft,input_shuffled,7,339577882,False,0.9744,6,2,0.8889,-2.0682,2,0.4241,0.7901,0.01499,0.6574,0.8333,0.4325,0.5632
west_interval_separate,Western-12,dft,label_shuffled,7,339577882,False,0.7692,0,4,0.6483,-2.1806,3,0.4117,0.4204,0.46527,0.6466,0.8037,0.3352,0.587
west_interval_separate,Western-12,dft,label_shuffled,7,339577882,False,0.7692,1,2,0.5561,2.6776,5,0.5232,0.3093,0.88756,0.6618,0.8236,0.1446,0.5412
west_interval_separate,Western-12,dft,label_shuffled,7,339577882,False,0.7692,2,3,0.6767,1.8086,6,0.4841,0.4579,0.36232,0.6494,0.7983,0.1842,0.5574
west_interval_separate,Western-12,dft,label_shuffled,7,339577882,False,0.7692,3,6,0.7387,3.1416,6,0.7387,0.5457,0.18191,0.6522,0.823,0.3584,0.5279
west_interval_separate,Western-12,dft,label_shuffled,7,339577882,False,0.7692,4,6,0.6216,-0.0,6,0.6216,0.3864,0.5987,0.6539,0.8201,0.1469,0.5375
west_interval_separate,Western-12,dft,label_shuffled,7,339577882,False,0.7692,5,4,0.6562,-1.0987,4,0.2984,0.4306,0.45327,0.6549,0.8129,0.2309,0.5561
west_interval_separate,Western-12,dft,label_shuffled,7,339577882,False,0.7692,6,5,0.5557,-1.9078,3,0.5096,0.3088,0.87856,0.659,0.8241,0.3612,0.5481
west_interval_separate,Western-12,dft,none,7,601979966,False,0.9872,0,2,0.7528,-0.4575,2,0.6754,0.5667,0.15592,0.6553,0.8254,0.0005,0.6075
west_interval_separate,Western-12,dft,none,7,601979966,False,0.9872,1,2,0.8694,0.0389,2,0.8688,0.7559,0.01349,0.6563,0.8157,0.2021,0.6183
west_interval_separate,Western-12,dft,none,7,601979966,False,0.9872,2,6,0.9831,3.1416,6,0.9831,0.9664,0.0055,0.6734,0.8402,0.1842,0.5783
west_interval_separate,Western-12,dft,none,7,601979966,False,0.9872,3,5,0.9029,2.9529,5,0.8869,0.8152,0.006,0.6566,0.8377,0.1298,0.5836
west_interval_separate,Western-12,dft,none,7,601979966,False,0.9872,4,4,0.9143,-1.0486,4,0.456,0.836,0.009,0.6602,0.8246,0.038,0.5726
west_interval_separate,Western-12,dft,none,7,601979966,False,0.9872,5,1,0.716,2.8116,1,0.6774,0.5127,0.23438,0.6547,0.8161,0.0431,0.5588
west_interval_separate,Western-12,dft,none,7,601979966,False,0.9872,6,1,0.9083,-1.5097,3,0.2402,0.825,0.01399,0.6698,0.8409,0.8419,0.5664
west_interval_separate,Western-12,dft,input_shuffled,7,601979966,False,0.9744,0,1,0.7609,-0.1055,1,0.7567,0.579,0.10795,0.6444,0.804,0.0985,0.5939
west_interval_separate,Western-12,dft,input_shuffled,7,601979966,False,0.9744,1,2,0.8221,2.1223,2,0.4307,0.6759,0.05897,0.6595,0.829,0.1747,0.6428
west_interval_separate,Western-12,dft,input_shuffled,7,601979966,False,0.9744,2,6,0.9882,3.1416,6,0.9882,0.9766,0.0055,0.6784,0.8336,0.1407,0.5251
west_interval_separate,Western-12,dft,input_shuffled,7,601979966,False,0.9744,3,3,0.9499,0.814,3,0.6522,0.9024,0.0045,0.6708,0.8427,0.2862,0.5331
west_interval_separate,Western-12,dft,input_shuffled,7,601979966,False,0.9744,4,1,0.9137,-2.1067,1,0.4665,0.8349,0.01349,0.6713,0.8455,0.8476,0.5357
west_interval_separate,Western-12,dft,input_shuffled,7,601979966,False,0.9744,5,4,0.5876,-1.1033,3,0.4514,0.3452,0.76562,0.6619,0.8254,0.0041,0.5536
west_interval_separate,Western-12,dft,input_shuffled,7,601979966,False,0.9744,6,1,0.8845,-0.9178,1,0.5374,0.7824,0.01549,0.6569,0.8324,0.28,0.5783
west_interval_separate,Western-12,dft,label_shuffled,7,601979966,False,0.8333,0,2,0.7044,1.0386,4,0.4565,0.4962,0.25237,0.6519,0.7953,0.7167,0.5683
west_interval_separate,Western-12,dft,label_shuffled,7,601979966,False,0.8333,1,3,0.9189,-2.2855,3,0.6022,0.8443,0.0045,0.6618,0.8294,0.2578,0.5868
west_interval_separate,Western-12,dft,label_shuffled,7,601979966,False,0.8333,2,2,0.5913,0.7159,2,0.4461,0.3497,0.71314,0.6454,0.7959,0.4009,0.5698
west_interval_separate,Western-12,dft,label_shuffled,7,601979966,False,0.8333,3,4,0.5002,-0.4189,4,0.457,0.2502,0.98451,0.6502,0.8013,0.1193,0.5972
west_interval_separate,Western-12,dft,label_shuffled,7,601979966,False,0.8333,4,5,0.487,-0.6731,4,0.4317,0.2372,0.9915,0.6552,0.8279,0.1079,0.5664
west_interval_separate,Western-12,dft,label_shuffled,7,601979966,False,0.8333,5,4,0.7344,2.1357,6,0.4968,0.5393,0.13643,0.6403,0.7844,0.1945,0.5487
west_interval_separate,Western-12,dft,label_shuffled,7,601979966,False,0.8333,6,4,0.5703,3.0412,4,0.5674,0.3252,0.82459,0.6558,0.8204,0.0216,0.5567
west_interval_separate,Western-12,dft,none,7,1941934846,False,0.9359,0,2,0.9333,1.0468,2,0.467,0.871,0.003,0.6628,0.8472,0.4535,0.5919
west_interval_separate,Western-12,dft,none,7,1941934846,False,0.9359,1,5,0.9778,-2.8925,5,0.9476,0.9561,0.0005,0.6638,0.8505,0.1677,0.5453
west_interval_separate,Western-12,dft,none,7,1941934846,False,0.9359,2,1,0.9871,2.8575,1,0.9476,0.9745,0.0005,0.6556,0.8286,0.0028,0.5452
west_interval_separate,Western-12,dft,none,7,1941934846,False,0.9359,3,3,0.999,0.4488,3,0.9,0.9979,0.0005,0.6665,0.8413,0.2824,0.5803
west_interval_separate,Western-12,dft,none,7,1941934846,False,0.9359,4,1,0.958,-1.8315,1,0.2469,0.9178,0.0005,0.6657,0.8424,0.7609,0.5905
west_interval_separate,Western-12,dft,none,7,1941934846,False,0.9359,5,1,0.6337,-0.33,1,0.5995,0.4015,0.51724,0.6507,0.8158,0.1079,0.5642
west_interval_separate,Western-12,dft,none,7,1941934846,False,0.9359,6,2,0.7269,-0.5892,2,0.6043,0.5284,0.23038,0.6611,0.8207,0.0615,0.5506
west_interval_separate,Western-12,dft,input_shuffled,7,1941934846,False,0.9487,0,1,0.8342,-1.7699,4,0.3091,0.6959,0.04698,0.6603,0.8299,0.3754,0.5853
west_interval_separate,Western-12,dft,input_shuffled,7,1941934846,False,0.9487,1,5,0.9687,-2.8848,5,0.9369,0.9384,0.001,0.6634,0.8391,0.2098,0.5599
west_interval_separate,Western-12,dft,input_shuffled,7,1941934846,False,0.9487,2,1,0.9121,0.9657,1,0.5188,0.8319,0.01149,0.6666,0.8407,0.821,0.5804
west_interval_separate,Western-12,dft,input_shuffled,7,1941934846,False,0.9487,3,3,0.993,-1.9723,3,0.3881,0.986,0.0005,0.6624,0.8407,0.2668,0.5771
west_interval_separate,Western-12,dft,input_shuffled,7,1941934846,False,0.9487,4,6,0.9678,3.1416,6,0.9678,0.9365,0.006,0.672,0.8401,0.1845,0.577
west_interval_separate,Western-12,dft,input_shuffled,7,1941934846,False,0.9487,5,1,0.7154,2.8173,1,0.6781,0.5118,0.23738,0.6556,0.8186,0.024,0.5542
west_interval_separate,Western-12,dft,input_shuffled,7,1941934846,False,0.9487,6,4,0.802,0.5256,4,0.6937,0.6431,0.09645,0.6657,0.8443,0.0471,0.5354
west_interval_separate,Western-12,dft,label_shuffled,7,1941934846,False,0.8205,0,1,0.5853,2.4859,1,0.4639,0.3425,0.71914,0.6391,0.7897,0.0438,0.5498
west_interval_separate,Western-12,dft,label_shuffled,7,1941934846,False,0.8205,1,6,0.4789,-0.0,6,0.4789,0.2294,0.996,0.6631,0.8339,0.4998,0.5526
west_interval_separate,Western-12,dft,label_shuffled,7,1941934846,False,0.8205,2,5,0.507,2.9916,5,0.5013,0.2571,0.97901,0.6524,0.8121,0.272,0.6445
west_interval_separate,Western-12,dft,label_shuffled,7,1941934846,False,0.8205,3,3,0.5987,-1.6887,6,0.3031,0.3585,0.67466,0.6438,0.7947,0.2144,0.5736
west_interval_separate,Western-12,dft,label_shuffled,7,1941934846,False,0.8205,4,3,0.5176,2.7333,1,0.4937,0.2679,0.96552,0.6531,0.8129,0.391,0.5555
west_interval_separate,Western-12,dft,label_shuffled,7,1941934846,False,0.8205,5,2,0.5781,2.3526,5,0.5297,0.3342,0.78811,0.6494,0.7922,0.0189,0.5106
west_interval_separate,Western-12,dft,label_shuffled,7,1941934846,False,0.8205,6,5,0.6595,0.4856,5,0.5833,0.4349,0.44628,0.6635,0.8481,0.0611,0.562
west_interval_separate,Western-12,dft,none,7,1956125194,True,1.0,0,1,0.9159,0.9963,1,0.4977,0.8389,0.01449,0.6721,0.8451,0.8302,0.5305
west_interval_separate,Western-12,dft,none,7,1956125194,True,1.0,1,1,0.766,-0.2719,1,0.7378,0.5867,0.06897,0.6416,0.778,0.01,0.5455
west_interval_separate,Western-12,dft,none,7,1956125194,True,1.0,2,2,0.6981,-0.5225,2,0.6049,0.4873,0.35382,0.6662,0.845,0.022,0.5403
west_interval_separate,Western-12,dft,none,7,1956125194,True,1.0,3,6,0.9902,-0.0,6,0.9902,0.9806,0.007,0.6797,0.8306,0.1099,0.5215
west_interval_separate,Western-12,dft,none,7,1956125194,True,1.0,4,1,0.9526,-0.2619,1,0.9201,0.9074,0.0005,0.6566,0.8231,0.0017,0.5764
west_interval_separate,Western-12,dft,none,7,1956125194,True,1.0,5,4,0.9441,-1.0455,4,0.4734,0.8912,0.005,0.6622,0.8257,0.007,0.531
west_interval_separate,Western-12,dft,none,7,1956125194,True,1.0,6,3,0.8824,2.3598,3,0.6262,0.7786,0.01749,0.6625,0.8406,0.003,0.6015
west_interval_separate,Western-12,dft,input_shuffled,7,1956125194,False,0.9615,0,6,0.9877,3.1416,6,0.9877,0.9755,0.0045,0.6783,0.8357,0.203,0.5669
west_interval_separate,Western-12,dft,input_shuffled,7,1956125194,False,0.9615,1,4,0.655,-0.7094,4,0.497,0.429,0.47726,0.6578,0.8283,0.1015,0.6256
west_interval_separate,Western-12,dft,input_shuffled,7,1956125194,False,0.9615,2,1,0.5736,-0.2161,1,0.5602,0.329,0.78861,0.6348,0.7707,0.0786,0.5385
west_interval_separate,Western-12,dft,input_shuffled,7,1956125194,False,0.9615,3,1,0.9194,-0.6896,1,0.7093,0.8454,0.005,0.6594,0.8238,0.2455,0.5857
west_interval_separate,Western-12,dft,input_shuffled,7,1956125194,False,0.9615,4,1,0.9221,-2.0501,1,0.4252,0.8503,0.01899,0.6779,0.8686,0.8712,0.5242
west_interval_separate,Western-12,dft,input_shuffled,7,1956125194,False,0.9615,5,2,0.8166,-1.1319,1,0.3809,0.6668,0.06247,0.663,0.8301,0.1921,0.5711
west_interval_separate,Western-12,dft,input_shuffled,7,1956125194,False,0.9615,6,3,0.9651,2.5277,3,0.7889,0.9314,0.001,0.6685,0.84,0.0866,0.5827
west_interval_separate,Western-12,dft,label_shuffled,7,1956125194,False,0.8462,0,6,0.7934,3.1416,6,0.7934,0.6294,0.09245,0.6577,0.8336,0.0296,0.5764
west_interval_separate,Western-12,dft,label_shuffled,7,1956125194,False,0.8462,1,4,0.701,2.3596,3,0.5009,0.4914,0.27936,0.6529,0.8119,0.1646,0.5777
west_interval_separate,Western-12,dft,label_shuffled,7,1956125194,False,0.8462,2,1,0.5812,0.0671,1,0.5799,0.3378,0.77361,0.6616,0.8388,0.3183,0.5888
west_interval_separate,Western-12,dft,label_shuffled,7,1956125194,False,0.8462,3,3,0.6958,-2.2871,2,0.499,0.4842,0.31334,0.6536,0.806,0.0321,0.5208
west_interval_separate,Western-12,dft,label_shuffled,7,1956125194,False,0.8462,4,6,0.6612,3.1416,6,0.6612,0.4372,0.41179,0.6503,0.8027,0.2591,0.5737
west_interval_separate,Western-12,dft,label_shuffled,7,1956125194,False,0.8462,5,4,0.6473,-0.912,4,0.3963,0.419,0.49225,0.6563,0.8239,0.1712,0.5903
west_interval_separate,Western-12,dft,label_shuffled,7,1956125194,False,0.8462,6,1,0.598,-0.4494,1,0.5386,0.3576,0.69315,0.6513,0.81,0.0166,0.5893
west_interval_separate,Western-12,dft,none,7,1704032774,False,0.9359,0,4,0.9198,1.9853,4,0.3704,0.8459,0.007,0.6646,0.8318,0.0377,0.5488
west_interval_separate,Western-12,dft,none,7,1704032774,False,0.9359,1,5,0.9208,-1.318,2,0.2612,0.8479,0.01349,0.6638,0.8393,0.0136,0.5691
west_interval_separate,Western-12,dft,none,7,1704032774,False,0.9359,2,2,0.7508,2.4158,2,0.5616,0.5636,0.15142,0.6521,0.8193,0.0121,0.5324
west_interval_separate,Western-12,dft,none,7,1704032774,False,0.9359,3,3,0.9454,-2.2688,3,0.6076,0.8939,0.0035,0.6664,0.8433,0.3115,0.5362
west_interval_separate,Western-12,dft,none,7,1704032774,False,0.9359,4,6,0.9688,3.1416,6,0.9688,0.9386,0.007,0.6723,0.8355,0.2006,0.5726
west_interval_separate,Western-12,dft,none,7,1704032774,False,0.9359,5,1,0.935,-1.3809,5,0.1767,0.8743,0.005,0.6621,0.8453,0.7853,0.58
west_interval_separate,Western-12,dft,none,7,1704032774,False,0.9359,6,1,0.831,-0.2516,1,0.8048,0.6906,0.02949,0.6548,0.8004,0.0865,0.5234
west_interval_separate,Western-12,dft,input_shuffled,7,1704032774,True,1.0,0,4,0.8445,0.9087,4,0.5191,0.7132,0.04398,0.6644,0.8389,0.0836,0.5862
west_interval_separate,Western-12,dft,input_shuffled,7,1704032774,True,1.0,1,5,0.7175,1.9427,4,0.3948,0.5149,0.25887,0.6604,0.8309,0.0218,0.5694
west_interval_separate,Western-12,dft,input_shuffled,7,1704032774,True,1.0,2,1,0.9373,-0.2953,1,0.8967,0.8785,0.0085,0.6673,0.8468,0.0237,0.5453
west_interval_separate,Western-12,dft,input_shuffled,7,1704032774,True,1.0,3,6,0.9923,3.1416,6,0.9923,0.9848,0.0065,0.6774,0.8229,0.2201,0.5359
west_interval_separate,Western-12,dft,input_shuffled,7,1704032774,True,1.0,4,3,0.617,1.421,6,0.3437,0.3807,0.46577,0.6187,0.7418,0.2616,0.5864
west_interval_separate,Western-12,dft,input_shuffled,7,1704032774,True,1.0,5,1,0.9178,0.9667,1,0.5214,0.8424,0.009,0.6664,0.8255,0.8213,0.5721
west_interval_separate,Western-12,dft,input_shuffled,7,1704032774,True,1.0,6,1,0.6884,-0.2548,1,0.6662,0.474,0.2009,0.6299,0.7476,0.0065,0.6368
west_interval_separate,Western-12,dft,label_shuffled,7,1704032774,False,0.859,0,4,0.5834,2.0847,5,0.5525,0.3404,0.76862,0.6619,0.8383,0.1188,0.5277
west_interval_separate,Western-12,dft,label_shuffled,7,1704032774,False,0.859,1,3,0.7536,-0.3875,3,0.6978,0.568,0.10295,0.6433,0.7891,0.0285,0.5683
west_interval_separate,Western-12,dft,label_shuffled,7,1704032774,False,0.859,2,3,0.7574,1.8194,5,0.4265,0.5736,0.15142,0.6565,0.8174,0.0059,0.5698
west_interval_separate,Western-12,dft,label_shuffled,7,1704032774,False,0.859,3,4,0.8348,1.5661,6,0.2695,0.6969,0.04448,0.6548,0.8276,0.2687,0.5458
west_interval_separate,Western-12,dft,label_shuffled,7,1704032774,False,0.859,4,2,0.8289,1.8871,5,0.2743,0.687,0.04698,0.6595,0.8241,0.2381,0.5371
west_interval_separate,Western-12,dft,label_shuffled,7,1704032774,False,0.859,5,2,0.7052,1.7479,1,0.5023,0.4974,0.23938,0.6445,0.8068,0.1146,0.5653
west_interval_separate,Western-12,dft,label_shuffled,7,1704032774,False,0.859,6,4,0.5218,-2.1584,5,0.3739,0.2723,0.95552,0.6369,0.7757,0.4532,0.5405
west_interval_separate,Western-12,dft,none,7,326819028,False,0.9487,0,2,0.5439,2.4199,3,0.5024,0.2959,0.90455,0.6605,0.8399,0.334,0.5282
west_interval_separate,Western-12,dft,none,7,326819028,False,0.9487,1,6,0.7652,3.1416,6,0.7652,0.5855,0.11694,0.652,0.8016,0.0399,0.5567
west_interval_separate,Western-12,dft,none,7,326819028,False,0.9487,2,1,0.907,-0.4307,1,0.8242,0.8226,0.01099,0.6584,0.8315,0.0971,0.5647
west_interval_separate,Western-12,dft,none,7,326819028,False,0.9487,3,2,0.8828,2.4239,2,0.665,0.7793,0.01449,0.6585,0.8251,0.2323,0.5661
west_interval_separate,Western-12,dft,none,7,326819028,False,0.9487,4,2,0.6431,-0.4708,1,0.5978,0.4136,0.50075,0.6539,0.8116,0.0,0.5482
west_interval_separate,Western-12,dft,none,7,326819028,False,0.9487,5,6,0.9853,-0.0,6,0.9853,0.9709,0.005,0.6734,0.8296,0.1166,0.6169
west_interval_separate,Western-12,dft,none,7,326819028,False,0.9487,6,1,0.9523,1.3291,1,0.2279,0.9069,0.0015,0.6645,0.847,0.895,0.615
west_interval_separate,Western-12,dft,input_shuffled,7,326819028,False,0.9359,0,1,0.9769,-1.8288,1,0.2492,0.9542,0.0005,0.6644,0.8396,0.8439,0.5631
west_interval_separate,Western-12,dft,input_shuffled,7,326819028,False,0.9359,1,4,0.97,2.0887,4,0.4802,0.9409,0.006,0.6709,0.834,0.0005,0.5831
west_interval_separate,Western-12,dft,input_shuffled,7,326819028,False,0.9359,2,3,0.9595,-2.3316,3,0.6616,0.9207,0.005,0.6713,0.8417,0.2096,0.6435
west_interval_separate,Western-12,dft,input_shuffled,7,326819028,False,0.9359,3,2,0.8139,-0.628,2,0.6586,0.6624,0.04748,0.6515,0.8105,0.0969,0.5794
west_interval_separate,Western-12,dft,input_shuffled,7,326819028,False,0.9359,4,2,0.9421,-0.5142,2,0.8202,0.8875,0.0005,0.6542,0.8152,0.0073,0.5367
west_interval_separate,Western-12,dft,input_shuffled,7,326819028,False,0.9359,5,6,0.9824,-0.0,6,0.9824,0.9651,0.006,0.6767,0.8456,0.1463,0.5492
west_interval_separate,Western-12,dft,input_shuffled,7,326819028,False,0.9359,6,1,0.9846,-0.2582,1,0.9519,0.9694,0.0005,0.6557,0.8192,0.0114,0.5414
west_interval_separate,Western-12,dft,label_shuffled,7,326819028,False,0.8205,0,5,0.5499,2.7758,4,0.5195,0.3024,0.89205,0.653,0.8175,0.0411,0.5237
west_interval_separate,Western-12,dft,label_shuffled,7,326819028,False,0.8205,1,4,0.6301,0.5303,4,0.5436,0.3971,0.56472,0.6526,0.8181,0.2369,0.644
west_interval_separate,Western-12,dft,label_shuffled,7,326819028,False,0.8205,2,3,0.7399,-0.1256,3,0.7341,0.5475,0.1904,0.6582,0.8202,0.0036,0.6073
west_interval_separate,Western-12,dft,label_shuffled,7,326819028,False,0.8205,3,1,0.5894,-3.0925,1,0.5887,0.3474,0.72764,0.65,0.8132,0.0812,0.5838
west_interval_separate,Western-12,dft,label_shuffled,7,326819028,False,0.8205,4,2,0.5539,3.0553,2,0.5519,0.3068,0.88406,0.6569,0.8185,0.3409,0.5569
west_interval_separate,Western-12,dft,label_shuffled,7,326819028,False,0.8205,5,5,0.5971,-0.2609,5,0.5768,0.3565,0.69515,0.6429,0.7828,0.0866,0.6089
west_interval_separate,Western-12,dft,label_shuffled,7,326819028,False,0.8205,6,4,0.6784,-0.9942,3,0.4634,0.4602,0.32934,0.6476,0.8052,0.078,0.6379
west_interval_separate,Western-12,dft,none,7,1729365511,False,0.9487,0,2,0.9314,2.2164,2,0.5604,0.8676,0.0045,0.6626,0.8506,0.248,0.5383
west_interval_separate,Western-12,dft,none,7,1729365511,False,0.9487,1,1,0.7647,2.5658,1,0.6414,0.5848,0.12344,0.6521,0.818,0.0039,0.6088
west_interval_separate,Western-12,dft,none,7,1729365511,False,0.9487,2,1,0.645,-0.2562,1,0.6239,0.416,0.46927,0.6451,0.7816,0.0963,0.5409
west_interval_separate,Western-12,dft,none,7,1729365511,False,0.9487,3,4,0.8346,2.2792,4,0.543,0.6965,0.04848,0.6561,0.832,0.0237,0.5596
west_interval_separate,Western-12,dft,none,7,1729365511,False,0.9487,4,1,0.9405,-1.4328,5,0.2089,0.8845,0.0045,0.6685,0.8384,0.7957,0.5818
west_interval_separate,Western-12,dft,none,7,1729365511,False,0.9487,5,1,0.893,3.0489,1,0.8892,0.7975,0.0055,0.653,0.8031,0.0599,0.5714
west_interval_separate,Western-12,dft,none,7,1729365511,False,0.9487,6,6,0.9764,-0.0,6,0.9764,0.9533,0.0065,0.6723,0.85,0.201,0.5588
west_interval_separate,Western-12,dft,input_shuffled,7,1729365511,False,0.9359,0,3,0.9192,-0.7822,3,0.652,0.8449,0.01249,0.6682,0.8456,0.0003,0.5656
west_interval_separate,Western-12,dft,input_shuffled,7,1729365511,False,0.9359,1,6,0.9774,-0.0,6,0.9774,0.9553,0.005,0.673,0.8376,0.0996,0.5455
west_interval_separate,Western-12,dft,input_shuffled,7,1729365511,False,0.9359,2,5,0.9003,0.2555,5,0.8711,0.8106,0.009,0.6596,0.8308,0.1862,0.5977
west_interval_separate,Western-12,dft,input_shuffled,7,1729365511,False,0.9359,3,4,0.8844,2.355,4,0.6246,0.7822,0.01249,0.6592,0.8352,0.1868,0.5912
west_interval_separate,Western-12,dft,input_shuffled,7,1729365511,False,0.9359,4,2,0.9173,1.2808,2,0.2623,0.8415,0.0085,0.6609,0.8574,0.654,0.5972
west_interval_separate,Western-12,dft,input_shuffled,7,1729365511,False,0.9359,5,1,0.7563,2.9757,1,0.7459,0.572,0.13443,0.6519,0.8142,0.0349,0.5423
west_interval_separate,Western-12,dft,input_shuffled,7,1729365511,False,0.9359,6,1,0.9796,-1.7732,1,0.1969,0.9597,0.001,0.6609,0.8307,0.7849,0.5855
west_interval_separate,Western-12,dft,label_shuffled,7,1729365511,False,0.8205,0,6,0.5733,3.1416,6,0.5733,0.3287,0.81609,0.6553,0.8111,0.4082,0.5735
west_interval_separate,Western-12,dft,label_shuffled,7,1729365511,False,0.8205,1,2,0.5882,-2.6537,2,0.5196,0.346,0.71464,0.637,0.7762,0.0611,0.5505
west_interval_separate,Western-12,dft,label_shuffled,7,1729365511,False,0.8205,2,5,0.6017,0.9618,2,0.4216,0.3621,0.70165,0.6589,0.8289,0.0113,0.559
west_interval_separate,Western-12,dft,label_shuffled,7,1729365511,False,0.8205,3,1,0.6923,-2.2851,1,0.4535,0.4793,0.26787,0.6447,0.7893,0.5153,0.499
west_interval_separate,Western-12,dft,label_shuffled,7,1729365511,False,0.8205,4,4,0.8131,1.3841,2,0.1816,0.6612,0.03698,0.6488,0.7987,0.1896,0.6031
west_interval_separate,Western-12,dft,label_shuffled,7,1729365511,False,0.8205,5,6,0.7238,-0.0,6,0.7238,0.5239,0.18241,0.6434,0.7944,0.1611,0.571
west_interval_separate,Western-12,dft,label_shuffled,7,1729365511,False,0.8205,6,6,0.6313,-0.0,6,0.6313,0.3985,0.55372,0.651,0.8097,0.2233,0.5679
west_interval_separate,Western-12,dft,none,7,1458937572,False,0.9103,0,1,0.7359,3.1244,1,0.7358,0.5415,0.21789,0.6618,0.8308,0.2246,0.5265
west_interval_separate,Western-12,dft,none,7,1458937572,False,0.9103,1,1,0.9382,2.8096,1,0.887,0.8802,0.008,0.6617,0.8222,0.0401,0.5309
west_interval_separate,Western-12,dft,none,7,1458937572,False,0.9103,2,1,0.9805,-1.9064,1,0.3229,0.9614,0.0005,0.6631,0.8393,0.831,0.595
west_interval_separate,Western-12,dft,none,7,1458937572,False,0.9103,3,1,0.7541,-3.1358,1,0.754,0.5686,0.13793,0.6553,0.8121,0.1307,0.6237
west_interval_separate,Western-12,dft,none,7,1458937572,False,0.9103,4,4,0.7277,-1.4448,5,0.2455,0.5295,0.23688,0.6604,0.8376,0.0144,0.5589
west_interval_separate,Western-12,dft,none,7,1458937572,False,0.9103,5,5,0.8633,-1.0216,5,0.4507,0.7453,0.02849,0.6645,0.8374,0.0639,0.6049
west_interval_separate,Western-12,dft,none,7,1458937572,False,0.9103,6,2,0.6733,-2.2944,2,0.4458,0.4533,0.41479,0.6626,0.8312,0.1008,0.5904
west_interval_separate,Western-12,dft,input_shuffled,7,1458937572,False,0.9615,0,4,0.5681,2.4866,2,0.5247,0.3228,0.77061,0.6264,0.757,0.0354,0.5436
west_interval_separate,Western-12,dft,input_shuffled,7,1458937572,False,0.9615,1,1,0.8419,2.6378,1,0.7374,0.7089,0.03598,0.6595,0.8277,0.0051,0.6172
west_interval_separate,Western-12,dft,input_shuffled,7,1458937572,False,0.9615,2,2,0.6471,1.2987,3,0.3759,0.4187,0.43528,0.6396,0.7794,0.723,0.5666
west_interval_separate,Western-12,dft,input_shuffled,7,1458937572,False,0.9615,3,6,0.9782,-0.0,6,0.9782,0.957,0.0065,0.6743,0.8428,0.1314,0.6272
west_interval_separate,Western-12,dft,input_shuffled,7,1458937572,False,0.9615,4,3,0.7384,-2.5651,3,0.619,0.5452,0.1954,0.657,0.8172,0.2043,0.5571
west_interval_separate,Western-12,dft,input_shuffled,7,1458937572,False,0.9615,5,1,0.9471,-1.8342,1,0.2466,0.897,0.0025,0.6657,0.8555,0.8962,0.6034
west_interval_separate,Western-12,dft,input_shuffled,7,1458937572,False,0.9615,6,1,0.8273,-0.6037,1,0.6811,0.6845,0.03598,0.6522,0.8105,0.0982,0.5958
west_interval_separate,Western-12,dft,label_shuffled,7,1458937572,False,0.8333,0,1,0.572,-1.8779,4,0.4627,0.3272,0.78411,0.6384,0.7786,0.5254,0.6192
west_interval_separate,Western-12,dft,label_shuffled,7,1458937572,False,0.8333,1,3,0.5867,-1.9153,6,0.5364,0.3442,0.76112,0.6513,0.8025,0.5188,0.6258
west_interval_separate,Western-12,dft,label_shuffled,7,1458937572,False,0.8333,2,6,0.5658,-0.0,6,0.5658,0.3202,0.83258,0.6531,0.8189,0.0865,0.5686
west_interval_separate,Western-12,dft,label_shuffled,7,1458937572,False,0.8333,3,2,0.5706,-2.706,2,0.5173,0.3256,0.82159,0.6545,0.8137,0.0581,0.5688
west_interval_separate,Western-12,dft,label_shuffled,7,1458937572,False,0.8333,4,1,0.7099,-0.6241,1,0.576,0.5039,0.28036,0.6606,0.8214,0.2907,0.5302
west_interval_separate,Western-12,dft,label_shuffled,7,1458937572,False,0.8333,5,4,0.5581,-0.9621,2,0.4514,0.3115,0.85657,0.6271,0.7401,0.2719,0.5883
west_interval_separate,Western-12,dft,label_shuffled,7,1458937572,False,0.8333,6,1,0.5026,-1.6403,6,0.3648,0.2526,0.98451,0.6539,0.8164,0.1629,0.5719
west_interval_separate,Western-12,dft,none,7,327915838,False,0.9744,0,6,0.9822,3.1416,6,0.9822,0.9647,0.003,0.675,0.8314,0.145,0.5794
west_interval_separate,Western-12,dft,none,7,327915838,False,0.9744,1,2,0.9108,0.605,2,0.7491,0.8296,0.0035,0.6538,0.8114,0.2957,0.5385
west_interval_separate,Western-12,dft,none,7,327915838,False,0.9744,2,1,0.915,-1.5014,5,0.2282,0.8373,0.01549,0.6667,0.8377,0.8222,0.5756
west_interval_separate,Western-12,dft,none,7,327915838,False,0.9744,3,2,0.6595,-0.3966,2,0.6084,0.435,0.47226,0.6595,0.808,0.0723,0.5926
west_interval_separate,Western-12,dft,none,7,327915838,False,0.9744,4,2,0.8854,2.4292,2,0.6701,0.7839,0.02099,0.6619,0.8396,0.1181,0.6148
west_interval_separate,Western-12,dft,none,7,327915838,False,0.9744,5,4,0.7523,-1.7296,5,0.4163,0.566,0.17391,0.66,0.8312,0.079,0.5247
west_interval_separate,Western-12,dft,none,7,327915838,False,0.9744,6,3,0.9147,-0.7649,3,0.6599,0.8366,0.01299,0.6666,0.8377,0.0264,0.555
west_interval_separate,Western-12,dft,input_shuffled,7,327915838,False,0.9487,0,6,0.9791,-0.0,6,0.9791,0.9587,0.0065,0.6731,0.8317,0.0844,0.644
west_interval_separate,Western-12,dft,input_shuffled,7,327915838,False,0.9487,1,1,0.9523,-1.7518,1,0.1714,0.9069,0.001,0.6611,0.8541,0.8717,0.5504
west_interval_separate,Western-12,dft,input_shuffled,7,327915838,False,0.9487,2,1,0.9014,-0.2748,1,0.8676,0.8125,0.007,0.6545,0.8232,0.0044,0.5948
west_interval_separate,Western-12,dft,input_shuffled,7,327915838,False,0.9487,3,1,0.7216,0.0407,1,0.721,0.5207,0.22339,0.6548,0.8164,0.1901,0.5409
west_interval_separate,Western-12,dft,input_shuffled,7,327915838,False,0.9487,4,5,0.6898,1.4616,2,0.4624,0.4759,0.33283,0.6587,0.8276,0.1978,0.6061
west_interval_separate,Western-12,dft,input_shuffled,7,327915838,False,0.9487,5,4,0.8816,0.1161,4,0.8757,0.7772,0.01099,0.6574,0.828,0.1466,0.5298
west_interval_separate,Western-12,dft,input_shuffled,7,327915838,False,0.9487,6,3,0.8116,-1.8994,3,0.2619,0.6586,0.06397,0.6568,0.83,0.188,0.5436
west_interval_separate,Western-12,dft,label_shuffled,7,327915838,False,0.8846,0,1,0.5569,0.8351,5,0.3823,0.3102,0.86407,0.6468,0.7919,0.5672,0.6146
west_interval_separate,Western-12,dft,label_shuffled,7,327915838,False,0.8846,1,5,0.5682,3.0054,5,0.5629,0.3228,0.7906,0.6375,0.7816,0.2422,0.6071
west_interval_separate,Western-12,dft,label_shuffled,7,327915838,False,0.8846,2,5,0.7361,-1.5258,3,0.375,0.5418,0.18841,0.6514,0.8066,0.2064,0.6023
west_interval_separate,Western-12,dft,label_shuffled,7,327915838,False,0.8846,3,3,0.6362,-1.9749,6,0.3417,0.4048,0.52624,0.6529,0.8256,0.2381,0.5325
west_interval_separate,Western-12,dft,label_shuffled,7,327915838,False,0.8846,4,2,0.676,-0.9817,1,0.5023,0.457,0.36732,0.6544,0.8142,0.2063,0.5466
west_interval_separate,Western-12,dft,label_shuffled,7,327915838,False,0.8846,5,4,0.5879,-1.3617,3,0.3294,0.3456,0.72914,0.6422,0.7904,0.3917,0.5632
west_interval_separate,Western-12,dft,label_shuffled,7,327915838,False,0.8846,6,3,0.6035,-0.0158,3,0.6034,0.3642,0.66417,0.6581,0.8397,0.1556,0.6058
west_interval_separate,Western-12,dft,none,7,329669122,False,0.9744,0,1,0.9473,2.6445,1,0.8327,0.8975,0.0015,0.6599,0.862,0.0658,0.5818
west_interval_separate,Western-12,dft,none,7,329669122,False,0.9744,1,4,0.5716,-0.082,4,0.5697,0.3268,0.8021,0.655,0.8292,0.1376,0.5728
west_interval_separate,Western-12,dft,none,7,329669122,False,0.9744,2,6,0.9786,3.1416,6,0.9786,0.9576,0.0055,0.678,0.8482,0.11,0.5986
west_interval_separate,Western-12,dft,none,7,329669122,False,0.9744,3,1,0.6794,-0.1831,1,0.668,0.4615,0.37781,0.6586,0.8227,0.133,0.5647
west_interval_separate,Western-12,dft,none,7,329669122,False,0.9744,4,1,0.96,-1.9179,1,0.3266,0.9215,0.0005,0.6606,0.8466,0.7553,0.5777
west_interval_separate,Western-12,dft,none,7,329669122,False,0.9744,5,2,0.9617,1.7478,2,0.1694,0.9249,0.0005,0.6571,0.8172,0.3677,0.5539
west_interval_separate,Western-12,dft,none,7,329669122,False,0.9744,6,3,0.9407,2.3027,3,0.6287,0.8849,0.0045,0.6656,0.8347,0.0084,0.5385
west_interval_separate,Western-12,dft,input_shuffled,7,329669122,False,0.9744,0,4,0.764,-2.9524,4,0.7504,0.5837,0.14143,0.6579,0.828,0.1163,0.5712
west_interval_separate,Western-12,dft,input_shuffled,7,329669122,False,0.9744,1,1,0.8655,-0.2889,1,0.8296,0.749,0.03048,0.6647,0.8399,0.0757,0.6272
west_interval_separate,Western-12,dft,input_shuffled,7,329669122,False,0.9744,2,6,0.9872,3.1416,6,0.9872,0.9745,0.005,0.6793,0.8388,0.1312,0.5685
west_interval_separate,Western-12,dft,input_shuffled,7,329669122,False,0.9744,3,5,0.8548,-2.8386,5,0.8159,0.7307,0.04448,0.6648,0.8438,0.1682,0.5281
west_interval_separate,Western-12,dft,input_shuffled,7,329669122,False,0.9744,4,1,0.9651,1.2619,1,0.2934,0.9315,0.0005,0.663,0.8556,0.8913,0.5642
west_interval_separate,Western-12,dft,input_shuffled,7,329669122,False,0.9744,5,2,0.9332,1.4589,6,0.3315,0.8709,0.005,0.6612,0.8418,0.3929,0.5136
west_interval_separate,Western-12,dft,input_shuffled,7,329669122,False,0.9744,6,3,0.9799,0.6376,3,0.7874,0.9602,0.0005,0.6725,0.8301,0.2897,0.5684
west_interval_separate,Western-12,dft,label_shuffled,7,329669122,False,0.7692,0,5,0.8785,-2.0457,5,0.4017,0.7717,0.009,0.6533,0.8127,0.2107,0.5731
west_interval_separate,Western-12,dft,label_shuffled,7,329669122,False,0.7692,1,2,0.8004,0.5617,2,0.6774,0.6407,0.04098,0.6462,0.7881,0.5519,0.5854
west_interval_separate,Western-12,dft,label_shuffled,7,329669122,False,0.7692,2,5,0.6345,-0.4768,5,0.5638,0.4026,0.56372,0.6589,0.8274,0.0137,0.6369
west_interval_separate,Western-12,dft,label_shuffled,7,329669122,False,0.7692,3,2,0.5912,1.9443,1,0.401,0.3495,0.67466,0.6349,0.7622,0.0652,0.5966
west_interval_separate,Western-12,dft,label_shuffled,7,329669122,False,0.7692,4,2,0.5794,-1.0046,3,0.4682,0.3357,0.77311,0.6465,0.8034,0.4842,0.5146
west_interval_separate,Western-12,dft,label_shuffled,7,329669122,False,0.7692,5,4,0.6571,-1.3375,6,0.3695,0.4317,0.42879,0.6483,0.7987,0.3692,0.5819
west_interval_separate,Western-12,dft,label_shuffled,7,329669122,False,0.7692,6,2,0.7979,0.8475,2,0.5281,0.6367,0.08296,0.6534,0.8204,0.3467,0.5244
west_interval_collapsed,Western-12,dft,none,7,2037758966,False,0.9744,0,1,0.9911,0.2885,1,0.9502,0.9824,0.0005,0.6589,0.8188,0.4455,0.5582
west_interval_collapsed,Western-12,dft,none,7,2037758966,False,0.9744,1,2,0.8081,-2.6014,2,0.693,0.6531,0.07646,0.6676,0.8318,0.4529,0.5802
west_interval_collapsed,Western-12,dft,none,7,2037758966,False,0.9744,2,6,0.9815,-0.0,6,0.9815,0.9633,0.006,0.6795,0.8441,0.1745,0.6044
west_interval_collapsed,Western-12,dft,none,7,2037758966,False,0.9744,3,4,0.8949,1.0559,4,0.4407,0.8008,0.01249,0.6643,0.8386,0.0276,0.5718
west_interval_collapsed,Western-12,dft,none,7,2037758966,False,0.9744,4,5,0.9797,1.1471,5,0.4028,0.9597,0.0005,0.6623,0.8412,0.1108,0.5417
west_interval_collapsed,Western-12,dft,none,7,2037758966,False,0.9744,5,3,0.8936,1.0357,3,0.4556,0.7985,0.01,0.6617,0.8371,0.2676,0.5738
west_interval_collapsed,Western-12,dft,none,7,2037758966,False,0.9744,6,3,0.9768,2.3665,3,0.6978,0.9541,0.003,0.6722,0.8384,0.0789,0.5575
west_interval_collapsed,Western-12,dft,input_shuffled,7,2037758966,True,1.0,0,1,0.9416,0.2587,1,0.9102,0.8865,0.005,0.6623,0.8138,0.3859,0.5771
west_interval_collapsed,Western-12,dft,input_shuffled,7,2037758966,True,1.0,1,2,0.7797,1.4555,4,0.2603,0.6079,0.09845,0.6547,0.8055,0.5982,0.5836
west_interval_collapsed,Western-12,dft,input_shuffled,7,2037758966,True,1.0,2,5,0.9701,1.4061,5,0.1591,0.9411,0.0005,0.6628,0.8433,0.1693,0.5499
west_interval_collapsed,Western-12,dft,input_shuffled,7,2037758966,True,1.0,3,6,0.9813,-0.0,6,0.9813,0.963,0.007,0.6766,0.851,0.0926,0.6142
west_interval_collapsed,Western-12,dft,input_shuffled,7,2037758966,True,1.0,4,4,0.9896,-1.106,4,0.4436,0.9793,0.0015,0.6725,0.8249,0.0221,0.5631
west_interval_collapsed,Western-12,dft,input_shuffled,7,2037758966,True,1.0,5,2,0.9675,2.6975,2,0.8736,0.936,0.0005,0.655,0.8176,0.0608,0.6294
west_interval_collapsed,Western-12,dft,input_shuffled,7,2037758966,True,1.0,6,3,0.9703,-2.327,3,0.6657,0.9414,0.0055,0.6683,0.8369,0.3991,0.5963
west_interval_collapsed,Western-12,dft,label_shuffled,7,2037758966,False,0.7949,0,1,0.5537,-2.9562,1,0.5442,0.3066,0.85857,0.6332,0.77,0.2801,0.5895
west_interval_collapsed,Western-12,dft,label_shuffled,7,2037758966,False,0.7949,1,4,0.705,-2.5392,4,0.5809,0.497,0.27586,0.6555,0.8108,0.609,0.5744
west_interval_collapsed,Western-12,dft,label_shuffled,7,2037758966,False,0.7949,2,5,0.7145,0.564,5,0.6038,0.5104,0.22889,0.6504,0.8142,0.1955,0.5693
west_interval_collapsed,Western-12,dft,label_shuffled,7,2037758966,False,0.7949,3,1,0.5846,0.1726,1,0.5759,0.3417,0.77061,0.6555,0.8201,0.1522,0.5187
west_interval_collapsed,Western-12,dft,label_shuffled,7,2037758966,False,0.7949,4,4,0.6691,-0.3731,4,0.6231,0.4477,0.41129,0.6506,0.7907,0.3867,0.5333
west_interval_collapsed,Western-12,dft,label_shuffled,7,2037758966,False,0.7949,5,3,0.6194,0.9931,5,0.3932,0.3837,0.6082,0.6519,0.8156,0.0543,0.5988
west_interval_collapsed,Western-12,dft,label_shuffled,7,2037758966,False,0.7949,6,5,0.6155,0.3742,5,0.5729,0.3789,0.61419,0.6505,0.8126,0.4533,0.6212
west_interval_collapsed,Western-12,dft,none,7,1689155035,False,0.9744,0,4,0.6606,0.3457,4,0.6215,0.4364,0.38981,0.647,0.7993,0.1367,0.5611
west_interval_collapsed,Western-12,dft,none,7,1689155035,False,0.9744,1,3,0.9879,-2.4764,3,0.7773,0.9759,0.0005,0.6761,0.8358,0.2138,0.5519
west_interval_collapsed,Western-12,dft,none,7,1689155035,False,0.9744,2,4,0.7485,1.6425,2,0.5856,0.5602,0.2074,0.6778,0.8369,0.1218,0.5923
west_interval_collapsed,Western-12,dft,none,7,1689155035,False,0.9744,3,2,0.9509,-1.7395,6,0.3013,0.9042,0.001,0.6654,0.8282,0.414,0.5698
west_interval_collapsed,Western-12,dft,none,7,1689155035,False,0.9744,4,6,0.9904,-0.0,6,0.9904,0.9808,0.005,0.6769,0.8334,0.0433,0.6081
west_interval_collapsed,Western-12,dft,none,7,1689155035,False,0.9744,5,1,0.95,-1.709,3,0.1893,0.9025,0.002,0.6614,0.8384,0.7597,0.5388
west_interval_collapsed,Western-12,dft,none,7,1689155035,False,0.9744,6,5,0.9894,-2.8795,5,0.9556,0.9789,0.001,0.6618,0.8375,0.1053,0.5659
west_interval_collapsed,Western-12,dft,input_shuffled,7,1689155035,False,0.9231,0,6,0.961,3.1416,6,0.961,0.9236,0.0065,0.6687,0.8258,0.1999,0.5882
west_interval_collapsed,Western-12,dft,input_shuffled,7,1689155035,False,0.9231,1,3,0.9993,1.7368,3,0.1651,0.9987,0.0005,0.6541,0.8073,0.1734,0.5024
west_interval_collapsed,Western-12,dft,input_shuffled,7,1689155035,False,0.9231,2,6,0.9005,-0.0,6,0.9005,0.8108,0.008,0.6573,0.8262,0.0116,0.5565
west_interval_collapsed,Western-12,dft,input_shuffled,7,1689155035,False,0.9231,3,2,0.853,0.9693,2,0.4826,0.7275,0.003,0.639,0.7739,0.3365,0.5382
west_interval_collapsed,Western-12,dft,input_shuffled,7,1689155035,False,0.9231,4,1,0.9966,2.1412,1,0.5381,0.9932,0.0005,0.6628,0.8421,0.5289,0.5462
west_interval_collapsed,Western-12,dft,input_shuffled,7,1689155035,False,0.9231,5,2,0.974,2.6244,2,0.8466,0.9486,0.0005,0.6584,0.8225,0.0067,0.535
west_interval_collapsed,Western-12,dft,input_shuffled,7,1689155035,False,0.9231,6,5,0.905,2.4188,5,0.6787,0.819,0.0055,0.6597,0.8255,0.1309,0.5284
west_interval_collapsed,Western-12,dft,label_shuffled,7,1689155035,False,0.859,0,6,0.6564,3.1416,6,0.6564,0.4308,0.46827,0.6571,0.8163,0.2136,0.6078
west_interval_collapsed,Western-12,dft,label_shuffled,7,1689155035,False,0.859,1,5,0.6593,2.7639,5,0.6129,0.4347,0.4093,0.6472,0.8015,0.0752,0.57
west_interval_collapsed,Western-12,dft,label_shuffled,7,1689155035,False,0.859,2,2,0.6199,-3.141,2,0.6199,0.3843,0.62319,0.6559,0.8041,0.1454,0.5895
west_interval_collapsed,Western-12,dft,label_shuffled,7,1689155035,False,0.859,3,3,0.7129,2.5179,3,0.5787,0.5082,0.18591,0.6376,0.7794,0.0802,0.5369
west_interval_collapsed,Western-12,dft,label_shuffled,7,1689155035,False,0.859,4,1,0.5981,-0.8525,1,0.3936,0.3577,0.73063,0.6572,0.8152,0.4142,0.5928
west_interval_collapsed,Western-12,dft,label_shuffled,7,1689155035,False,0.859,5,2,0.6402,-2.5342,2,0.5257,0.4099,0.52974,0.6573,0.825,0.083,0.5219
west_interval_collapsed,Western-12,dft,label_shuffled,7,1689155035,False,0.859,6,5,0.6447,2.7661,5,0.5998,0.4157,0.52874,0.6605,0.8286,0.2811,0.5366
west_interval_collapsed,Western-12,dft,none,7,758396714,True,1.0,0,1,0.9905,1.9447,1,0.3618,0.981,0.0005,0.6606,0.8308,0.672,0.6235
west_interval_collapsed,Western-12,dft,none,7,758396714,True,1.0,1,2,0.9729,-0.534,2,0.8374,0.9465,0.0005,0.6603,0.8299,0.0592,0.5999
west_interval_collapsed,Western-12,dft,none,7,758396714,True,1.0,2,4,0.8965,1.5306,2,0.407,0.8038,0.02099,0.6688,0.8476,0.0498,0.5724
west_interval_collapsed,Western-12,dft,none,7,758396714,True,1.0,3,2,0.9793,-1.5394,6,0.1325,0.9591,0.0005,0.6593,0.8438,0.3154,0.5806
west_interval_collapsed,Western-12,dft,none,7,758396714,True,1.0,4,5,0.9489,-0.2074,5,0.9285,0.9004,0.0015,0.6631,0.8366,0.268,0.5069
west_interval_collapsed,Western-12,dft,none,7,758396714,True,1.0,5,3,0.9916,0.8589,3,0.6478,0.9832,0.0005,0.6805,0.8428,0.3428,0.5622
west_interval_collapsed,Western-12,dft,none,7,758396714,True,1.0,6,6,0.98,-0.0,6,0.98,0.9604,0.0045,0.6731,0.8369,0.0277,0.5549
west_interval_collapsed,Western-12,dft,input_shuffled,7,758396714,False,0.9231,0,3,0.9317,2.4466,3,0.7156,0.8681,0.0035,0.6618,0.8331,0.2954,0.5394
west_interval_collapsed,Western-12,dft,input_shuffled,7,758396714,False,0.9231,1,5,0.9307,-0.7604,5,0.6743,0.8661,0.0005,0.6552,0.8033,0.1604,0.536
west_interval_collapsed,Western-12,dft,input_shuffled,7,758396714,False,0.9231,2,2,0.9467,-0.3464,2,0.8905,0.8963,0.0035,0.6651,0.8418,0.0077,0.6342
west_interval_collapsed,Western-12,dft,input_shuffled,7,758396714,False,0.9231,3,2,0.8105,1.4308,4,0.4044,0.6569,0.01349,0.641,0.7709,0.3349,0.5244
west_interval_collapsed,Western-12,dft,input_shuffled,7,758396714,False,0.9231,4,4,0.961,3.1216,4,0.9608,0.9235,0.0035,0.6661,0.8342,0.0933,0.6084
west_interval_collapsed,Western-12,dft,input_shuffled,7,758396714,False,0.9231,5,3,0.994,1.2291,3,0.333,0.988,0.0005,0.6615,0.8316,0.2535,0.602
west_interval_collapsed,Western-12,dft,input_shuffled,7,758396714,False,0.9231,6,1,0.9979,-0.7752,1,0.7127,0.9957,0.0005,0.6583,0.8313,0.4081,0.5659
west_interval_collapsed,Western-12,dft,label_shuffled,7,758396714,False,0.9103,0,5,0.5582,-2.1751,4,0.3975,0.3116,0.86057,0.6525,0.8053,0.2222,0.5315
west_interval_collapsed,Western-12,dft,label_shuffled,7,758396714,False,0.9103,1,2,0.6362,0.8833,4,0.5627,0.4048,0.52174,0.6537,0.8225,0.0814,0.5563
west_interval_collapsed,Western-12,dft,label_shuffled,7,758396714,False,0.9103,2,2,0.6496,1.9173,3,0.437,0.422,0.49775,0.659,0.8354,0.3674,0.5874
west_interval_collapsed,Western-12,dft,label_shuffled,7,758396714,False,0.9103,3,2,0.5947,2.5669,2,0.4992,0.3537,0.72514,0.6621,0.8438,0.1435,0.5655
west_interval_collapsed,Western-12,dft,label_shuffled,7,758396714,False,0.9103,4,6,0.8323,3.1416,6,0.8323,0.6927,0.04298,0.6548,0.8286,0.3683,0.5839
west_interval_collapsed,Western-12,dft,label_shuffled,7,758396714,False,0.9103,5,2,0.6047,1.5756,4,0.4835,0.3657,0.67016,0.6538,0.8169,0.405,0.5474
west_interval_collapsed,Western-12,dft,label_shuffled,7,758396714,False,0.9103,6,4,0.5372,0.4914,4,0.4736,0.2885,0.93053,0.6515,0.7997,0.0629,0.5729
west_interval_collapsed,Western-12,dft,none,7,1945294356,False,0.9231,0,1,0.9691,2.8713,1,0.9339,0.9391,0.001,0.6629,0.839,0.035,0.5777
west_interval_collapsed,Western-12,dft,none,7,1945294356,False,0.9231,1,2,0.946,2.632,2,0.8258,0.8949,0.0015,0.6609,0.8308,0.0484,0.5253
west_interval_collapsed,Western-12,dft,none,7,1945294356,False,0.9231,2,5,0.8617,2.7681,5,0.8023,0.7425,0.03348,0.6633,0.8339,0.3873,0.5793
west_interval_collapsed,Western-12,dft,none,7,1945294356,False,0.9231,3,1,0.992,-1.7427,1,0.1696,0.9841,0.0005,0.6594,0.8473,0.7708,0.5898
west_interval_collapsed,Western-12,dft,none,7,1945294356,False,0.9231,4,3,0.9976,1.4967,3,0.0739,0.9953,0.0005,0.6519,0.7936,0.2171,0.6572
west_interval_collapsed,Western-12,dft,none,7,1945294356,False,0.9231,5,6,0.9328,3.1416,6,0.9328,0.8701,0.01099,0.6629,0.8419,0.1003,0.5651
west_interval_collapsed,Western-12,dft,none,7,1945294356,False,0.9231,6,4,0.9772,1.2668,4,0.2925,0.955,0.0005,0.6616,0.8148,0.1232,0.5804
west_interval_collapsed,Western-12,dft,input_shuffled,7,1945294356,False,0.9744,0,2,0.8141,1.0108,2,0.4325,0.6628,0.07146,0.6589,0.8288,0.2677,0.5559
west_interval_collapsed,Western-12,dft,input_shuffled,7,1945294356,False,0.9744,1,5,0.9129,-1.2934,5,0.25,0.8334,0.008,0.6507,0.797,0.0217,0.5733
west_interval_collapsed,Western-12,dft,input_shuffled,7,1945294356,False,0.9744,2,6,0.9813,-0.0,6,0.9813,0.963,0.007,0.6767,0.8477,0.1412,0.6018
west_interval_collapsed,Western-12,dft,input_shuffled,7,1945294356,False,0.9744,3,4,0.9416,2.0687,4,0.4497,0.8866,0.0065,0.6658,0.8206,0.0172,0.5528
west_interval_collapsed,Western-12,dft,input_shuffled,7,1945294356,False,0.9744,4,1,0.989,2.8741,1,0.9538,0.9781,0.0005,0.6617,0.8302,0.0042,0.5332
west_interval_collapsed,Western-12,dft,input_shuffled,7,1945294356,False,0.9744,5,2,0.7981,-0.4651,2,0.7133,0.637,0.06997,0.6637,0.8184,0.0516,0.57
west_interval_collapsed,Western-12,dft,input_shuffled,7,1945294356,False,0.9744,6,3,0.981,2.3896,3,0.7165,0.9624,0.0015,0.6712,0.8329,0.0217,0.5589
west_interval_collapsed,Western-12,dft,label_shuffled,7,1945294356,False,0.8462,0,3,0.6053,-2.1477,2,0.4524,0.3664,0.53773,0.6227,0.7761,0.0749,0.5815
west_interval_collapsed,Western-12,dft,label_shuffled,7,1945294356,False,0.8462,1,1,0.6956,0.0571,1,0.6944,0.4838,0.27136,0.6456,0.7941,0.1094,0.5579
west_interval_collapsed,Western-12,dft,label_shuffled,7,1945294356,False,0.8462,2,4,0.8146,0.897,4,0.5083,0.6636,0.03498,0.6474,0.8049,0.2227,0.555
west_interval_collapsed,Western-12,dft,label_shuffled,7,1945294356,False,0.8462,3,5,0.6098,2.3423,5,0.4252,0.3719,0.68566,0.6623,0.8288,0.1583,0.5699
west_interval_collapsed,Western-12,dft,label_shuffled,7,1945294356,False,0.8462,4,3,0.799,1.9236,4,0.3708,0.6383,0.09545,0.6563,0.8398,0.4111,0.5608
west_interval_collapsed,Western-12,dft,label_shuffled,7,1945294356,False,0.8462,5,5,0.7214,-1.6162,6,0.3324,0.5204,0.17341,0.6427,0.7929,0.142,0.592
west_interval_collapsed,Western-12,dft,label_shuffled,7,1945294356,False,0.8462,6,1,0.6348,-1.2381,5,0.4484,0.4029,0.55122,0.6605,0.8424,0.3056,0.6136
west_interval_collapsed,Western-12,dft,none,7,1077593584,False,0.8718,0,2,0.7348,-1.1297,1,0.3677,0.54,0.18491,0.6512,0.8009,0.1426,0.5645
west_interval_collapsed,Western-12,dft,none,7,1077593584,False,0.8718,1,2,0.9972,0.849,2,0.6589,0.9945,0.0005,0.66,0.8324,0.4139,0.5695
west_interval_collapsed,Western-12,dft,none,7,1077593584,False,0.8718,2,2,0.9268,-0.1845,2,0.9111,0.8589,0.0025,0.6573,0.841,0.1315,0.6226
west_interval_collapsed,Western-12,dft,none,7,1077593584,False,0.8718,3,5,0.9935,1.8219,5,0.2469,0.987,0.0005,0.6653,0.8364,0.0084,0.615
west_interval_collapsed,Western-12,dft,none,7,1077593584,False,0.8718,4,3,0.6758,0.11,3,0.6718,0.4568,0.32484,0.6496,0.8013,0.1371,0.5507
west_interval_collapsed,Western-12,dft,none,7,1077593584,False,0.8718,5,4,0.6605,0.9272,2,0.6072,0.4362,0.43028,0.6523,0.8125,0.3773,0.564
west_interval_collapsed,Western-12,dft,none,7,1077593584,False,0.8718,6,1,0.9915,-1.8272,1,0.2514,0.9832,0.0005,0.6596,0.8314,0.7873,0.5679
west_interval_collapsed,Western-12,dft,input_shuffled,7,1077593584,False,0.9744,0,6,0.9846,3.1416,6,0.9846,0.9694,0.004,0.6777,0.8284,0.2369,0.5526
west_interval_collapsed,Western-12,dft,input_shuffled,7,1077593584,False,0.9744,1,3,0.9879,-2.061,3,0.4651,0.976,0.0005,0.6641,0.8333,0.3231,0.5315
west_interval_collapsed,Western-12,dft,input_shuffled,7,1077593584,False,0.9744,2,2,0.8728,-1.5514,4,0.3952,0.7618,0.01699,0.663,0.8099,0.3911,0.5907
west_interval_collapsed,Western-12,dft,input_shuffled,7,1077593584,False,0.9744,3,5,0.9928,-0.7846,5,0.7025,0.9856,0.0005,0.6565,0.825,0.0562,0.5576
west_interval_collapsed,Western-12,dft,input_shuffled,7,1077593584,False,0.9744,4,5,0.9848,0.7903,5,0.693,0.9698,0.0005,0.6636,0.8326,0.2087,0.5156
west_interval_collapsed,Western-12,dft,input_shuffled,7,1077593584,False,0.9744,5,2,0.6883,-0.8428,6,0.6326,0.4738,0.32234,0.6573,0.8416,0.0458,0.5211
west_interval_collapsed,Western-12,dft,input_shuffled,7,1077593584,False,0.9744,6,1,0.9909,2.3549,1,0.6998,0.982,0.0005,0.6581,0.8326,0.4349,0.5482
west_interval_collapsed,Western-12,dft,label_shuffled,7,1077593584,False,0.859,0,3,0.5718,-0.2412,3,0.5552,0.3269,0.8081,0.6529,0.813,0.2667,0.5607
west_interval_collapsed,Western-12,dft,label_shuffled,7,1077593584,False,0.859,1,4,0.5083,-2.6817,4,0.4555,0.2584,0.96952,0.6519,0.8043,0.0033,0.5707
west_interval_collapsed,Western-12,dft,label_shuffled,7,1077593584,False,0.859,2,5,0.6431,1.7422,6,0.301,0.4136,0.52824,0.658,0.8273,0.0977,0.5347
west_interval_collapsed,Western-12,dft,label_shuffled,7,1077593584,False,0.859,3,1,0.7952,1.3088,5,0.248,0.6324,0.10195,0.6613,0.8401,0.7321,0.5573
west_interval_collapsed,Western-12,dft,label_shuffled,7,1077593584,False,0.859,4,1,0.6964,0.3397,1,0.6566,0.4849,0.35582,0.6657,0.8413,0.2878,0.5807
west_interval_collapsed,Western-12,dft,label_shuffled,7,1077593584,False,0.859,5,3,0.6719,-1.6923,4,0.483,0.4514,0.4058,0.6586,0.829,0.2946,0.596
west_interval_collapsed,Western-12,dft,label_shuffled,7,1077593584,False,0.859,6,2,0.6003,2.547,2,0.4972,0.3603,0.69165,0.6541,0.8238,0.1469,0.5894
west_interval_collapsed,Western-12,dft,none,7,420017498,True,1.0,0,3,0.9988,1.262,3,0.3036,0.9976,0.0005,0.661,0.8319,0.2578,0.5379
west_interval_collapsed,Western-12,dft,none,7,420017498,True,1.0,1,4,0.6837,2.4604,4,0.5311,0.4674,0.37731,0.6632,0.8384,0.0147,0.6258
west_interval_collapsed,Western-12,dft,none,7,420017498,True,1.0,2,4,0.963,-3.1251,4,0.9629,0.9274,0.002,0.664,0.8174,0.1763,0.5606
west_interval_collapsed,Western-12,dft,none,7,420017498,True,1.0,3,5,0.887,-2.1583,5,0.4917,0.7868,0.02199,0.6611,0.8444,0.09,0.5858
west_interval_collapsed,Western-12,dft,none,7,420017498,True,1.0,4,6,0.9964,3.1416,6,0.9964,0.9928,0.009,0.6847,0.8439,0.159,0.5356
west_interval_collapsed,Western-12,dft,none,7,420017498,True,1.0,5,1,0.9912,-2.3607,1,0.704,0.9824,0.0005,0.667,0.8478,0.6881,0.5611
west_interval_collapsed,Western-12,dft,none,7,420017498,True,1.0,6,2,0.9327,-1.6147,6,0.358,0.87,0.001,0.6561,0.821,0.2972,0.5825
west_interval_collapsed,Western-12,dft,input_shuffled,7,420017498,False,0.8974,0,5,0.9526,3.006,5,0.9438,0.9074,0.0005,0.6614,0.8375,0.1124,0.5836
west_interval_collapsed,Western-12,dft,input_shuffled,7,420017498,False,0.8974,1,6,0.9759,3.1416,6,0.9759,0.9523,0.008,0.6749,0.8436,0.2212,0.5478
west_interval_collapsed,Western-12,dft,input_shuffled,7,420017498,False,0.8974,2,3,0.9984,0.0469,3,0.9973,0.9968,0.0005,0.6529,0.7993,0.2224,0.562
west_interval_collapsed,Western-12,dft,input_shuffled,7,420017498,False,0.8974,3,5,0.9454,1.7709,1,0.2328,0.8939,0.001,0.6639,0.8394,0.178,0.6148
west_interval_collapsed,Western-12,dft,input_shuffled,7,420017498,False,0.8974,4,4,0.9612,3.1415,4,0.9612,0.9239,0.0085,0.6649,0.8273,0.2253,0.5676
west_interval_collapsed,Western-12,dft,input_shuffled,7,420017498,False,0.8974,5,2,0.9682,1.6706,6,0.2244,0.9373,0.001,0.6611,0.8159,0.341,0.5907
west_interval_collapsed,Western-12,dft,input_shuffled,7,420017498,False,0.8974,6,1,0.927,1.8385,1,0.2452,0.8594,0.0055,0.6595,0.8324,0.5714,0.5949
west_interval_collapsed,Western-12,dft,label_shuffled,7,420017498,False,0.8718,0,3,0.5965,1.8785,6,0.5951,0.3559,0.72864,0.6545,0.8034,0.3031,0.537
west_interval_collapsed,Western-12,dft,label_shuffled,7,420017498,False,0.8718,1,1,0.5119,1.614,6,0.4195,0.2621,0.96802,0.6552,0.8263,0.3294,0.5323
west_interval_collapsed,Western-12,dft,label_shuffled,7,420017498,False,0.8718,2,2,0.6149,-0.379,2,0.5713,0.3781,0.61669,0.6538,0.8211,0.264,0.5328
west_interval_collapsed,Western-12,dft,label_shuffled,7,420017498,False,0.8718,3,5,0.6312,0.9621,4,0.4103,0.3984,0.44178,0.6282,0.7625,0.116,0.5719
west_interval_collapsed,Western-12,dft,label_shuffled,7,420017498,False,0.8718,4,1,0.5603,2.007,6,0.4967,0.3139,0.83708,0.6411,0.787,0.2958,0.5672
west_interval_collapsed,Western-12,dft,label_shuffled,7,420017498,False,0.8718,5,5,0.6572,2.1757,1,0.4673,0.4319,0.43778,0.6575,0.8308,0.1014,0.6266
west_interval_collapsed,Western-12,dft,label_shuffled,7,420017498,False,0.8718,6,4,0.5611,-0.6203,2,0.5329,0.3148,0.86257,0.6586,0.8224,0.3687,0.5689
west_interval_collapsed,Western-12,dft,none,7,465109789,False,0.9487,0,4,0.9501,-0.0013,4,0.9501,0.9028,0.003,0.6669,0.8254,0.083,0.6054
west_interval_collapsed,Western-12,dft,none,7,465109789,False,0.9487,1,6,0.9695,3.1416,6,0.9695,0.94,0.0055,0.6713,0.8516,0.2193,0.5481
west_interval_collapsed,Western-12,dft,none,7,465109789,False,0.9487,2,1,0.9945,-0.7847,1,0.7037,0.989,0.0005,0.666,0.8452,0.3745,0.6027
west_interval_collapsed,Western-12,dft,none,7,465109789,False,0.9487,3,2,0.926,1.5812,4,0.3733,0.8574,0.008,0.6706,0.8268,0.4134,0.5994
west_interval_collapsed,Western-12,dft,none,7,465109789,False,0.9487,4,6,0.9441,-0.0,6,0.9441,0.8913,0.005,0.6671,0.8407,0.0932,0.6137
west_interval_collapsed,Western-12,dft,none,7,465109789,False,0.9487,5,3,0.9798,-0.8029,3,0.6806,0.9599,0.0025,0.675,0.8416,0.0289,0.5218
west_interval_collapsed,Western-12,dft,none,7,465109789,False,0.9487,6,2,0.9696,-1.5805,4,0.2338,0.9402,0.0015,0.665,0.82,0.4269,0.5782
west_interval_collapsed,Western-12,dft,input_shuffled,7,465109789,False,0.9744,0,4,0.9838,1.8231,4,0.2456,0.9679,0.0005,0.6599,0.817,0.0568,0.5819
west_interval_collapsed,Western-12,dft,input_shuffled,7,465109789,False,0.9744,1,6,0.9922,3.1416,6,0.9922,0.9844,0.0035,0.6791,0.8381,0.1297,0.5602
west_interval_collapsed,Western-12,dft,input_shuffled,7,465109789,False,0.9744,2,5,0.9504,-3.0332,5,0.9448,0.9032,0.001,0.6611,0.8558,0.2929,0.5848
west_interval_collapsed,Western-12,dft,input_shuffled,7,465109789,False,0.9744,3,2,0.7595,0.9539,4,0.5464,0.5769,0.12894,0.6528,0.8157,0.1544,0.5296
west_interval_collapsed,Western-12,dft,input_shuffled,7,465109789,False,0.9744,4,1,0.9814,-1.8368,1,0.258,0.9632,0.0005,0.6622,0.8411,0.7749,0.6236
west_interval_collapsed,Western-12,dft,input_shuffled,7,465109789,False,0.9744,5,3,0.9874,0.7976,3,0.6896,0.9749,0.0035,0.6805,0.8372,0.2601,0.5605
west_interval_collapsed,Western-12,dft,input_shuffled,7,465109789,False,0.9744,6,2,0.9359,-2.5729,2,0.7885,0.8758,0.001,0.6558,0.8163,0.3946,0.547
west_interval_collapsed,Western-12,dft,label_shuffled,7,465109789,False,0.8205,0,4,0.6474,0.1013,4,0.6441,0.4191,0.48676,0.6553,0.8193,0.4193,0.5455
west_interval_collapsed,Western-12,dft,label_shuffled,7,465109789,False,0.8205,1,6,0.6789,3.1416,6,0.6789,0.4608,0.33933,0.649,0.8123,0.426,0.5709
west_interval_collapsed,Western-12,dft,label_shuffled,7,465109789,False,0.8205,2,3,0.6926,3.1246,3,0.6925,0.4797,0.10745,0.6128,0.717,0.1688,0.5299
west_interval_collapsed,Western-12,dft,label_shuffled,7,465109789,False,0.8205,3,3,0.551,-0.1783,3,0.5423,0.3037,0.87706,0.654,0.8074,0.0495,0.5868
west_interval_collapsed,Western-12,dft,label_shuffled,7,465109789,False,0.8205,4,2,0.7132,0.7197,2,0.5363,0.5087,0.28036,0.6625,0.8467,0.4579,0.5548
west_interval_collapsed,Western-12,dft,label_shuffled,7,465109789,False,0.8205,5,5,0.8384,0.401,5,0.7718,0.7028,0.02499,0.6533,0.8161,0.2029,0.6029
west_interval_collapsed,Western-12,dft,label_shuffled,7,465109789,False,0.8205,6,2,0.7695,-1.6725,6,0.407,0.5921,0.09395,0.6489,0.8086,0.6028,0.5299
west_interval_collapsed,Western-12,dft,none,7,1127888924,False,0.9744,0,4,0.9964,1.0212,4,0.5205,0.9928,0.001,0.6728,0.8336,0.2351,0.6367
west_interval_collapsed,Western-12,dft,none,7,1127888924,False,0.9744,1,5,0.9406,3.0242,5,0.9341,0.8847,0.002,0.6627,0.849,0.0815,0.6053
west_interval_collapsed,Western-12,dft,none,7,1127888924,False,0.9744,2,1,0.9975,1.8508,1,0.2757,0.9951,0.0005,0.6632,0.8428,0.6748,0.5523
west_interval_collapsed,Western-12,dft,none,7,1127888924,False,0.9744,3,2,0.9519,1.6809,6,0.2978,0.9061,0.001,0.6641,0.8283,0.2539,0.583
west_interval_collapsed,Western-12,dft,none,7,1127888924,False,0.9744,4,6,0.9786,3.1416,6,0.9786,0.9576,0.007,0.6763,0.8512,0.0496,0.5765
west_interval_collapsed,Western-12,dft,none,7,1127888924,False,0.9744,5,2,0.7718,3.0176,2,0.7659,0.5957,0.09445,0.6503,0.7993,0.0287,0.5834
west_interval_collapsed,Western-12,dft,none,7,1127888924,False,0.9744,6,3,0.9909,-2.3672,3,0.7083,0.982,0.0035,0.6752,0.8331,0.2906,0.6138
west_interval_collapsed,Western-12,dft,input_shuffled,7,1127888924,False,0.9487,0,4,0.9694,1.0466,4,0.4852,0.9398,0.005,0.6593,0.8126,0.2258,0.5898
west_interval_collapsed,Western-12,dft,input_shuffled,7,1127888924,False,0.9487,1,2,0.945,-1.3811,6,0.3227,0.8931,0.0085,0.6657,0.8402,0.2363,0.5911
west_interval_collapsed,Western-12,dft,input_shuffled,7,1127888924,False,0.9487,2,1,0.953,-0.5133,1,0.8302,0.9082,0.0015,0.6639,0.8438,0.0974,0.5855
west_interval_collapsed,Western-12,dft,input_shuffled,7,1127888924,False,0.9487,3,1,0.9853,1.0161,1,0.5189,0.9708,0.0005,0.6649,0.8516,0.8021,0.6144
west_interval_collapsed,Western-12,dft,input_shuffled,7,1127888924,False,0.9487,4,5,0.9558,0.5048,5,0.8366,0.9136,0.002,0.6623,0.8415,0.1459,0.5354
west_interval_collapsed,Western-12,dft,input_shuffled,7,1127888924,False,0.9487,5,6,0.7701,-0.0,6,0.7701,0.5931,0.12094,0.6697,0.8228,0.0792,0.5499
west_interval_collapsed,Western-12,dft,input_shuffled,7,1127888924,False,0.9487,6,3,0.9802,0.2261,3,0.9553,0.9609,0.0005,0.6548,0.8283,0.3789,0.5977
west_interval_collapsed,Western-12,dft,label_shuffled,7,1127888924,False,0.9359,0,4,0.7173,2.1539,4,0.395,0.5145,0.21589,0.6457,0.7896,0.3633,0.6145
west_interval_collapsed,Western-12,dft,label_shuffled,7,1127888924,False,0.9359,1,1,0.7164,-1.0234,1,0.3729,0.5133,0.25137,0.6573,0.8214,0.5026,0.6107
west_interval_collapsed,Western-12,dft,label_shuffled,7,1127888924,False,0.9359,2,2,0.6046,2.0251,3,0.4567,0.3656,0.69315,0.6592,0.8368,0.4917,0.5679
west_interval_collapsed,Western-12,dft,label_shuffled,7,1127888924,False,0.9359,3,1,0.6189,1.7758,5,0.4034,0.383,0.61069,0.6495,0.788,0.3275,0.6162
west_interval_collapsed,Western-12,dft,label_shuffled,7,1127888924,False,0.9359,4,3,0.7295,-0.3073,3,0.6954,0.5322,0.2094,0.6592,0.8341,0.1185,0.5377
west_interval_collapsed,Western-12,dft,label_shuffled,7,1127888924,False,0.9359,5,3,0.6047,0.1407,3,0.5987,0.3657,0.67216,0.6518,0.8137,0.0913,0.5579
west_interval_collapsed,Western-12,dft,label_shuffled,7,1127888924,False,0.9359,6,3,0.841,2.7819,3,0.7872,0.7072,0.03598,0.6554,0.8201,0.1064,0.5584
west_interval_collapsed,Western-12,dft,none,7,580523123,False,0.9487,0,3,0.9934,-2.3673,3,0.7102,0.9869,0.003,0.6789,0.8379,0.2929,0.5392
west_interval_collapsed,Western-12,dft,none,7,580523123,False,0.9487,1,1,0.9802,1.3107,1,0.252,0.9608,0.001,0.6585,0.8224,0.707,0.5021
west_interval_collapsed,Western-12,dft,none,7,580523123,False,0.9487,2,5,0.9814,0.2566,5,0.9493,0.9631,0.0005,0.6573,0.8258,0.1918,0.5916
west_interval_collapsed,Western-12,dft,none,7,580523123,False,0.9487,3,4,0.7558,2.1048,2,0.5279,0.5713,0.16092,0.6616,0.8293,0.0358,0.6289
west_interval_collapsed,Western-12,dft,none,7,580523123,False,0.9487,4,2,0.9917,1.0708,2,0.4755,0.9835,0.0005,0.6642,0.843,0.3861,0.5762
west_interval_collapsed,Western-12,dft,none,7,580523123,False,0.9487,5,2,0.8392,2.502,2,0.6734,0.7043,0.02949,0.6695,0.8191,0.0588,0.5821
west_interval_collapsed,Western-12,dft,none,7,580523123,False,0.9487,6,6,0.9843,3.1416,6,0.9843,0.9689,0.007,0.6758,0.8314,0.1525,0.6198
west_interval_collapsed,Western-12,dft,input_shuffled,7,580523123,True,1.0,0,3,0.9561,-2.3137,3,0.6467,0.9141,0.004,0.6678,0.8364,0.2248,0.512
west_interval_collapsed,Western-12,dft,input_shuffled,7,580523123,True,1.0,1,5,0.9592,0.0301,5,0.9587,0.92,0.001,0.6644,0.8298,0.1841,0.5535
west_interval_collapsed,Western-12,dft,input_shuffled,7,580523123,True,1.0,2,5,0.9548,-1.4998,5,0.0677,0.9117,0.001,0.6606,0.8357,0.1165,0.6025
west_interval_collapsed,Western-12,dft,input_shuffled,7,580523123,True,1.0,3,4,0.9923,-3.1178,4,0.992,0.9846,0.004,0.6707,0.8227,0.2493,0.5985
west_interval_collapsed,Western-12,dft,input_shuffled,7,580523123,True,1.0,4,4,0.9998,1.0458,4,0.5011,0.9996,0.003,0.6687,0.8351,0.1958,0.5557
west_interval_collapsed,Western-12,dft,input_shuffled,7,580523123,True,1.0,5,4,0.9976,2.8275,4,0.9488,0.9952,0.0005,0.6646,0.8338,0.1742,0.538
west_interval_collapsed,Western-12,dft,input_shuffled,7,580523123,True,1.0,6,6,0.968,-0.0,6,0.968,0.937,0.0035,0.6692,0.838,0.0516,0.5772
west_interval_collapsed,Western-12,dft,label_shuffled,7,580523123,False,0.9231,0,2,0.535,-1.1846,4,0.2311,0.2862,0.93103,0.6489,0.8109,0.2554,0.5161
west_interval_collapsed,Western-12,dft,label_shuffled,7,580523123,False,0.9231,1,2,0.5734,1.8245,1,0.4035,0.3288,0.78561,0.6355,0.7697,0.4384,0.5196
west_interval_collapsed,Western-12,dft,label_shuffled,7,580523123,False,0.9231,2,3,0.6429,1.6011,4,0.5707,0.4133,0.46977,0.6461,0.7991,0.1987,0.5828
west_interval_collapsed,Western-12,dft,label_shuffled,7,580523123,False,0.9231,3,1,0.622,-0.299,1,0.5944,0.3869,0.61669,0.6545,0.8105,0.3001,0.5765
west_interval_collapsed,Western-12,dft,label_shuffled,7,580523123,False,0.9231,4,2,0.8049,1.5872,4,0.2736,0.6478,0.07496,0.6601,0.8306,0.3732,0.6271
west_interval_collapsed,Western-12,dft,label_shuffled,7,580523123,False,0.9231,5,5,0.6536,1.4025,6,0.3823,0.4272,0.42129,0.6461,0.8064,0.1839,0.5066
west_interval_collapsed,Western-12,dft,label_shuffled,7,580523123,False,0.9231,6,4,0.7924,-2.5958,4,0.6773,0.6279,0.06697,0.6488,0.8056,0.1909,0.5949
west_interval_collapsed,Western-12,dft,none,7,947102804,True,1.0,0,2,0.5913,-1.5108,4,0.5851,0.3497,0.74013,0.6547,0.8131,0.0927,0.6113
west_interval_collapsed,Western-12,dft,none,7,947102804,True,1.0,1,2,0.9324,2.6926,2,0.84,0.8693,0.001,0.654,0.8169,0.0876,0.5675
west_interval_collapsed,Western-12,dft,none,7,947102804,True,1.0,2,4,0.9992,2.0472,4,0.4582,0.9985,0.0005,0.6681,0.83,0.0229,0.6039
west_interval_collapsed,Western-12,dft,none,7,947102804,True,1.0,3,6,0.9815,-0.0,6,0.9815,0.9633,0.0075,0.6766,0.8347,0.1067,0.5226
west_interval_collapsed,Western-12,dft,none,7,947102804,True,1.0,4,5,0.9727,-1.5959,3,0.0712,0.9461,0.001,0.663,0.8402,0.1685,0.5899
west_interval_collapsed,Western-12,dft,none,7,947102804,True,1.0,5,3,0.9751,0.7477,3,0.715,0.9509,0.003,0.6741,0.8336,0.3041,0.5884
west_interval_collapsed,Western-12,dft,none,7,947102804,True,1.0,6,1,0.9707,-3.0789,1,0.9688,0.9423,0.0005,0.6634,0.8512,0.2046,0.5517
west_interval_collapsed,Western-12,dft,input_shuffled,7,947102804,False,0.9744,0,2,0.9209,-1.1186,2,0.4024,0.8481,0.0075,0.661,0.8403,0.0442,0.5457
west_interval_collapsed,Western-12,dft,input_shuffled,7,947102804,False,0.9744,1,3,0.8306,-2.4825,3,0.6566,0.6898,0.04198,0.6569,0.8239,0.6567,0.6214
west_interval_collapsed,Western-12,dft,input_shuffled,7,947102804,False,0.9744,2,4,0.985,2.0913,4,0.4899,0.9702,0.006,0.6685,0.8226,0.022,0.5841
west_interval_collapsed,Western-12,dft,input_shuffled,7,947102804,False,0.9744,3,6,0.9773,3.1416,6,0.9773,0.9552,0.0055,0.6713,0.8405,0.0812,0.5834
west_interval_collapsed,Western-12,dft,input_shuffled,7,947102804,False,0.9744,4,1,0.9279,1.1147,1,0.4087,0.861,0.01449,0.6704,0.8624,0.821,0.5359
west_interval_collapsed,Western-12,dft,input_shuffled,7,947102804,False,0.9744,5,3,0.9841,-0.8274,3,0.666,0.9684,0.0015,0.6783,0.8577,0.037,0.6024
west_interval_collapsed,Western-12,dft,input_shuffled,7,947102804,False,0.9744,6,1,0.9228,1.9127,1,0.3094,0.8515,0.006,0.6646,0.8323,0.5338,0.5925
west_interval_collapsed,Western-12,dft,label_shuffled,7,947102804,False,0.9103,0,5,0.5514,-0.3731,5,0.5135,0.3041,0.88306,0.6497,0.8012,0.7805,0.6054
west_interval_collapsed,Western-12,dft,label_shuffled,7,947102804,False,0.9103,1,5,0.5978,-0.6885,3,0.5625,0.3574,0.69015,0.6537,0.8303,0.0513,0.5819
west_interval_collapsed,Western-12,dft,label_shuffled,7,947102804,False,0.9103,2,3,0.5826,1.2936,5,0.343,0.3394,0.77961,0.6535,0.8059,0.1024,0.5655
west_interval_collapsed,Western-12,dft,label_shuffled,7,947102804,False,0.9103,3,3,0.6892,-1.3142,2,0.5213,0.475,0.33833,0.6565,0.8262,0.3365,0.5481
west_interval_collapsed,Western-12,dft,label_shuffled,7,947102804,False,0.9103,4,2,0.6192,-0.8357,2,0.4152,0.3834,0.62769,0.6483,0.7969,0.2719,0.5503
west_interval_collapsed,Western-12,dft,label_shuffled,7,947102804,False,0.9103,5,2,0.6782,-2.263,2,0.4329,0.4599,0.29735,0.6374,0.7776,0.1753,0.5193
west_interval_collapsed,Western-12,dft,label_shuffled,7,947102804,False,0.9103,6,5,0.6617,0.9088,5,0.4067,0.4378,0.3988,0.6474,0.793,0.2072,0.5132
west_interval_collapsed,Western-12,dft,none,7,110710664,True,1.0,0,2,0.9549,0.5392,2,0.8194,0.9118,0.001,0.6551,0.8225,0.295,0.5543
west_interval_collapsed,Western-12,dft,none,7,110710664,True,1.0,1,5,0.9982,-0.544,5,0.8541,0.9963,0.0005,0.6593,0.8304,0.1593,0.5841
west_interval_collapsed,Western-12,dft,none,7,110710664,True,1.0,2,3,0.9447,-2.3672,3,0.6753,0.8925,0.007,0.6629,0.8344,0.2916,0.5462
west_interval_collapsed,Western-12,dft,none,7,110710664,True,1.0,3,4,0.5783,-2.8046,4,0.5458,0.3345,0.75712,0.6187,0.7092,0.2021,0.5233
west_interval_collapsed,Western-12,dft,none,7,110710664,True,1.0,4,2,0.5811,-1.3444,4,0.3755,0.3377,0.78961,0.6578,0.8165,0.6177,0.5827
west_interval_collapsed,Western-12,dft,none,7,110710664,True,1.0,5,6,0.9936,-0.0,6,0.9936,0.9872,0.009,0.6819,0.8342,0.1041,0.5517
west_interval_collapsed,Western-12,dft,none,7,110710664,True,1.0,6,1,0.9969,-1.0358,1,0.5083,0.9939,0.0005,0.6633,0.8455,0.549,0.5495
west_interval_collapsed,Western-12,dft,input_shuffled,7,110710664,False,0.9744,0,3,0.9908,-2.318,3,0.6733,0.9816,0.003,0.6777,0.8287,0.2623,0.596
west_interval_collapsed,Western-12,dft,input_shuffled,7,110710664,False,0.9744,1,6,0.9841,-0.0,6,0.9841,0.9685,0.009,0.6766,0.8504,0.1721,0.5577
west_interval_collapsed,Western-12,dft,input_shuffled,7,110710664,False,0.9744,2,2,0.973,-2.4256,2,0.7341,0.9468,0.0005,0.668,0.8447,0.4164,0.5876
west_interval_collapsed,Western-12,dft,input_shuffled,7,110710664,False,0.9744,3,5,0.9539,0.4031,5,0.8775,0.91,0.001,0.6591,0.8428,0.3316,0.5888
west_interval_collapsed,Western-12,dft,input_shuffled,7,110710664,False,0.9744,4,2,0.8229,-0.9963,2,0.4472,0.6772,0.003,0.6315,0.7569,0.3202,0.5874
west_interval_collapsed,Western-12,dft,input_shuffled,7,110710664,False,0.9744,5,1,0.9777,1.3387,1,0.2249,0.956,0.0005,0.6626,0.8401,0.7932,0.5502
west_interval_collapsed,Western-12,dft,input_shuffled,7,110710664,False,0.9744,6,4,0.9939,-2.1128,4,0.5127,0.9878,0.0005,0.6708,0.8294,0.1796,0.5142
west_interval_collapsed,Western-12,dft,label_shuffled,7,110710664,False,0.9103,0,2,0.7743,0.0123,2,0.7742,0.5995,0.03248,0.6229,0.7588,0.0725,0.5539
west_interval_collapsed,Western-12,dft,label_shuffled,7,110710664,False,0.9103,1,4,0.6107,0.2558,4,0.5909,0.373,0.64968,0.6428,0.7681,0.1588,0.6534
west_interval_collapsed,Western-12,dft,label_shuffled,7,110710664,False,0.9103,2,4,0.5292,0.2867,4,0.5076,0.28,0.93503,0.6579,0.8323,0.6335,0.5541
west_interval_collapsed,Western-12,dft,label_shuffled,7,110710664,False,0.9103,3,4,0.8885,-2.4254,4,0.6702,0.7894,0.02049,0.6604,0.8417,0.1368,0.5958
west_interval_collapsed,Western-12,dft,label_shuffled,7,110710664,False,0.9103,4,3,0.5571,0.3843,3,0.5165,0.3104,0.85807,0.6461,0.7947,0.1238,0.6307
west_interval_collapsed,Western-12,dft,label_shuffled,7,110710664,False,0.9103,5,5,0.4974,-1.3992,4,0.4296,0.2474,0.98501,0.6523,0.8073,0.3763,0.5996
west_interval_collapsed,Western-12,dft,label_shuffled,7,110710664,False,0.9103,6,5,0.6506,-0.0522,5,0.6497,0.4232,0.51024,0.667,0.8461,0.0198,0.5948
west_interval_collapsed,Western-12,dft,none,7,605302961,False,0.9744,0,2,0.9986,1.5402,2,0.0306,0.9972,0.0005,0.6633,0.8415,0.3887,0.6112
west_interval_collapsed,Western-12,dft,none,7,605302961,False,0.9744,1,4,0.6977,0.3295,4,0.6601,0.4867,0.22589,0.6433,0.7979,0.2921,0.5522
west_interval_collapsed,Western-12,dft,none,7,605302961,False,0.9744,2,4,0.7471,1.3206,1,0.419,0.5581,0.2014,0.6656,0.8459,0.2489,0.5694
west_interval_collapsed,Western-12,dft,none,7,605302961,False,0.9744,3,3,0.9909,-2.3616,3,0.7045,0.982,0.006,0.68,0.8297,0.3691,0.5653
west_interval_collapsed,Western-12,dft,none,7,605302961,False,0.9744,4,1,0.9762,-1.1627,1,0.3874,0.9529,0.001,0.6663,0.8482,0.6191,0.5606
west_interval_collapsed,Western-12,dft,none,7,605302961,False,0.9744,5,5,0.9458,2.6113,5,0.8159,0.8946,0.001,0.6619,0.8651,0.1516,0.5962
west_interval_collapsed,Western-12,dft,none,7,605302961,False,0.9744,6,6,0.9851,3.1416,6,0.9851,0.9705,0.0035,0.675,0.847,0.1741,0.6156
west_interval_collapsed,Western-12,dft,input_shuffled,7,605302961,False,0.9744,0,3,0.9896,0.7934,3,0.6941,0.9793,0.0035,0.6797,0.8353,0.2746,0.5832
west_interval_collapsed,Western-12,dft,input_shuffled,7,605302961,False,0.9744,1,2,0.8813,-3.0516,2,0.8778,0.7767,0.0015,0.6455,0.8023,0.2814,0.5598
west_interval_collapsed,Western-12,dft,input_shuffled,7,605302961,False,0.9744,2,5,0.9957,-1.8478,5,0.2723,0.9914,0.0005,0.6633,0.8454,0.0797,0.5569
west_interval_collapsed,Western-12,dft,input_shuffled,7,605302961,False,0.9744,3,1,0.9571,-3.0672,1,0.9545,0.9161,0.001,0.6613,0.8454,0.295,0.5686
west_interval_collapsed,Western-12,dft,input_shuffled,7,605302961,False,0.9744,4,4,0.9955,0.0154,4,0.9954,0.991,0.0005,0.6689,0.8233,0.1917,0.5225
west_interval_collapsed,Western-12,dft,input_shuffled,7,605302961,False,0.9744,5,2,0.9626,1.8182,6,0.2525,0.9267,0.0035,0.6693,0.8379,0.2214,0.5751
west_interval_collapsed,Western-12,dft,input_shuffled,7,605302961,False,0.9744,6,6,0.9857,3.1416,6,0.9857,0.9717,0.003,0.6774,0.8443,0.0655,0.5605
west_interval_collapsed,Western-12,dft,label_shuffled,7,605302961,False,0.8333,0,2,0.6838,-3.0868,2,0.6828,0.4676,0.34033,0.6519,0.8088,0.1583,0.5814
west_interval_collapsed,Western-12,dft,label_shuffled,7,605302961,False,0.8333,1,1,0.6477,-2.8577,1,0.6218,0.4196,0.45277,0.6431,0.7914,0.0964,0.5575
west_interval_collapsed,Western-12,dft,label_shuffled,7,605302961,False,0.8333,2,5,0.7299,-0.9135,5,0.446,0.5328,0.12944,0.6414,0.7754,0.0959,0.5615
west_interval_collapsed,Western-12,dft,label_shuffled,7,605302961,False,0.8333,3,6,0.8135,3.1416,6,0.8135,0.6617,0.07896,0.6604,0.84,0.2555,0.5703
west_interval_collapsed,Western-12,dft,label_shuffled,7,605302961,False,0.8333,4,1,0.7996,-1.6201,3,0.3022,0.6394,0.07746,0.6555,0.8211,0.6041,0.5976
west_interval_collapsed,Western-12,dft,label_shuffled,7,605302961,False,0.8333,5,3,0.7125,-2.9533,3,0.6999,0.5076,0.17241,0.6383,0.777,0.1982,0.5815
west_interval_collapsed,Western-12,dft,label_shuffled,7,605302961,False,0.8333,6,3,0.5798,-0.895,5,0.4537,0.3362,0.77061,0.6529,0.8101,0.5998,0.5277
west_interval_collapsed,Western-12,dft,none,7,829487091,False,0.7949,0,4,0.9991,-2.1162,4,0.5183,0.9982,0.0005,0.672,0.834,0.2169,0.575
west_interval_collapsed,Western-12,dft,none,7,829487091,False,0.7949,1,5,0.5528,2.95,5,0.5427,0.3056,0.88906,0.651,0.7999,0.0848,0.5606
west_interval_collapsed,Western-12,dft,none,7,829487091,False,0.7949,2,2,0.9433,1.073,2,0.4504,0.8898,0.007,0.6783,0.8367,0.4324,0.6
west_interval_collapsed,Western-12,dft,none,7,829487091,False,0.7949,3,4,0.9919,-1.0554,4,0.4889,0.9839,0.004,0.6695,0.8253,0.0781,0.6162
west_interval_collapsed,Western-12,dft,none,7,829487091,False,0.7949,4,3,0.9917,-2.3641,3,0.7068,0.9835,0.0055,0.6807,0.8381,0.3374,0.5834
west_interval_collapsed,Western-12,dft,none,7,829487091,False,0.7949,5,1,0.9332,1.3296,1,0.2229,0.8709,0.01099,0.6804,0.8299,0.8603,0.5521
west_interval_collapsed,Western-12,dft,none,7,829487091,False,0.7949,6,4,0.6311,1.7348,2,0.4806,0.3983,0.49475,0.6416,0.7967,0.1532,0.5347
west_interval_collapsed,Western-12,dft,input_shuffled,7,829487091,False,0.9615,0,3,0.9916,1.1287,3,0.4243,0.9833,0.0005,0.6676,0.8479,0.2963,0.5433
west_interval_collapsed,Western-12,dft,input_shuffled,7,829487091,False,0.9615,1,4,0.8177,1.0812,4,0.3845,0.6686,0.04298,0.6446,0.8115,0.1524,0.5398
west_interval_collapsed,Western-12,dft,input_shuffled,7,829487091,False,0.9615,2,2,0.9164,-0.2063,2,0.897,0.8398,0.01199,0.6716,0.8414,0.0432,0.4917
west_interval_collapsed,Western-12,dft,input_shuffled,7,829487091,False,0.9615,3,4,0.9926,-2.0705,4,0.4756,0.9852,0.0015,0.6703,0.8291,0.1766,0.5474
west_interval_collapsed,Western-12,dft,input_shuffled,7,829487091,False,0.9615,4,5,0.9541,-0.7671,5,0.6869,0.9104,0.0025,0.6643,0.8331,0.2275,0.5716
west_interval_collapsed,Western-12,dft,input_shuffled,7,829487091,False,0.9615,5,6,0.9841,-0.0,6,0.9841,0.9684,0.0035,0.6776,0.8394,0.0951,0.5553
west_interval_collapsed,Western-12,dft,input_shuffled,7,829487091,False,0.9615,6,4,0.7022,-2.2132,4,0.4207,0.493,0.26737,0.6484,0.7964,0.116,0.5401
west_interval_collapsed,Western-12,dft,label_shuffled,7,829487091,False,0.8846,0,2,0.6362,1.069,3,0.3684,0.4048,0.52774,0.6499,0.8084,0.0931,0.5614
west_interval_collapsed,Western-12,dft,label_shuffled,7,829487091,False,0.8846,1,1,0.549,-1.9334,5,0.4591,0.3014,0.87556,0.6569,0.8392,0.2982,0.525
west_interval_collapsed,Western-12,dft,label_shuffled,7,829487091,False,0.8846,2,5,0.4995,-2.6415,5,0.4383,0.2495,0.98151,0.6554,0.8063,0.4092,0.5152
west_interval_collapsed,Western-12,dft,label_shuffled,7,829487091,False,0.8846,3,1,0.6561,-2.3242,1,0.4488,0.4305,0.43278,0.6553,0.8357,0.5582,0.5643
west_interval_collapsed,Western-12,dft,label_shuffled,7,829487091,False,0.8846,4,2,0.6717,-0.9528,2,0.3892,0.4512,0.38731,0.6538,0.8115,0.3667,0.5649
west_interval_collapsed,Western-12,dft,label_shuffled,7,829487091,False,0.8846,5,2,0.6467,1.0789,2,0.3054,0.4182,0.43978,0.647,0.8099,0.3021,0.5569
west_interval_collapsed,Western-12,dft,label_shuffled,7,829487091,False,0.8846,6,6,0.6521,-0.0,6,0.6521,0.4252,0.46977,0.652,0.8022,0.0459,0.5903
west_interval_collapsed,Western-12,dft,none,7,1995852954,False,0.9744,0,4,0.9991,3.1412,4,0.9991,0.9982,0.003,0.6678,0.8341,0.1939,0.5638
west_interval_collapsed,Western-12,dft,none,7,1995852954,False,0.9744,1,6,0.9911,-0.0,6,0.9911,0.9823,0.008,0.6789,0.8285,0.1835,0.5619
west_interval_collapsed,Western-12,dft,none,7,1995852954,False,0.9744,2,3,0.9926,-1.1603,3,0.3961,0.9853,0.0005,0.6657,0.842,0.1546,0.593
west_interval_collapsed,Western-12,dft,none,7,1995852954,False,0.9744,3,2,0.9782,-1.5775,4,0.2036,0.9568,0.0005,0.6631,0.8265,0.3846,0.5712
west_interval_collapsed,Western-12,dft,none,7,1995852954,False,0.9744,4,5,0.9992,-2.3581,5,0.7078,0.9984,0.0005,0.6651,0.8349,0.1683,0.539
west_interval_collapsed,Western-12,dft,none,7,1995852954,False,0.9744,5,1,0.9862,-2.356,1,0.6972,0.9726,0.0005,0.6563,0.8223,0.6634,0.6037
west_interval_collapsed,Western-12,dft,none,7,1995852954,False,0.9744,6,4,0.8348,-0.2245,4,0.8138,0.6968,0.03898,0.6555,0.8185,0.2971,0.5545
west_interval_collapsed,Western-12,dft,input_shuffled,7,1995852954,False,0.8974,0,4,0.8449,1.2029,4,0.3039,0.7138,0.01499,0.649,0.8001,0.0265,0.5777
west_interval_collapsed,Western-12,dft,input_shuffled,7,1995852954,False,0.8974,1,6,0.9943,-0.0,6,0.9943,0.9886,0.0035,0.6783,0.8236,0.1437,0.5665
west_interval_collapsed,Western-12,dft,input_shuffled,7,1995852954,False,0.8974,2,3,0.988,1.3587,3,0.208,0.9761,0.0005,0.6545,0.8151,0.2055,0.5556
west_interval_collapsed,Western-12,dft,input_shuffled,7,1995852954,False,0.8974,3,1,0.9808,0.2725,1,0.9446,0.962,0.0005,0.6579,0.8191,0.456,0.6111
west_interval_collapsed,Western-12,dft,input_shuffled,7,1995852954,False,0.8974,4,5,0.9995,-1.8852,5,0.3091,0.999,0.0005,0.6612,0.8345,0.126,0.6673
west_interval_collapsed,Western-12,dft,input_shuffled,7,1995852954,False,0.8974,5,2,0.981,2.5236,2,0.7995,0.9623,0.0005,0.6584,0.8171,0.0533,0.5696
west_interval_collapsed,Western-12,dft,input_shuffled,7,1995852954,False,0.8974,6,6,0.7781,-0.0,6,0.7781,0.6054,0.06597,0.6445,0.7844,0.0651,0.5432
west_interval_collapsed,Western-12,dft,label_shuffled,7,1995852954,False,0.9103,0,2,0.7626,2.0758,2,0.3689,0.5815,0.11594,0.6491,0.8038,0.0481,0.6162
west_interval_collapsed,Western-12,dft,label_shuffled,7,1995852954,False,0.9103,1,2,0.7368,-0.3232,2,0.6987,0.5429,0.17591,0.6539,0.821,0.1975,0.5661
west_interval_collapsed,Western-12,dft,label_shuffled,7,1995852954,False,0.9103,2,4,0.7192,2.5116,4,0.5812,0.5173,0.21289,0.6492,0.7944,0.0626,0.5746
west_interval_collapsed,Western-12,dft,label_shuffled,7,1995852954,False,0.9103,3,6,0.5638,-0.0,6,0.5638,0.3179,0.84608,0.6494,0.7908,0.243,0.6237
west_interval_collapsed,Western-12,dft,label_shuffled,7,1995852954,False,0.9103,4,3,0.6835,2.5691,3,0.5745,0.4672,0.32184,0.6472,0.7975,0.0554,0.6087
west_interval_collapsed,Western-12,dft,label_shuffled,7,1995852954,False,0.9103,5,4,0.7338,-2.1646,4,0.4105,0.5384,0.16542,0.6493,0.8125,0.189,0.5913
west_interval_collapsed,Western-12,dft,label_shuffled,7,1995852954,False,0.9103,6,3,0.6725,-1.4394,4,0.3296,0.4522,0.4048,0.657,0.8198,0.061,0.5367
west_interval_collapsed,Western-12,dft,none,7,974680833,False,0.8974,0,3,0.9988,-3.101,3,0.998,0.9976,0.0005,0.6528,0.7859,0.1799,0.581
west_interval_collapsed,Western-12,dft,none,7,974680833,False,0.8974,1,2,0.8965,2.0577,2,0.4194,0.8037,0.01099,0.6583,0.8291,0.2867,0.5363
west_interval_collapsed,Western-12,dft,none,7,974680833,False,0.8974,2,2,0.9672,0.604,2,0.7961,0.9355,0.0005,0.6666,0.8392,0.3762,0.5844
west_interval_collapsed,Western-12,dft,none,7,974680833,False,0.8974,3,6,0.9733,-0.0,6,0.9733,0.9473,0.005,0.6727,0.8522,0.2005,0.5491
west_interval_collapsed,Western-12,dft,none,7,974680833,False,0.8974,4,4,0.9854,-0.9806,4,0.5484,0.9711,0.0025,0.669,0.8183,0.0453,0.6187
west_interval_collapsed,Western-12,dft,none,7,974680833,False,0.8974,5,1,0.9774,2.7685,1,0.9101,0.9552,0.0005,0.6625,0.834,0.0592,0.5738
west_interval_collapsed,Western-12,dft,none,7,974680833,False,0.8974,6,5,0.9935,1.8761,5,0.2986,0.987,0.0005,0.6625,0.8415,0.0276,0.5617
west_interval_collapsed,Western-12,dft,input_shuffled,7,974680833,True,1.0,0,3,0.9997,2.341,3,0.696,0.9994,0.0005,0.6798,0.8193,0.014,0.5735
west_interval_collapsed,Western-12,dft,input_shuffled,7,974680833,True,1.0,1,6,0.991,-0.0,6,0.991,0.9821,0.0045,0.6785,0.839,0.1144,0.5864
west_interval_collapsed,Western-12,dft,input_shuffled,7,974680833,True,1.0,2,2,0.9439,2.6761,2,0.8434,0.8909,0.001,0.6595,0.8255,0.0717,0.6071
west_interval_collapsed,Western-12,dft,input_shuffled,7,974680833,True,1.0,3,4,0.6638,1.1795,3,0.2922,0.4407,0.42029,0.6544,0.819,0.2707,0.5334
west_interval_collapsed,Western-12,dft,input_shuffled,7,974680833,True,1.0,4,1,0.9926,-3.1376,1,0.9926,0.9852,0.0005,0.6597,0.8391,0.1819,0.5815
west_interval_collapsed,Western-12,dft,input_shuffled,7,974680833,True,1.0,5,5,0.9683,1.4666,1,0.1257,0.9375,0.001,0.6644,0.8485,0.1383,0.5524
west_interval_collapsed,Western-12,dft,input_shuffled,7,974680833,True,1.0,6,4,0.9009,-1.635,5,0.3861,0.8116,0.01149,0.6599,0.8283,0.0366,0.5644
west_interval_collapsed,Western-12,dft,label_shuffled,7,974680833,False,0.859,0,5,0.7698,-2.0583,3,0.4134,0.5926,0.14293,0.6612,0.832,0.268,0.5674
west_interval_collapsed,Western-12,dft,label_shuffled,7,974680833,False,0.859,1,6,0.6355,3.1416,6,0.6355,0.4039,0.54923,0.6532,0.8261,0.2501,0.5573
west_interval_collapsed,Western-12,dft,label_shuffled,7,974680833,False,0.859,2,2,0.6162,0.7042,6,0.5162,0.3797,0.61769,0.6522,0.8104,0.5113,0.5589
west_interval_collapsed,Western-12,dft,label_shuffled,7,974680833,False,0.859,3,5,0.5877,2.2388,5,0.364,0.3454,0.74963,0.6538,0.8146,0.2299,0.5545
west_interval_collapsed,Western-12,dft,label_shuffled,7,974680833,False,0.859,4,1,0.6316,1.3279,6,0.3919,0.3989,0.56972,0.6553,0.8274,0.4678,0.5877
west_interval_collapsed,Western-12,dft,label_shuffled,7,974680833,False,0.859,5,1,0.7798,2.8235,1,0.7407,0.6081,0.10895,0.6607,0.8287,0.1424,0.5849
west_interval_collapsed,Western-12,dft,label_shuffled,7,974680833,False,0.859,6,3,0.536,2.9952,3,0.5302,0.2873,0.91554,0.6342,0.7732,0.4323,0.6032
west_interval_collapsed,Western-12,dft,none,7,937187637,False,0.9744,0,4,0.7738,1.038,2,0.4723,0.5987,0.13943,0.6599,0.8194,0.4375,0.559
west_interval_collapsed,Western-12,dft,none,7,937187637,False,0.9744,1,2,0.949,-1.4245,6,0.3151,0.9006,0.002,0.6692,0.8386,0.2556,0.5898
west_interval_collapsed,Western-12,dft,none,7,937187637,False,0.9744,2,2,0.768,0.5731,2,0.6453,0.5899,0.12744,0.6686,0.8266,0.4508,0.5515
west_interval_collapsed,Western-12,dft,none,7,937187637,False,0.9744,3,5,0.9825,-1.8327,5,0.2544,0.9654,0.0005,0.6595,0.8456,0.0818,0.6166
west_interval_collapsed,Western-12,dft,none,7,937187637,False,0.9744,4,6,0.9723,3.1416,6,0.9723,0.9453,0.003,0.669,0.8349,0.184,0.5975
west_interval_collapsed,Western-12,dft,none,7,937187637,False,0.9744,5,4,0.8763,2.654,4,0.7742,0.768,0.03698,0.6809,0.8379,0.0168,0.5693
west_interval_collapsed,Western-12,dft,none,7,937187637,False,0.9744,6,3,0.9644,-2.3664,3,0.6889,0.9302,0.0045,0.6713,0.8473,0.3076,0.5535
west_interval_collapsed,Western-12,dft,input_shuffled,7,937187637,True,1.0,0,4,0.9572,-0.1897,4,0.94,0.9162,0.0005,0.6612,0.8084,0.0768,0.5488
west_interval_collapsed,Western-12,dft,input_shuffled,7,937187637,True,1.0,1,2,0.9571,-1.5677,6,0.2889,0.916,0.0015,0.6577,0.8333,0.2923,0.5289
west_interval_collapsed,Western-12,dft,input_shuffled,7,937187637,True,1.0,2,4,0.9705,-0.1708,4,0.9564,0.9419,0.0005,0.6595,0.8079,0.0935,0.6258
west_interval_collapsed,Western-12,dft,input_shuffled,7,937187637,True,1.0,3,5,0.9342,-0.4401,5,0.8452,0.8727,0.0055,0.6657,0.8403,0.2556,0.522
west_interval_collapsed,Western-12,dft,input_shuffled,7,937187637,True,1.0,4,3,0.9953,-0.794,3,0.6977,0.9906,0.0025,0.6809,0.829,0.0184,0.5376
west_interval_collapsed,Western-12,dft,input_shuffled,7,937187637,True,1.0,5,1,0.9892,-0.7841,1,0.7004,0.9786,0.0005,0.6675,0.8509,0.3676,0.5828
west_interval_collapsed,Western-12,dft,input_shuffled,7,937187637,True,1.0,6,6,0.9922,3.1416,6,0.9922,0.9844,0.0025,0.683,0.8425,0.149,0.5809
west_interval_collapsed,Western-12,dft,label_shuffled,7,937187637,False,0.8846,0,1,0.8123,3.0833,1,0.811,0.6599,0.07046,0.6597,0.8205,0.0772,0.4944
west_interval_collapsed,Western-12,dft,label_shuffled,7,937187637,False,0.8846,1,3,0.5398,-1.5551,5,0.5374,0.2914,0.92454,0.66,0.8333,0.0875,0.5499
west_interval_collapsed,Western-12,dft,label_shuffled,7,937187637,False,0.8846,2,1,0.6511,-0.5144,1,0.5668,0.4239,0.49125,0.6588,0.8318,0.1615,0.5847
west_interval_collapsed,Western-12,dft,label_shuffled,7,937187637,False,0.8846,3,2,0.5985,-1.2096,6,0.2483,0.3582,0.67316,0.6488,0.8078,0.4234,0.5335
west_interval_collapsed,Western-12,dft,label_shuffled,7,937187637,False,0.8846,4,3,0.7041,-0.341,3,0.6635,0.4957,0.29785,0.6614,0.8346,0.1517,0.5892
west_interval_collapsed,Western-12,dft,label_shuffled,7,937187637,False,0.8846,5,1,0.6261,-1.8702,3,0.4191,0.392,0.37731,0.609,0.7158,0.2948,0.5517
west_interval_collapsed,Western-12,dft,label_shuffled,7,937187637,False,0.8846,6,2,0.7598,0.2268,2,0.7404,0.5773,0.02899,0.6232,0.7381,0.0472,0.5757
west_interval_collapsed,Western-12,dft,none,7,1771074021,False,0.8974,0,2,0.9458,1.7121,6,0.3034,0.8945,0.003,0.6596,0.8268,0.2528,0.6214
west_interval_collapsed,Western-12,dft,none,7,1771074021,False,0.8974,1,5,0.9093,3.0836,5,0.9077,0.8268,0.0045,0.6613,0.8498,0.2087,0.574
west_interval_collapsed,Western-12,dft,none,7,1771074021,False,0.8974,2,3,0.9974,-1.5564,6,0.0291,0.9949,0.0005,0.652,0.7891,0.1655,0.5348
west_interval_collapsed,Western-12,dft,none,7,1771074021,False,0.8974,3,1,0.9863,-1.3681,1,0.1985,0.9728,0.001,0.6622,0.836,0.6913,0.5359
west_interval_collapsed,Western-12,dft,none,7,1771074021,False,0.8974,4,4,0.9956,1.0581,4,0.4884,0.9912,0.007,0.6729,0.8304,0.1771,0.5424
west_interval_collapsed,Western-12,dft,none,7,1771074021,False,0.8974,5,4,0.7709,-0.7831,4,0.5463,0.5943,0.09395,0.6474,0.7933,0.071,0.592
west_interval_collapsed,Western-12,dft,none,7,1771074021,False,0.8974,6,2,0.9279,0.3818,2,0.8611,0.861,0.0065,0.6621,0.8044,0.2687,0.5793
west_interval_collapsed,Western-12,dft,input_shuffled,7,1771074021,True,1.0,0,3,0.9985,-0.7926,3,0.701,0.9971,0.003,0.6798,0.824,0.0387,0.5824
west_interval_collapsed,Western-12,dft,input_shuffled,7,1771074021,True,1.0,1,2,0.9809,2.3246,2,0.6713,0.9622,0.0005,0.6535,0.8182,0.1425,0.5613
west_interval_collapsed,Western-12,dft,input_shuffled,7,1771074021,True,1.0,2,4,1.0,2.1086,4,0.5123,1.0,0.0005,0.6707,0.8347,0.0043,0.6267
west_interval_collapsed,Western-12,dft,input_shuffled,7,1771074021,True,1.0,3,6,0.9658,-0.0,6,0.9658,0.9328,0.006,0.6681,0.8382,0.1444,0.5493
west_interval_collapsed,Western-12,dft,input_shuffled,7,1771074021,True,1.0,4,5,0.9749,-2.6313,5,0.8507,0.9504,0.001,0.6655,0.8553,0.137,0.5383
west_interval_collapsed,Western-12,dft,input_shuffled,7,1771074021,True,1.0,5,4,0.9538,2.1617,4,0.5314,0.9097,0.0025,0.6624,0.8109,0.1688,0.5545
west_interval_collapsed,Western-12,dft,input_shuffled,7,1771074021,True,1.0,6,1,0.9812,1.0743,1,0.4674,0.9628,0.0005,0.6646,0.8485,0.7724,0.5684
west_interval_collapsed,Western-12,dft,label_shuffled,7,1771074021,False,0.9103,0,4,0.5182,-1.4092,1,0.4565,0.2685,0.95252,0.6429,0.7956,0.1586,0.5964
west_interval_collapsed,Western-12,dft,label_shuffled,7,1771074021,False,0.9103,1,1,0.6054,0.8819,4,0.4405,0.3665,0.64968,0.647,0.8096,0.1209,0.6342
west_interval_collapsed,Western-12,dft,label_shuffled,7,1771074021,False,0.9103,2,6,0.6593,-0.0,6,0.6593,0.4346,0.45227,0.6556,0.812,0.0273,0.6161
west_interval_collapsed,Western-12,dft,label_shuffled,7,1771074021,False,0.9103,3,4,0.5782,-2.1251,1,0.4331,0.3343,0.8056,0.6615,0.8362,0.2284,0.5569
west_interval_collapsed,Western-12,dft,label_shuffled,7,1771074021,False,0.9103,4,4,0.84,-0.541,4,0.72,0.7055,0.02949,0.6542,0.8194,0.1547,0.5699
west_interval_collapsed,Western-12,dft,label_shuffled,7,1771074021,False,0.9103,5,2,0.5628,2.8658,2,0.5415,0.3167,0.84708,0.6479,0.8002,0.1187,0.5687
west_interval_collapsed,Western-12,dft,label_shuffled,7,1771074021,False,0.9103,6,5,0.6258,1.6015,6,0.5709,0.3917,0.58371,0.6466,0.7807,0.3122,0.6354
west_interval_collapsed,Western-12,dft,none,7,2026837604,False,0.9744,0,3,0.9938,-2.3574,3,0.7036,0.9877,0.0055,0.6772,0.8272,0.2536,0.5963
west_interval_collapsed,Western-12,dft,none,7,2026837604,False,0.9744,1,1,0.9226,2.7769,1,0.8619,0.8511,0.008,0.6629,0.8281,0.007,0.5071
west_interval_collapsed,Western-12,dft,none,7,2026837604,False,0.9744,2,2,0.9828,-1.5546,4,0.1839,0.9658,0.001,0.663,0.818,0.386,0.574
west_interval_collapsed,Western-12,dft,none,7,2026837604,False,0.9744,3,4,0.9951,0.0002,4,0.9951,0.9902,0.0055,0.6722,0.8237,0.1755,0.5944
west_interval_collapsed,Western-12,dft,none,7,2026837604,False,0.9744,4,2,0.8164,1.6291,1,0.4044,0.6665,0.01349,0.6375,0.7689,0.3651,0.5693
west_interval_collapsed,Western-12,dft,none,7,2026837604,False,0.9744,5,1,0.6144,0.465,4,0.6028,0.3775,0.63418,0.6619,0.8294,0.1072,0.6176
west_interval_collapsed,Western-12,dft,none,7,2026837604,False,0.9744,6,6,0.9829,-0.0,6,0.9829,0.9662,0.009,0.6736,0.8394,0.1414,0.5691
west_interval_collapsed,Western-12,dft,input_shuffled,7,2026837604,False,0.9487,0,2,0.9446,-1.4502,6,0.3252,0.8923,0.001,0.6622,0.8318,0.2589,0.5537
west_interval_collapsed,Western-12,dft,input_shuffled,7,2026837604,False,0.9487,1,2,0.6853,0.3885,4,0.6744,0.4696,0.2079,0.6301,0.7503,0.0277,0.6292
west_interval_collapsed,Western-12,dft,input_shuffled,7,2026837604,False,0.9487,2,3,0.979,-2.3297,3,0.6736,0.9584,0.004,0.6759,0.845,0.2016,0.5783
west_interval_collapsed,Western-12,dft,input_shuffled,7,2026837604,False,0.9487,3,4,0.9797,1.0935,4,0.4501,0.9597,0.0025,0.67,0.8317,0.2493,0.5602
west_interval_collapsed,Western-12,dft,input_shuffled,7,2026837604,False,0.9487,4,1,0.9992,-1.3086,1,0.259,0.9983,0.0005,0.6596,0.8316,0.6876,0.5517
west_interval_collapsed,Western-12,dft,input_shuffled,7,2026837604,False,0.9487,5,6,0.9965,3.1416,6,0.9965,0.9929,0.0035,0.6825,0.8291,0.1683,0.5685
west_interval_collapsed,Western-12,dft,input_shuffled,7,2026837604,False,0.9487,6,2,0.8979,-2.7129,2,0.8166,0.8062,0.004,0.6579,0.8044,0.1907,0.5674
west_interval_collapsed,Western-12,dft,label_shuffled,7,2026837604,False,0.8846,0,1,0.558,-2.3955,4,0.5235,0.3114,0.84958,0.6379,0.7841,0.4309,0.5884
west_interval_collapsed,Western-12,dft,label_shuffled,7,2026837604,False,0.8846,1,3,0.6728,-2.3812,3,0.4875,0.4527,0.35882,0.6473,0.8002,0.5745,0.6029
west_interval_collapsed,Western-12,dft,label_shuffled,7,2026837604,False,0.8846,2,5,0.6126,-0.7881,2,0.4421,0.3753,0.66617,0.6565,0.8149,0.1627,0.5018
west_interval_collapsed,Western-12,dft,label_shuffled,7,2026837604,False,0.8846,3,5,0.5709,2.6323,5,0.4984,0.3259,0.82909,0.6642,0.8296,0.0591,0.5119
west_interval_collapsed,Western-12,dft,label_shuffled,7,2026837604,False,0.8846,4,1,0.5587,2.9805,1,0.5515,0.3121,0.87056,0.6583,0.8263,0.1721,0.553
west_interval_collapsed,Western-12,dft,label_shuffled,7,2026837604,False,0.8846,5,4,0.5907,-0.7882,6,0.4798,0.3489,0.73163,0.6517,0.8039,0.0009,0.5789
west_interval_collapsed,Western-12,dft,label_shuffled,7,2026837604,False,0.8846,6,3,0.7165,2.3188,3,0.4873,0.5133,0.21339,0.6484,0.7936,0.2857,0.5853
west_interval_collapsed,Western-12,dft,none,7,681646165,False,0.9744,0,6,0.9875,3.1416,6,0.9875,0.9752,0.0085,0.68,0.8404,0.1414,0.5752
west_interval_collapsed,Western-12,dft,none,7,681646165,False,0.9744,1,5,0.9754,-1.3071,5,0.2542,0.9515,0.0005,0.6527,0.8159,0.004,0.5654
west_interval_collapsed,Western-12,dft,none,7,681646165,False,0.9744,2,2,0.9751,-0.3049,2,0.9301,0.9508,0.0005,0.6638,0.8332,0.0624,0.5454
west_interval_collapsed,Western-12,dft,none,7,681646165,False,0.9744,3,1,0.9925,1.3114,1,0.2546,0.985,0.0005,0.6607,0.8373,0.7437,0.5887
west_interval_collapsed,Western-12,dft,none,7,681646165,False,0.9744,4,3,0.9654,0.789,3,0.6802,0.932,0.0035,0.6713,0.8332,0.0865,0.5802
west_interval_collapsed,Western-12,dft,none,7,681646165,False,0.9744,5,2,0.9809,2.6003,2,0.8407,0.9622,0.0005,0.6643,0.8228,0.0136,0.5957
west_interval_collapsed,Western-12,dft,none,7,681646165,False,0.9744,6,5,0.9935,-2.878,5,0.9592,0.987,0.0005,0.6547,0.8236,0.2144,0.557
west_interval_collapsed,Western-12,dft,input_shuffled,7,681646165,True,1.0,0,6,0.956,3.1416,6,0.956,0.9138,0.006,0.6694,0.8397,0.2191,0.5852
west_interval_collapsed,Western-12,dft,input_shuffled,7,681646165,True,1.0,1,5,0.9854,-2.5451,5,0.8153,0.9711,0.0005,0.6663,0.8521,0.2617,0.5829
west_interval_collapsed,Western-12,dft,input_shuffled,7,681646165,True,1.0,2,2,0.9725,-1.8063,2,0.2269,0.9457,0.001,0.6636,0.835,0.4446,0.5287
west_interval_collapsed,Western-12,dft,input_shuffled,7,681646165,True,1.0,3,1,0.9883,1.0318,1,0.5073,0.9768,0.0005,0.6562,0.8236,0.7361,0.5915
west_interval_collapsed,Western-12,dft,input_shuffled,7,681646165,True,1.0,4,3,0.9834,0.3793,3,0.9135,0.9671,0.0005,0.6612,0.8339,0.3003,0.5647
west_interval_collapsed,Western-12,dft,input_shuffled,7,681646165,True,1.0,5,2,0.7961,1.8701,6,0.4858,0.6338,0.01499,0.6332,0.7519,0.2078,0.5938
west_interval_collapsed,Western-12,dft,input_shuffled,7,681646165,True,1.0,6,5,0.9943,2.1341,5,0.531,0.9887,0.0005,0.6612,0.8373,0.0006,0.5395
west_interval_collapsed,Western-12,dft,label_shuffled,7,681646165,False,0.8718,0,2,0.5926,-0.3547,2,0.5557,0.3512,0.73613,0.6586,0.8335,0.4362,0.5525
west_interval_collapsed,Western-12,dft,label_shuffled,7,681646165,False,0.8718,1,1,0.5713,-3.0875,1,0.5705,0.3264,0.8016,0.6492,0.8108,0.1324,0.5372
west_interval_collapsed,Western-12,dft,label_shuffled,7,681646165,False,0.8718,2,4,0.6957,1.5778,1,0.3607,0.4841,0.29235,0.6505,0.8152,0.272,0.5775
west_interval_collapsed,Western-12,dft,label_shuffled,7,681646165,False,0.8718,3,5,0.7999,0.5557,5,0.6795,0.6399,0.02799,0.6457,0.776,0.0489,0.5416
west_interval_collapsed,Western-12,dft,label_shuffled,7,681646165,False,0.8718,4,5,0.5435,2.2556,2,0.3757,0.2953,0.90105,0.6461,0.8002,0.2457,0.5808
west_interval_collapsed,Western-12,dft,label_shuffled,7,681646165,False,0.8718,5,3,0.6139,0.578,3,0.5142,0.3769,0.63018,0.6541,0.8161,0.0831,0.5312
west_interval_collapsed,Western-12,dft,label_shuffled,7,681646165,False,0.8718,6,5,0.5277,2.884,5,0.5103,0.2785,0.94053,0.6409,0.784,0.0069,0.6077
west_interval_collapsed,Western-12,dft,none,7,600445356,True,1.0,0,5,0.9887,3.0722,5,0.9863,0.9775,0.0005,0.6622,0.8509,0.2073,0.5683
west_interval_collapsed,Western-12,dft,none,7,600445356,True,1.0,1,5,0.9932,-1.5931,5,0.0222,0.9865,0.0005,0.66,0.8337,0.0272,0.5554
west_interval_collapsed,Western-12,dft,none,7,600445356,True,1.0,2,6,0.9621,-0.0,6,0.9621,0.9256,0.0065,0.6699,0.8277,0.2118,0.517
west_interval_collapsed,Western-12,dft,none,7,600445356,True,1.0,3,2,0.6859,-0.09,2,0.6831,0.4704,0.31484,0.6461,0.7988,0.2409,0.5324
west_interval_collapsed,Western-12,dft,none,7,600445356,True,1.0,4,3,0.9721,-2.4298,3,0.7361,0.9451,0.002,0.6688,0.8341,0.2833,0.5479
west_interval_collapsed,Western-12,dft,none,7,600445356,True,1.0,5,1,0.9918,1.6064,5,0.0432,0.9837,0.0005,0.6587,0.8378,0.732,0.5527
west_interval_collapsed,Western-12,dft,none,7,600445356,True,1.0,6,2,0.9206,-2.8713,2,0.8872,0.8475,0.005,0.6512,0.7995,0.1754,0.5482
west_interval_collapsed,Western-12,dft,input_shuffled,7,600445356,False,0.8462,0,5,0.9578,1.1895,5,0.3564,0.9174,0.0005,0.6605,0.827,0.1983,0.5612
west_interval_collapsed,Western-12,dft,input_shuffled,7,600445356,False,0.8462,1,4,0.9426,-3.0955,4,0.9416,0.8885,0.0035,0.6584,0.8072,0.1296,0.5505
west_interval_collapsed,Western-12,dft,input_shuffled,7,600445356,False,0.8462,2,4,0.8379,-0.9914,4,0.4588,0.7021,0.02399,0.6522,0.8078,0.2524,0.5441
west_interval_collapsed,Western-12,dft,input_shuffled,7,600445356,False,0.8462,3,3,0.9142,-1.0034,3,0.4913,0.8358,0.0025,0.6579,0.8259,0.0601,0.5645
west_interval_collapsed,Western-12,dft,input_shuffled,7,600445356,False,0.8462,4,2,0.9928,1.6578,4,0.0938,0.9856,0.001,0.6634,0.8237,0.3099,0.5251
west_interval_collapsed,Western-12,dft,input_shuffled,7,600445356,False,0.8462,5,1,0.9775,1.7558,1,0.1798,0.9555,0.0005,0.6679,0.8348,0.631,0.6046
west_interval_collapsed,Western-12,dft,input_shuffled,7,600445356,False,0.8462,6,2,0.7283,0.3486,2,0.6845,0.5304,0.12944,0.6392,0.7754,0.4059,0.5498
west_interval_collapsed,Western-12,dft,label_shuffled,7,600445356,False,0.8846,0,5,0.7257,1.9422,5,0.2633,0.5266,0.24138,0.6628,0.8331,0.1434,0.5171
west_interval_collapsed,Western-12,dft,label_shuffled,7,600445356,False,0.8846,1,1,0.6665,1.8964,5,0.262,0.4442,0.29685,0.6297,0.7663,0.6488,0.5625
west_interval_collapsed,Western-12,dft,label_shuffled,7,600445356,False,0.8846,2,2,0.634,0.8197,2,0.4327,0.4019,0.52924,0.6436,0.7832,0.4067,0.557
west_interval_collapsed,Western-12,dft,label_shuffled,7,600445356,False,0.8846,3,5,0.629,-1.5046,3,0.4482,0.3956,0.50975,0.638,0.7786,0.0028,0.6031
west_interval_collapsed,Western-12,dft,label_shuffled,7,600445356,False,0.8846,4,4,0.5412,-1.687,5,0.4694,0.2928,0.90355,0.645,0.7945,0.386,0.5827
west_interval_collapsed,Western-12,dft,label_shuffled,7,600445356,False,0.8846,5,4,0.7242,-2.703,4,0.6556,0.5245,0.24788,0.6592,0.8355,0.3075,0.5875
west_interval_collapsed,Western-12,dft,label_shuffled,7,600445356,False,0.8846,6,3,0.6896,2.2794,2,0.4535,0.4755,0.35632,0.66,0.8198,0.2944,0.5664
west_interval_collapsed,Western-12,dft,none,7,1991965241,False,0.9744,0,1,0.9929,0.2393,1,0.9646,0.9858,0.0005,0.656,0.831,0.4031,0.5527
west_interval_collapsed,Western-12,dft,none,7,1991965241,False,0.9744,1,4,0.9795,0.3425,4,0.9226,0.9594,0.0005,0.6588,0.8309,0.313,0.556
west_interval_collapsed,Western-12,dft,none,7,1991965241,False,0.9744,2,5,0.9495,-0.421,5,0.8666,0.9015,0.0005,0.6543,0.8114,0.2307,0.5083
west_interval_collapsed,Western-12,dft,none,7,1991965241,False,0.9744,3,3,0.9771,0.7936,3,0.6852,0.9546,0.007,0.6748,0.8485,0.2139,0.5924
west_interval_collapsed,Western-12,dft,none,7,1991965241,False,0.9744,4,6,0.9871,-0.0,6,0.9871,0.9743,0.007,0.6782,0.8452,0.2324,0.606
west_interval_collapsed,Western-12,dft,none,7,1991965241,False,0.9744,5,5,0.9844,1.2521,5,0.3085,0.969,0.0005,0.6635,0.8435,0.0061,0.5621
west_interval_collapsed,Western-12,dft,none,7,1991965241,False,0.9744,6,2,0.9729,1.5034,6,0.1719,0.9466,0.0005,0.661,0.831,0.3555,0.6177
west_interval_collapsed,Western-12,dft,input_shuffled,7,1991965241,False,0.9744,0,4,0.9823,-2.2331,4,0.604,0.9648,0.0005,0.6672,0.8297,0.1542,0.5605
west_interval_collapsed,Western-12,dft,input_shuffled,7,1991965241,False,0.9744,1,4,0.987,0.1873,4,0.9698,0.9742,0.0005,0.6648,0.8265,0.1628,0.5562
west_interval_collapsed,Western-12,dft,input_shuffled,7,1991965241,False,0.9744,2,3,0.9884,2.2072,3,0.5874,0.9769,0.0005,0.6757,0.8389,0.0659,0.583
west_interval_collapsed,Western-12,dft,input_shuffled,7,1991965241,False,0.9744,3,1,0.7246,0.4152,1,0.6631,0.5251,0.1974,0.6485,0.7967,0.1642,0.506
west_interval_collapsed,Western-12,dft,input_shuffled,7,1991965241,False,0.9744,4,6,0.9767,-0.0,6,0.9767,0.9539,0.008,0.6729,0.8525,0.1516,0.597
west_interval_collapsed,Western-12,dft,input_shuffled,7,1991965241,False,0.9744,5,1,0.9172,2.6906,1,0.8255,0.8412,0.01199,0.6639,0.8277,0.0767,0.6119
west_interval_collapsed,Western-12,dft,input_shuffled,7,1991965241,False,0.9744,6,4,0.9641,1.9969,4,0.3985,0.9296,0.001,0.6563,0.8014,0.0523,0.5219
west_interval_collapsed,Western-12,dft,label_shuffled,7,1991965241,False,0.9231,0,4,0.5573,1.4696,6,0.5163,0.3106,0.87956,0.6578,0.8215,0.1927,0.6229
west_interval_collapsed,Western-12,dft,label_shuffled,7,1991965241,False,0.9231,1,1,0.5992,2.7367,1,0.5508,0.3591,0.70965,0.6583,0.8327,0.2552,0.572
west_interval_collapsed,Western-12,dft,label_shuffled,7,1991965241,False,0.9231,2,3,0.8225,1.6768,5,0.3596,0.6764,0.04248,0.6471,0.8101,0.0785,0.5595
west_interval_collapsed,Western-12,dft,label_shuffled,7,1991965241,False,0.9231,3,1,0.7813,2.8582,1,0.7501,0.6104,0.07096,0.6464,0.7955,0.2212,0.5742
west_interval_collapsed,Western-12,dft,label_shuffled,7,1991965241,False,0.9231,4,3,0.6955,-0.1825,3,0.6839,0.4837,0.28736,0.649,0.7906,0.093,0.6217
west_interval_collapsed,Western-12,dft,label_shuffled,7,1991965241,False,0.9231,5,3,0.5689,-1.652,6,0.3594,0.3236,0.83158,0.6544,0.8193,0.0724,0.5143
west_interval_collapsed,Western-12,dft,label_shuffled,7,1991965241,False,0.9231,6,4,0.6534,2.059,3,0.4872,0.4269,0.42179,0.6453,0.7975,0.3427,0.5518
west_interval_collapsed,Western-12,dft,none,7,1722885943,False,0.8846,0,5,0.9629,-1.6251,1,0.1689,0.9272,0.0005,0.662,0.8295,0.2847,0.5545
west_interval_collapsed,Western-12,dft,none,7,1722885943,False,0.8846,1,1,0.9549,-1.268,1,0.2848,0.9118,0.001,0.6584,0.8462,0.5283,0.5016
west_interval_collapsed,Western-12,dft,none,7,1722885943,False,0.8846,2,4,0.5793,-0.5687,6,0.5569,0.3356,0.6077,0.5983,0.6986,0.2958,0.6226
west_interval_collapsed,Western-12,dft,none,7,1722885943,False,0.8846,3,4,0.6988,-2.5209,4,0.5685,0.4883,0.29335,0.6523,0.8075,0.2614,0.5631
west_interval_collapsed,Western-12,dft,none,7,1722885943,False,0.8846,4,4,0.7205,1.9764,2,0.3834,0.5191,0.23138,0.6476,0.7921,0.2408,0.5823
west_interval_collapsed,Western-12,dft,none,7,1722885943,False,0.8846,5,4,0.539,-3.0029,4,0.5338,0.2905,0.90855,0.627,0.7396,0.2821,0.5497
west_interval_collapsed,Western-12,dft,none,7,1722885943,False,0.8846,6,2,0.916,2.4895,2,0.7281,0.8391,0.01449,0.6604,0.8304,0.0161,0.5139
west_interval_collapsed,Western-12,dft,input_shuffled,7,1722885943,False,0.9744,0,2,0.9622,2.3794,2,0.696,0.9258,0.0005,0.6491,0.8063,0.133,0.5606
west_interval_collapsed,Western-12,dft,input_shuffled,7,1722885943,False,0.9744,1,5,0.9856,-0.1473,5,0.9749,0.9714,0.0005,0.6588,0.8313,0.1949,0.5528
west_interval_collapsed,Western-12,dft,input_shuffled,7,1722885943,False,0.9744,2,3,0.9728,-2.3494,3,0.6832,0.9463,0.005,0.6737,0.8404,0.3375,0.585
west_interval_collapsed,Western-12,dft,input_shuffled,7,1722885943,False,0.9744,3,1,0.9938,1.7212,1,0.1489,0.9877,0.0005,0.6582,0.8343,0.7374,0.628
west_interval_collapsed,Western-12,dft,input_shuffled,7,1722885943,False,0.9744,4,4,0.9208,-1.941,4,0.3331,0.8478,0.006,0.6662,0.8356,0.0218,0.5888
west_interval_collapsed,Western-12,dft,input_shuffled,7,1722885943,False,0.9744,5,2,0.7182,-2.5378,2,0.5912,0.5158,0.23988,0.6567,0.8161,0.3529,0.568
west_interval_collapsed,Western-12,dft,input_shuffled,7,1722885943,False,0.9744,6,6,0.9819,3.1416,6,0.9819,0.9641,0.003,0.6764,0.8242,0.0441,0.6048
west_interval_collapsed,Western-12,dft,label_shuffled,7,1722885943,False,0.8718,0,2,0.6595,2.3998,2,0.4863,0.435,0.42779,0.6529,0.8173,0.1436,0.5511
west_interval_collapsed,Western-12,dft,label_shuffled,7,1722885943,False,0.8718,1,3,0.6564,-1.0737,3,0.313,0.4308,0.43728,0.651,0.8112,0.4041,0.5903
west_interval_collapsed,Western-12,dft,label_shuffled,7,1722885943,False,0.8718,2,4,0.6361,-1.4161,6,0.3755,0.4046,0.54623,0.6539,0.8083,0.435,0.5761
west_interval_collapsed,Western-12,dft,label_shuffled,7,1722885943,False,0.8718,3,1,0.6088,1.4182,6,0.4102,0.3706,0.6092,0.6428,0.8012,0.7101,0.5442
west_interval_collapsed,Western-12,dft,label_shuffled,7,1722885943,False,0.8718,4,1,0.6101,-0.3307,1,0.5771,0.3723,0.65917,0.6574,0.8361,0.075,0.5203
west_interval_collapsed,Western-12,dft,label_shuffled,7,1722885943,False,0.8718,5,5,0.6223,-0.5153,6,0.616,0.3872,0.55022,0.641,0.7811,0.0077,0.6042
west_interval_collapsed,Western-12,dft,label_shuffled,7,1722885943,False,0.8718,6,3,0.8013,1.8735,1,0.2909,0.6421,0.02999,0.6364,0.7765,0.1157,0.6344
west_interval_collapsed,Western-12,dft,none,7,740899937,False,0.9744,0,2,0.9762,-2.5694,2,0.8207,0.953,0.0005,0.6641,0.8331,0.3842,0.5893
west_interval_collapsed,Western-12,dft,none,7,740899937,False,0.9744,1,3,0.9796,2.4009,3,0.7229,0.9596,0.004,0.6688,0.8336,0.092,0.5895
west_interval_collapsed,Western-12,dft,none,7,740899937,False,0.9744,2,5,0.9815,2.9001,5,0.953,0.9634,0.0005,0.6545,0.8147,0.1647,0.5268
west_interval_collapsed,Western-12,dft,none,7,740899937,False,0.9744,3,2,0.9241,0.6962,2,0.7091,0.8539,0.0045,0.6663,0.8182,0.4246,0.5262
west_interval_collapsed,Western-12,dft,none,7,740899937,False,0.9744,4,6,0.9807,3.1416,6,0.9807,0.9617,0.006,0.6752,0.8392,0.1802,0.5996
west_interval_collapsed,Western-12,dft,none,7,740899937,False,0.9744,5,2,0.9975,0.4572,2,0.8951,0.995,0.0005,0.66,0.8367,0.3149,0.5155
west_interval_collapsed,Western-12,dft,none,7,740899937,False,0.9744,6,1,0.9923,1.8536,1,0.2769,0.9846,0.0005,0.6575,0.822,0.6731,0.5506
west_interval_collapsed,Western-12,dft,input_shuffled,7,740899937,False,0.9744,0,2,0.9498,0.6585,2,0.7512,0.902,0.001,0.6621,0.8372,0.4082,0.6137
west_interval_collapsed,Western-12,dft,input_shuffled,7,740899937,False,0.9744,1,3,0.9976,-0.7976,3,0.6967,0.9951,0.003,0.6815,0.8295,0.0143,0.6041
west_interval_collapsed,Western-12,dft,input_shuffled,7,740899937,False,0.9744,2,5,0.999,0.2591,5,0.9656,0.9979,0.0005,0.663,0.8369,0.1899,0.6289
west_interval_collapsed,Western-12,dft,input_shuffled,7,740899937,False,0.9744,3,2,0.9153,2.6966,2,0.8261,0.8378,0.0085,0.6701,0.8145,0.0772,0.5695
west_interval_collapsed,Western-12,dft,input_shuffled,7,740899937,False,0.9744,4,6,0.9826,3.1416,6,0.9826,0.9654,0.006,0.6766,0.8461,0.1326,0.5701
west_interval_collapsed,Western-12,dft,input_shuffled,7,740899937,False,0.9744,5,1,0.9873,-1.8316,1,0.2546,0.9748,0.0005,0.6586,0.8245,0.7373,0.5687
west_interval_collapsed,Western-12,dft,input_shuffled,7,740899937,False,0.9744,6,4,0.9211,0.5623,4,0.7793,0.8484,0.01299,0.6674,0.8488,0.0875,0.5893
west_interval_collapsed,Western-12,dft,label_shuffled,7,740899937,False,0.9103,0,2,0.5671,2.071,4,0.4472,0.3217,0.83358,0.6551,0.8293,0.4459,0.5852
west_interval_collapsed,Western-12,dft,label_shuffled,7,740899937,False,0.9103,1,4,0.7191,-0.526,4,0.6219,0.5172,0.1944,0.647,0.8021,0.0836,0.5668
west_interval_collapsed,Western-12,dft,label_shuffled,7,740899937,False,0.9103,2,1,0.7212,0.8554,6,0.4992,0.5201,0.23838,0.6568,0.824,0.6411,0.5303
west_interval_collapsed,Western-12,dft,label_shuffled,7,740899937,False,0.9103,3,6,0.6554,-0.0,6,0.6554,0.4296,0.49625,0.6654,0.8319,0.2074,0.5494
west_interval_collapsed,Western-12,dft,label_shuffled,7,740899937,False,0.9103,4,4,0.6093,-1.645,6,0.5632,0.3713,0.67416,0.6609,0.8325,0.5173,0.5793
west_interval_collapsed,Western-12,dft,label_shuffled,7,740899937,False,0.9103,5,2,0.7238,0.382,2,0.6717,0.5239,0.24188,0.662,0.8385,0.4403,0.5922
west_interval_collapsed,Western-12,dft,label_shuffled,7,740899937,False,0.9103,6,1,0.7659,0.8102,1,0.528,0.5867,0.09045,0.6469,0.7916,0.5639,0.6061
west_interval_collapsed,Western-12,dft,none,7,1053989614,False,0.9744,0,3,0.958,-0.7904,3,0.674,0.9178,0.007,0.6698,0.8398,0.0328,0.5355
west_interval_collapsed,Western-12,dft,none,7,1053989614,False,0.9744,1,6,0.9799,-0.0,6,0.9799,0.9602,0.0065,0.6736,0.8393,0.1899,0.5819
west_interval_collapsed,Western-12,dft,none,7,1053989614,False,0.9744,2,5,0.9889,-0.7847,5,0.6997,0.9779,0.0005,0.6595,0.8308,0.0622,0.6224
west_interval_collapsed,Western-12,dft,none,7,1053989614,False,0.9744,3,3,0.9674,0.788,3,0.6823,0.9359,0.006,0.6732,0.8439,0.2753,0.5667
west_interval_collapsed,Western-12,dft,none,7,1053989614,False,0.9744,4,5,0.9711,-2.3502,5,0.6825,0.943,0.0005,0.6565,0.8138,0.1384,0.6043
west_interval_collapsed,Western-12,dft,none,7,1053989614,False,0.9744,5,1,0.9909,2.3558,1,0.7004,0.9819,0.0005,0.6621,0.8391,0.431,0.5504
west_interval_collapsed,Western-12,dft,none,7,1053989614,False,0.9744,6,2,0.9527,-1.587,4,0.2578,0.9076,0.008,0.6632,0.8206,0.333,0.5785
west_interval_collapsed,Western-12,dft,input_shuffled,7,1053989614,False,0.9487,0,2,0.9724,2.2576,2,0.6166,0.9456,0.007,0.6741,0.8339,0.114,0.6075
west_interval_collapsed,Western-12,dft,input_shuffled,7,1053989614,False,0.9487,1,1,0.7923,-2.86,1,0.7611,0.6278,0.01599,0.6421,0.7463,0.5116,0.5677
west_interval_collapsed,Western-12,dft,input_shuffled,7,1053989614,False,0.9487,2,1,0.9845,1.8408,1,0.2626,0.9693,0.0005,0.6598,0.8279,0.6932,0.5513
west_interval_collapsed,Western-12,dft,input_shuffled,7,1053989614,False,0.9487,3,3,0.9937,2.0486,3,0.4569,0.9874,0.0005,0.6666,0.8373,0.1271,0.5611
west_interval_collapsed,Western-12,dft,input_shuffled,7,1053989614,False,0.9487,4,6,0.9863,-0.0,6,0.9863,0.9729,0.0065,0.6763,0.8303,0.1421,0.599
west_interval_collapsed,Western-12,dft,input_shuffled,7,1053989614,False,0.9487,5,5,0.9865,2.8774,5,0.9522,0.9731,0.0005,0.66,0.8325,0.2254,0.5697
west_interval_collapsed,Western-12,dft,input_shuffled,7,1053989614,False,0.9487,6,4,0.8578,-1.1978,2,0.452,0.7358,0.01099,0.6491,0.8027,0.0958,0.5274
west_interval_collapsed,Western-12,dft,label_shuffled,7,1053989614,False,0.859,0,1,0.542,1.2125,6,0.4367,0.2938,0.91304,0.659,0.8345,0.5889,0.5965
west_interval_collapsed,Western-12,dft,label_shuffled,7,1053989614,False,0.859,1,5,0.5549,0.9413,1,0.4168,0.308,0.85257,0.6424,0.797,0.3823,0.5591
west_interval_collapsed,Western-12,dft,label_shuffled,7,1053989614,False,0.859,2,1,0.6395,2.0114,5,0.5101,0.4089,0.43878,0.6333,0.7684,0.2995,0.5753
west_interval_collapsed,Western-12,dft,label_shuffled,7,1053989614,False,0.859,3,4,0.6851,-0.9791,3,0.4812,0.4694,0.34133,0.6559,0.8235,0.022,0.5866
west_interval_collapsed,Western-12,dft,label_shuffled,7,1053989614,False,0.859,4,5,0.616,1.8947,6,0.6061,0.3794,0.57921,0.6427,0.7898,0.132,0.5552
west_interval_collapsed,Western-12,dft,label_shuffled,7,1053989614,False,0.859,5,4,0.5383,1.1792,6,0.4655,0.2898,0.92854,0.6562,0.8251,0.0675,0.5908
west_interval_collapsed,Western-12,dft,label_shuffled,7,1053989614,False,0.859,6,2,0.5802,-1.611,4,0.5393,0.3366,0.77861,0.6567,0.824,0.4849,0.5358
west_interval_collapsed,Western-12,dft,none,7,1356307881,False,0.9744,0,5,0.987,-0.7634,5,0.7131,0.9741,0.001,0.6605,0.8421,0.0737,0.6177
west_interval_collapsed,Western-12,dft,none,7,1356307881,False,0.9744,1,4,0.7605,0.2179,4,0.7425,0.5783,0.17691,0.666,0.8391,0.0774,0.5363
west_interval_collapsed,Western-12,dft,none,7,1356307881,False,0.9744,2,1,0.9753,2.3136,1,0.6596,0.9513,0.0005,0.6554,0.8181,0.4768,0.5708
west_interval_collapsed,Western-12,dft,none,7,1356307881,False,0.9744,3,2,0.9143,-1.2025,4,0.3342,0.836,0.008,0.6608,0.8304,0.1318,0.5122
west_interval_collapsed,Western-12,dft,none,7,1356307881,False,0.9744,4,3,0.9904,-2.7013,3,0.896,0.981,0.0005,0.6675,0.8402,0.2367,0.5823
west_interval_collapsed,Western-12,dft,none,7,1356307881,False,0.9744,5,5,0.9679,0.9304,5,0.5784,0.9369,0.0005,0.6582,0.8311,0.1636,0.583
west_interval_collapsed,Western-12,dft,none,7,1356307881,False,0.9744,6,6,0.993,3.1416,6,0.993,0.9861,0.009,0.6819,0.8351,0.1419,0.5602
west_interval_collapsed,Western-12,dft,input_shuffled,7,1356307881,False,0.8718,0,1,0.9986,-1.052,1,0.4951,0.9972,0.0005,0.6596,0.8352,0.5594,0.5733
west_interval_collapsed,Western-12,dft,input_shuffled,7,1356307881,False,0.8718,1,6,0.9084,3.1416,6,0.9084,0.8251,0.02049,0.6646,0.8325,0.26,0.5443
west_interval_collapsed,Western-12,dft,input_shuffled,7,1356307881,False,0.8718,2,3,0.9864,1.7212,3,0.1478,0.973,0.0005,0.6509,0.8058,0.1916,0.564
west_interval_collapsed,Western-12,dft,input_shuffled,7,1356307881,False,0.8718,3,6,0.87,3.1416,6,0.87,0.7569,0.01349,0.6549,0.8129,0.0225,0.6011
west_interval_collapsed,Western-12,dft,input_shuffled,7,1356307881,False,0.8718,4,3,0.9551,1.5827,5,0.2142,0.9122,0.0015,0.6606,0.8251,0.0539,0.5676
west_interval_collapsed,Western-12,dft,input_shuffled,7,1356307881,False,0.8718,5,5,0.9936,-0.5311,5,0.8567,0.9873,0.0005,0.6633,0.8428,0.1225,0.5551
west_interval_collapsed,Western-12,dft,input_shuffled,7,1356307881,False,0.8718,6,1,0.9932,0.4589,1,0.8904,0.9864,0.0005,0.6601,0.8363,0.5408,0.5753
west_interval_collapsed,Western-12,dft,label_shuffled,7,1356307881,False,0.8974,0,3,0.6404,1.3107,2,0.3541,0.4101,0.51274,0.6543,0.8219,0.3969,0.5848
west_interval_collapsed,Western-12,dft,label_shuffled,7,1356307881,False,0.8974,1,2,0.725,-1.2859,1,0.5274,0.5256,0.2054,0.6507,0.8015,0.3412,0.5778
west_interval_collapsed,Western-12,dft,label_shuffled,7,1356307881,False,0.8974,2,1,0.6126,2.8791,1,0.5916,0.3752,0.64168,0.6549,0.8213,0.1015,0.5833
west_interval_collapsed,Western-12,dft,label_shuffled,7,1356307881,False,0.8974,3,3,0.5205,-0.6902,3,0.4014,0.2709,0.88606,0.5961,0.7117,0.2785,0.5657
west_interval_collapsed,Western-12,dft,label_shuffled,7,1356307881,False,0.8974,4,6,0.5253,-0.0,6,0.5253,0.2759,0.94503,0.6518,0.8074,0.6195,0.6134
west_interval_collapsed,Western-12,dft,label_shuffled,7,1356307881,False,0.8974,5,1,0.7626,0.6177,1,0.6217,0.5816,0.17841,0.6656,0.8541,0.4218,0.5894
west_interval_collapsed,Western-12,dft,label_shuffled,7,1356307881,False,0.8974,6,3,0.687,-2.6542,3,0.607,0.472,0.36932,0.6619,0.8393,0.4348,0.5029
